[2025-09-24T00:00:18.508+0000] {processor.py:161} INFO - Started process (PID=122) to work on /opt/airflow/dags/DAG_scraper.py
[2025-09-24T00:00:18.509+0000] {processor.py:830} INFO - Processing file /opt/airflow/dags/DAG_scraper.py for tasks to queue
[2025-09-24T00:00:18.512+0000] {logging_mixin.py:188} INFO - [2025-09-24T00:00:18.512+0000] {dagbag.py:545} INFO - Filling up the DagBag from /opt/airflow/dags/DAG_scraper.py
[2025-09-24T00:00:18.520+0000] {logging_mixin.py:188} INFO - [2025-09-24T00:00:18.519+0000] {dagbag.py:355} ERROR - Failed to import: /opt/airflow/dags/DAG_scraper.py
Traceback (most recent call last):
  File "/home/airflow/.local/lib/python3.10/site-packages/airflow/models/dagbag.py", line 351, in parse
    loader.exec_module(new_module)
  File "<frozen importlib._bootstrap_external>", line 883, in exec_module
  File "<frozen importlib._bootstrap>", line 241, in _call_with_frames_removed
  File "/opt/airflow/dags/DAG_scraper.py", line 10, in <module>
    from ProcessData.DataProcessor import DataProcessor
  File "/opt/airflow/dags/ProcessData/DataProcessor.py", line 6, in <module>
    from geopy.geocoders import Nominatim
ModuleNotFoundError: No module named 'geopy'
[2025-09-24T00:00:18.520+0000] {processor.py:842} WARNING - No viable dags retrieved from /opt/airflow/dags/DAG_scraper.py
[2025-09-24T00:00:18.540+0000] {processor.py:183} INFO - Processing /opt/airflow/dags/DAG_scraper.py took 0.052 seconds
[2025-09-24T00:00:48.797+0000] {processor.py:161} INFO - Started process (PID=123) to work on /opt/airflow/dags/DAG_scraper.py
[2025-09-24T00:00:48.798+0000] {processor.py:830} INFO - Processing file /opt/airflow/dags/DAG_scraper.py for tasks to queue
[2025-09-24T00:00:48.800+0000] {logging_mixin.py:188} INFO - [2025-09-24T00:00:48.800+0000] {dagbag.py:545} INFO - Filling up the DagBag from /opt/airflow/dags/DAG_scraper.py
[2025-09-24T00:00:48.810+0000] {logging_mixin.py:188} INFO - [2025-09-24T00:00:48.809+0000] {dagbag.py:355} ERROR - Failed to import: /opt/airflow/dags/DAG_scraper.py
Traceback (most recent call last):
  File "/home/airflow/.local/lib/python3.10/site-packages/airflow/models/dagbag.py", line 351, in parse
    loader.exec_module(new_module)
  File "<frozen importlib._bootstrap_external>", line 883, in exec_module
  File "<frozen importlib._bootstrap>", line 241, in _call_with_frames_removed
  File "/opt/airflow/dags/DAG_scraper.py", line 10, in <module>
    from ProcessData.DataProcessor import DataProcessor
  File "/opt/airflow/dags/ProcessData/DataProcessor.py", line 6, in <module>
    from geopy.geocoders import Nominatim
ModuleNotFoundError: No module named 'geopy'
[2025-09-24T00:00:48.810+0000] {processor.py:842} WARNING - No viable dags retrieved from /opt/airflow/dags/DAG_scraper.py
[2025-09-24T00:00:48.830+0000] {processor.py:183} INFO - Processing /opt/airflow/dags/DAG_scraper.py took 0.040 seconds
[2025-09-24T00:01:19.117+0000] {processor.py:161} INFO - Started process (PID=124) to work on /opt/airflow/dags/DAG_scraper.py
[2025-09-24T00:01:19.118+0000] {processor.py:830} INFO - Processing file /opt/airflow/dags/DAG_scraper.py for tasks to queue
[2025-09-24T00:01:19.120+0000] {logging_mixin.py:188} INFO - [2025-09-24T00:01:19.120+0000] {dagbag.py:545} INFO - Filling up the DagBag from /opt/airflow/dags/DAG_scraper.py
[2025-09-24T00:01:19.128+0000] {logging_mixin.py:188} INFO - [2025-09-24T00:01:19.127+0000] {dagbag.py:355} ERROR - Failed to import: /opt/airflow/dags/DAG_scraper.py
Traceback (most recent call last):
  File "/home/airflow/.local/lib/python3.10/site-packages/airflow/models/dagbag.py", line 351, in parse
    loader.exec_module(new_module)
  File "<frozen importlib._bootstrap_external>", line 883, in exec_module
  File "<frozen importlib._bootstrap>", line 241, in _call_with_frames_removed
  File "/opt/airflow/dags/DAG_scraper.py", line 10, in <module>
    from ProcessData.DataProcessor import DataProcessor
  File "/opt/airflow/dags/ProcessData/DataProcessor.py", line 6, in <module>
    from geopy.geocoders import Nominatim
ModuleNotFoundError: No module named 'geopy'
[2025-09-24T00:01:19.128+0000] {processor.py:842} WARNING - No viable dags retrieved from /opt/airflow/dags/DAG_scraper.py
[2025-09-24T00:01:19.146+0000] {processor.py:183} INFO - Processing /opt/airflow/dags/DAG_scraper.py took 0.040 seconds
[2025-09-24T00:01:49.477+0000] {processor.py:161} INFO - Started process (PID=125) to work on /opt/airflow/dags/DAG_scraper.py
[2025-09-24T00:01:49.479+0000] {processor.py:830} INFO - Processing file /opt/airflow/dags/DAG_scraper.py for tasks to queue
[2025-09-24T00:01:49.481+0000] {logging_mixin.py:188} INFO - [2025-09-24T00:01:49.481+0000] {dagbag.py:545} INFO - Filling up the DagBag from /opt/airflow/dags/DAG_scraper.py
[2025-09-24T00:01:49.488+0000] {logging_mixin.py:188} INFO - [2025-09-24T00:01:49.487+0000] {dagbag.py:355} ERROR - Failed to import: /opt/airflow/dags/DAG_scraper.py
Traceback (most recent call last):
  File "/home/airflow/.local/lib/python3.10/site-packages/airflow/models/dagbag.py", line 351, in parse
    loader.exec_module(new_module)
  File "<frozen importlib._bootstrap_external>", line 883, in exec_module
  File "<frozen importlib._bootstrap>", line 241, in _call_with_frames_removed
  File "/opt/airflow/dags/DAG_scraper.py", line 10, in <module>
    from ProcessData.DataProcessor import DataProcessor
  File "/opt/airflow/dags/ProcessData/DataProcessor.py", line 6, in <module>
    from geopy.geocoders import Nominatim
ModuleNotFoundError: No module named 'geopy'
[2025-09-24T00:01:49.488+0000] {processor.py:842} WARNING - No viable dags retrieved from /opt/airflow/dags/DAG_scraper.py
[2025-09-24T00:01:49.506+0000] {processor.py:183} INFO - Processing /opt/airflow/dags/DAG_scraper.py took 0.050 seconds
[2025-09-24T00:02:19.801+0000] {processor.py:161} INFO - Started process (PID=126) to work on /opt/airflow/dags/DAG_scraper.py
[2025-09-24T00:02:19.802+0000] {processor.py:830} INFO - Processing file /opt/airflow/dags/DAG_scraper.py for tasks to queue
[2025-09-24T00:02:19.804+0000] {logging_mixin.py:188} INFO - [2025-09-24T00:02:19.804+0000] {dagbag.py:545} INFO - Filling up the DagBag from /opt/airflow/dags/DAG_scraper.py
[2025-09-24T00:02:19.811+0000] {logging_mixin.py:188} INFO - [2025-09-24T00:02:19.810+0000] {dagbag.py:355} ERROR - Failed to import: /opt/airflow/dags/DAG_scraper.py
Traceback (most recent call last):
  File "/home/airflow/.local/lib/python3.10/site-packages/airflow/models/dagbag.py", line 351, in parse
    loader.exec_module(new_module)
  File "<frozen importlib._bootstrap_external>", line 883, in exec_module
  File "<frozen importlib._bootstrap>", line 241, in _call_with_frames_removed
  File "/opt/airflow/dags/DAG_scraper.py", line 10, in <module>
    from ProcessData.DataProcessor import DataProcessor
  File "/opt/airflow/dags/ProcessData/DataProcessor.py", line 6, in <module>
    from geopy.geocoders import Nominatim
ModuleNotFoundError: No module named 'geopy'
[2025-09-24T00:02:19.812+0000] {processor.py:842} WARNING - No viable dags retrieved from /opt/airflow/dags/DAG_scraper.py
[2025-09-24T00:02:19.832+0000] {processor.py:183} INFO - Processing /opt/airflow/dags/DAG_scraper.py took 0.042 seconds
[2025-09-24T00:02:50.170+0000] {processor.py:161} INFO - Started process (PID=127) to work on /opt/airflow/dags/DAG_scraper.py
[2025-09-24T00:02:50.170+0000] {processor.py:830} INFO - Processing file /opt/airflow/dags/DAG_scraper.py for tasks to queue
[2025-09-24T00:02:50.173+0000] {logging_mixin.py:188} INFO - [2025-09-24T00:02:50.172+0000] {dagbag.py:545} INFO - Filling up the DagBag from /opt/airflow/dags/DAG_scraper.py
[2025-09-24T00:02:50.179+0000] {logging_mixin.py:188} INFO - [2025-09-24T00:02:50.178+0000] {dagbag.py:355} ERROR - Failed to import: /opt/airflow/dags/DAG_scraper.py
Traceback (most recent call last):
  File "/home/airflow/.local/lib/python3.10/site-packages/airflow/models/dagbag.py", line 351, in parse
    loader.exec_module(new_module)
  File "<frozen importlib._bootstrap_external>", line 883, in exec_module
  File "<frozen importlib._bootstrap>", line 241, in _call_with_frames_removed
  File "/opt/airflow/dags/DAG_scraper.py", line 10, in <module>
    from ProcessData.DataProcessor import DataProcessor
  File "/opt/airflow/dags/ProcessData/DataProcessor.py", line 6, in <module>
    from geopy.geocoders import Nominatim
ModuleNotFoundError: No module named 'geopy'
[2025-09-24T00:02:50.179+0000] {processor.py:842} WARNING - No viable dags retrieved from /opt/airflow/dags/DAG_scraper.py
[2025-09-24T00:02:50.201+0000] {processor.py:183} INFO - Processing /opt/airflow/dags/DAG_scraper.py took 0.040 seconds
[2025-09-24T00:03:20.481+0000] {processor.py:161} INFO - Started process (PID=128) to work on /opt/airflow/dags/DAG_scraper.py
[2025-09-24T00:03:20.481+0000] {processor.py:830} INFO - Processing file /opt/airflow/dags/DAG_scraper.py for tasks to queue
[2025-09-24T00:03:20.483+0000] {logging_mixin.py:188} INFO - [2025-09-24T00:03:20.483+0000] {dagbag.py:545} INFO - Filling up the DagBag from /opt/airflow/dags/DAG_scraper.py
[2025-09-24T00:03:20.492+0000] {logging_mixin.py:188} INFO - [2025-09-24T00:03:20.491+0000] {dagbag.py:355} ERROR - Failed to import: /opt/airflow/dags/DAG_scraper.py
Traceback (most recent call last):
  File "/home/airflow/.local/lib/python3.10/site-packages/airflow/models/dagbag.py", line 351, in parse
    loader.exec_module(new_module)
  File "<frozen importlib._bootstrap_external>", line 883, in exec_module
  File "<frozen importlib._bootstrap>", line 241, in _call_with_frames_removed
  File "/opt/airflow/dags/DAG_scraper.py", line 10, in <module>
    from ProcessData.DataProcessor import DataProcessor
  File "/opt/airflow/dags/ProcessData/DataProcessor.py", line 6, in <module>
    from geopy.geocoders import Nominatim
ModuleNotFoundError: No module named 'geopy'
[2025-09-24T00:03:20.493+0000] {processor.py:842} WARNING - No viable dags retrieved from /opt/airflow/dags/DAG_scraper.py
[2025-09-24T00:03:20.510+0000] {processor.py:183} INFO - Processing /opt/airflow/dags/DAG_scraper.py took 0.036 seconds
[2025-09-24T00:03:50.860+0000] {processor.py:161} INFO - Started process (PID=129) to work on /opt/airflow/dags/DAG_scraper.py
[2025-09-24T00:03:50.861+0000] {processor.py:830} INFO - Processing file /opt/airflow/dags/DAG_scraper.py for tasks to queue
[2025-09-24T00:03:50.863+0000] {logging_mixin.py:188} INFO - [2025-09-24T00:03:50.862+0000] {dagbag.py:545} INFO - Filling up the DagBag from /opt/airflow/dags/DAG_scraper.py
[2025-09-24T00:03:50.868+0000] {logging_mixin.py:188} INFO - [2025-09-24T00:03:50.868+0000] {dagbag.py:355} ERROR - Failed to import: /opt/airflow/dags/DAG_scraper.py
Traceback (most recent call last):
  File "/home/airflow/.local/lib/python3.10/site-packages/airflow/models/dagbag.py", line 351, in parse
    loader.exec_module(new_module)
  File "<frozen importlib._bootstrap_external>", line 883, in exec_module
  File "<frozen importlib._bootstrap>", line 241, in _call_with_frames_removed
  File "/opt/airflow/dags/DAG_scraper.py", line 10, in <module>
    from ProcessData.DataProcessor import DataProcessor
  File "/opt/airflow/dags/ProcessData/DataProcessor.py", line 6, in <module>
    from geopy.geocoders import Nominatim
ModuleNotFoundError: No module named 'geopy'
[2025-09-24T00:03:50.869+0000] {processor.py:842} WARNING - No viable dags retrieved from /opt/airflow/dags/DAG_scraper.py
[2025-09-24T00:03:50.887+0000] {processor.py:183} INFO - Processing /opt/airflow/dags/DAG_scraper.py took 0.034 seconds
[2025-09-24T00:04:21.204+0000] {processor.py:161} INFO - Started process (PID=130) to work on /opt/airflow/dags/DAG_scraper.py
[2025-09-24T00:04:21.205+0000] {processor.py:830} INFO - Processing file /opt/airflow/dags/DAG_scraper.py for tasks to queue
[2025-09-24T00:04:21.207+0000] {logging_mixin.py:188} INFO - [2025-09-24T00:04:21.207+0000] {dagbag.py:545} INFO - Filling up the DagBag from /opt/airflow/dags/DAG_scraper.py
[2025-09-24T00:04:21.215+0000] {logging_mixin.py:188} INFO - [2025-09-24T00:04:21.214+0000] {dagbag.py:355} ERROR - Failed to import: /opt/airflow/dags/DAG_scraper.py
Traceback (most recent call last):
  File "/home/airflow/.local/lib/python3.10/site-packages/airflow/models/dagbag.py", line 351, in parse
    loader.exec_module(new_module)
  File "<frozen importlib._bootstrap_external>", line 883, in exec_module
  File "<frozen importlib._bootstrap>", line 241, in _call_with_frames_removed
  File "/opt/airflow/dags/DAG_scraper.py", line 10, in <module>
    from ProcessData.DataProcessor import DataProcessor
  File "/opt/airflow/dags/ProcessData/DataProcessor.py", line 6, in <module>
    from geopy.geocoders import Nominatim
ModuleNotFoundError: No module named 'geopy'
[2025-09-24T00:04:21.216+0000] {processor.py:842} WARNING - No viable dags retrieved from /opt/airflow/dags/DAG_scraper.py
[2025-09-24T00:04:21.245+0000] {processor.py:183} INFO - Processing /opt/airflow/dags/DAG_scraper.py took 0.049 seconds
[2025-09-24T00:04:51.535+0000] {processor.py:161} INFO - Started process (PID=131) to work on /opt/airflow/dags/DAG_scraper.py
[2025-09-24T00:04:51.536+0000] {processor.py:830} INFO - Processing file /opt/airflow/dags/DAG_scraper.py for tasks to queue
[2025-09-24T00:04:51.553+0000] {logging_mixin.py:188} INFO - [2025-09-24T00:04:51.553+0000] {dagbag.py:545} INFO - Filling up the DagBag from /opt/airflow/dags/DAG_scraper.py
[2025-09-24T00:04:51.560+0000] {logging_mixin.py:188} INFO - [2025-09-24T00:04:51.559+0000] {dagbag.py:355} ERROR - Failed to import: /opt/airflow/dags/DAG_scraper.py
Traceback (most recent call last):
  File "/home/airflow/.local/lib/python3.10/site-packages/airflow/models/dagbag.py", line 351, in parse
    loader.exec_module(new_module)
  File "<frozen importlib._bootstrap_external>", line 883, in exec_module
  File "<frozen importlib._bootstrap>", line 241, in _call_with_frames_removed
  File "/opt/airflow/dags/DAG_scraper.py", line 10, in <module>
    from ProcessData.DataProcessor import DataProcessor
  File "/opt/airflow/dags/ProcessData/DataProcessor.py", line 6, in <module>
    from geopy.geocoders import Nominatim
ModuleNotFoundError: No module named 'geopy'
[2025-09-24T00:04:51.560+0000] {processor.py:842} WARNING - No viable dags retrieved from /opt/airflow/dags/DAG_scraper.py
[2025-09-24T00:04:51.579+0000] {processor.py:183} INFO - Processing /opt/airflow/dags/DAG_scraper.py took 0.052 seconds
[2025-09-24T00:05:21.852+0000] {processor.py:161} INFO - Started process (PID=132) to work on /opt/airflow/dags/DAG_scraper.py
[2025-09-24T00:05:21.853+0000] {processor.py:830} INFO - Processing file /opt/airflow/dags/DAG_scraper.py for tasks to queue
[2025-09-24T00:05:21.855+0000] {logging_mixin.py:188} INFO - [2025-09-24T00:05:21.855+0000] {dagbag.py:545} INFO - Filling up the DagBag from /opt/airflow/dags/DAG_scraper.py
[2025-09-24T00:05:21.862+0000] {logging_mixin.py:188} INFO - [2025-09-24T00:05:21.861+0000] {dagbag.py:355} ERROR - Failed to import: /opt/airflow/dags/DAG_scraper.py
Traceback (most recent call last):
  File "/home/airflow/.local/lib/python3.10/site-packages/airflow/models/dagbag.py", line 351, in parse
    loader.exec_module(new_module)
  File "<frozen importlib._bootstrap_external>", line 883, in exec_module
  File "<frozen importlib._bootstrap>", line 241, in _call_with_frames_removed
  File "/opt/airflow/dags/DAG_scraper.py", line 10, in <module>
    from ProcessData.DataProcessor import DataProcessor
  File "/opt/airflow/dags/ProcessData/DataProcessor.py", line 6, in <module>
    from geopy.geocoders import Nominatim
ModuleNotFoundError: No module named 'geopy'
[2025-09-24T00:05:21.862+0000] {processor.py:842} WARNING - No viable dags retrieved from /opt/airflow/dags/DAG_scraper.py
[2025-09-24T00:05:21.882+0000] {processor.py:183} INFO - Processing /opt/airflow/dags/DAG_scraper.py took 0.038 seconds
[2025-09-24T00:05:52.216+0000] {processor.py:161} INFO - Started process (PID=133) to work on /opt/airflow/dags/DAG_scraper.py
[2025-09-24T00:05:52.218+0000] {processor.py:830} INFO - Processing file /opt/airflow/dags/DAG_scraper.py for tasks to queue
[2025-09-24T00:05:52.222+0000] {logging_mixin.py:188} INFO - [2025-09-24T00:05:52.222+0000] {dagbag.py:545} INFO - Filling up the DagBag from /opt/airflow/dags/DAG_scraper.py
[2025-09-24T00:05:52.230+0000] {logging_mixin.py:188} INFO - [2025-09-24T00:05:52.229+0000] {dagbag.py:355} ERROR - Failed to import: /opt/airflow/dags/DAG_scraper.py
Traceback (most recent call last):
  File "/home/airflow/.local/lib/python3.10/site-packages/airflow/models/dagbag.py", line 351, in parse
    loader.exec_module(new_module)
  File "<frozen importlib._bootstrap_external>", line 883, in exec_module
  File "<frozen importlib._bootstrap>", line 241, in _call_with_frames_removed
  File "/opt/airflow/dags/DAG_scraper.py", line 10, in <module>
    from ProcessData.DataProcessor import DataProcessor
  File "/opt/airflow/dags/ProcessData/DataProcessor.py", line 6, in <module>
    from geopy.geocoders import Nominatim
ModuleNotFoundError: No module named 'geopy'
[2025-09-24T00:05:52.230+0000] {processor.py:842} WARNING - No viable dags retrieved from /opt/airflow/dags/DAG_scraper.py
[2025-09-24T00:05:52.250+0000] {processor.py:183} INFO - Processing /opt/airflow/dags/DAG_scraper.py took 0.045 seconds
[2025-09-24T00:06:22.548+0000] {processor.py:161} INFO - Started process (PID=134) to work on /opt/airflow/dags/DAG_scraper.py
[2025-09-24T00:06:22.549+0000] {processor.py:830} INFO - Processing file /opt/airflow/dags/DAG_scraper.py for tasks to queue
[2025-09-24T00:06:22.558+0000] {logging_mixin.py:188} INFO - [2025-09-24T00:06:22.557+0000] {dagbag.py:545} INFO - Filling up the DagBag from /opt/airflow/dags/DAG_scraper.py
[2025-09-24T00:06:22.564+0000] {logging_mixin.py:188} INFO - [2025-09-24T00:06:22.563+0000] {dagbag.py:355} ERROR - Failed to import: /opt/airflow/dags/DAG_scraper.py
Traceback (most recent call last):
  File "/home/airflow/.local/lib/python3.10/site-packages/airflow/models/dagbag.py", line 351, in parse
    loader.exec_module(new_module)
  File "<frozen importlib._bootstrap_external>", line 883, in exec_module
  File "<frozen importlib._bootstrap>", line 241, in _call_with_frames_removed
  File "/opt/airflow/dags/DAG_scraper.py", line 10, in <module>
    from ProcessData.DataProcessor import DataProcessor
  File "/opt/airflow/dags/ProcessData/DataProcessor.py", line 6, in <module>
    from geopy.geocoders import Nominatim
ModuleNotFoundError: No module named 'geopy'
[2025-09-24T00:06:22.564+0000] {processor.py:842} WARNING - No viable dags retrieved from /opt/airflow/dags/DAG_scraper.py
[2025-09-24T00:06:22.587+0000] {processor.py:183} INFO - Processing /opt/airflow/dags/DAG_scraper.py took 0.055 seconds
[2025-09-24T00:06:52.860+0000] {processor.py:161} INFO - Started process (PID=135) to work on /opt/airflow/dags/DAG_scraper.py
[2025-09-24T00:06:52.861+0000] {processor.py:830} INFO - Processing file /opt/airflow/dags/DAG_scraper.py for tasks to queue
[2025-09-24T00:06:52.863+0000] {logging_mixin.py:188} INFO - [2025-09-24T00:06:52.863+0000] {dagbag.py:545} INFO - Filling up the DagBag from /opt/airflow/dags/DAG_scraper.py
[2025-09-24T00:06:52.871+0000] {logging_mixin.py:188} INFO - [2025-09-24T00:06:52.870+0000] {dagbag.py:355} ERROR - Failed to import: /opt/airflow/dags/DAG_scraper.py
Traceback (most recent call last):
  File "/home/airflow/.local/lib/python3.10/site-packages/airflow/models/dagbag.py", line 351, in parse
    loader.exec_module(new_module)
  File "<frozen importlib._bootstrap_external>", line 883, in exec_module
  File "<frozen importlib._bootstrap>", line 241, in _call_with_frames_removed
  File "/opt/airflow/dags/DAG_scraper.py", line 10, in <module>
    from ProcessData.DataProcessor import DataProcessor
  File "/opt/airflow/dags/ProcessData/DataProcessor.py", line 6, in <module>
    from geopy.geocoders import Nominatim
ModuleNotFoundError: No module named 'geopy'
[2025-09-24T00:06:52.871+0000] {processor.py:842} WARNING - No viable dags retrieved from /opt/airflow/dags/DAG_scraper.py
[2025-09-24T00:06:52.892+0000] {processor.py:183} INFO - Processing /opt/airflow/dags/DAG_scraper.py took 0.052 seconds
[2025-09-24T00:07:23.149+0000] {processor.py:161} INFO - Started process (PID=136) to work on /opt/airflow/dags/DAG_scraper.py
[2025-09-24T00:07:23.149+0000] {processor.py:830} INFO - Processing file /opt/airflow/dags/DAG_scraper.py for tasks to queue
[2025-09-24T00:07:23.152+0000] {logging_mixin.py:188} INFO - [2025-09-24T00:07:23.152+0000] {dagbag.py:545} INFO - Filling up the DagBag from /opt/airflow/dags/DAG_scraper.py
[2025-09-24T00:07:23.160+0000] {logging_mixin.py:188} INFO - [2025-09-24T00:07:23.159+0000] {dagbag.py:355} ERROR - Failed to import: /opt/airflow/dags/DAG_scraper.py
Traceback (most recent call last):
  File "/home/airflow/.local/lib/python3.10/site-packages/airflow/models/dagbag.py", line 351, in parse
    loader.exec_module(new_module)
  File "<frozen importlib._bootstrap_external>", line 883, in exec_module
  File "<frozen importlib._bootstrap>", line 241, in _call_with_frames_removed
  File "/opt/airflow/dags/DAG_scraper.py", line 10, in <module>
    from ProcessData.DataProcessor import DataProcessor
  File "/opt/airflow/dags/ProcessData/DataProcessor.py", line 6, in <module>
    from geopy.geocoders import Nominatim
ModuleNotFoundError: No module named 'geopy'
[2025-09-24T00:07:23.160+0000] {processor.py:842} WARNING - No viable dags retrieved from /opt/airflow/dags/DAG_scraper.py
[2025-09-24T00:07:23.181+0000] {processor.py:183} INFO - Processing /opt/airflow/dags/DAG_scraper.py took 0.054 seconds
[2025-09-24T00:07:53.445+0000] {processor.py:161} INFO - Started process (PID=137) to work on /opt/airflow/dags/DAG_scraper.py
[2025-09-24T00:07:53.446+0000] {processor.py:830} INFO - Processing file /opt/airflow/dags/DAG_scraper.py for tasks to queue
[2025-09-24T00:07:53.448+0000] {logging_mixin.py:188} INFO - [2025-09-24T00:07:53.448+0000] {dagbag.py:545} INFO - Filling up the DagBag from /opt/airflow/dags/DAG_scraper.py
[2025-09-24T00:07:53.453+0000] {logging_mixin.py:188} INFO - [2025-09-24T00:07:53.453+0000] {dagbag.py:355} ERROR - Failed to import: /opt/airflow/dags/DAG_scraper.py
Traceback (most recent call last):
  File "/home/airflow/.local/lib/python3.10/site-packages/airflow/models/dagbag.py", line 351, in parse
    loader.exec_module(new_module)
  File "<frozen importlib._bootstrap_external>", line 883, in exec_module
  File "<frozen importlib._bootstrap>", line 241, in _call_with_frames_removed
  File "/opt/airflow/dags/DAG_scraper.py", line 10, in <module>
    from ProcessData.DataProcessor import DataProcessor
  File "/opt/airflow/dags/ProcessData/DataProcessor.py", line 6, in <module>
    from geopy.geocoders import Nominatim
ModuleNotFoundError: No module named 'geopy'
[2025-09-24T00:07:53.454+0000] {processor.py:842} WARNING - No viable dags retrieved from /opt/airflow/dags/DAG_scraper.py
[2025-09-24T00:07:53.471+0000] {processor.py:183} INFO - Processing /opt/airflow/dags/DAG_scraper.py took 0.038 seconds
[2025-09-24T00:08:41.479+0000] {processor.py:161} INFO - Started process (PID=29) to work on /opt/airflow/dags/DAG_scraper.py
[2025-09-24T00:08:41.481+0000] {processor.py:830} INFO - Processing file /opt/airflow/dags/DAG_scraper.py for tasks to queue
[2025-09-24T00:08:41.483+0000] {logging_mixin.py:188} INFO - [2025-09-24T00:08:41.483+0000] {dagbag.py:545} INFO - Filling up the DagBag from /opt/airflow/dags/DAG_scraper.py
[2025-09-24T00:08:41.487+0000] {logging_mixin.py:188} INFO - [2025-09-24T00:08:41.486+0000] {dagbag.py:355} ERROR - Failed to import: /opt/airflow/dags/DAG_scraper.py
Traceback (most recent call last):
  File "/home/airflow/.local/lib/python3.10/site-packages/airflow/models/dagbag.py", line 351, in parse
    loader.exec_module(new_module)
  File "<frozen importlib._bootstrap_external>", line 883, in exec_module
  File "<frozen importlib._bootstrap>", line 241, in _call_with_frames_removed
  File "/opt/airflow/dags/DAG_scraper.py", line 10, in <module>
    from ProcessData.DataProcessor import DataProcessor
  File "/opt/airflow/dags/ProcessData/DataProcessor.py", line 6, in <module>
    from geopy.geocoders import Nominatim
ModuleNotFoundError: No module named 'geopy'
[2025-09-24T00:08:41.487+0000] {processor.py:842} WARNING - No viable dags retrieved from /opt/airflow/dags/DAG_scraper.py
[2025-09-24T00:08:41.497+0000] {processor.py:183} INFO - Processing /opt/airflow/dags/DAG_scraper.py took 0.022 seconds
[2025-09-24T00:09:11.791+0000] {processor.py:161} INFO - Started process (PID=30) to work on /opt/airflow/dags/DAG_scraper.py
[2025-09-24T00:09:11.792+0000] {processor.py:830} INFO - Processing file /opt/airflow/dags/DAG_scraper.py for tasks to queue
[2025-09-24T00:09:11.796+0000] {logging_mixin.py:188} INFO - [2025-09-24T00:09:11.796+0000] {dagbag.py:545} INFO - Filling up the DagBag from /opt/airflow/dags/DAG_scraper.py
[2025-09-24T00:09:11.805+0000] {logging_mixin.py:188} INFO - [2025-09-24T00:09:11.803+0000] {dagbag.py:355} ERROR - Failed to import: /opt/airflow/dags/DAG_scraper.py
Traceback (most recent call last):
  File "/home/airflow/.local/lib/python3.10/site-packages/airflow/models/dagbag.py", line 351, in parse
    loader.exec_module(new_module)
  File "<frozen importlib._bootstrap_external>", line 883, in exec_module
  File "<frozen importlib._bootstrap>", line 241, in _call_with_frames_removed
  File "/opt/airflow/dags/DAG_scraper.py", line 10, in <module>
    from ProcessData.DataProcessor import DataProcessor
  File "/opt/airflow/dags/ProcessData/DataProcessor.py", line 6, in <module>
    from geopy.geocoders import Nominatim
ModuleNotFoundError: No module named 'geopy'
[2025-09-24T00:09:11.805+0000] {processor.py:842} WARNING - No viable dags retrieved from /opt/airflow/dags/DAG_scraper.py
[2025-09-24T00:09:11.843+0000] {processor.py:183} INFO - Processing /opt/airflow/dags/DAG_scraper.py took 0.065 seconds
[2025-09-24T00:09:42.150+0000] {processor.py:161} INFO - Started process (PID=31) to work on /opt/airflow/dags/DAG_scraper.py
[2025-09-24T00:09:42.151+0000] {processor.py:830} INFO - Processing file /opt/airflow/dags/DAG_scraper.py for tasks to queue
[2025-09-24T00:09:42.154+0000] {logging_mixin.py:188} INFO - [2025-09-24T00:09:42.153+0000] {dagbag.py:545} INFO - Filling up the DagBag from /opt/airflow/dags/DAG_scraper.py
[2025-09-24T00:09:42.161+0000] {logging_mixin.py:188} INFO - [2025-09-24T00:09:42.160+0000] {dagbag.py:355} ERROR - Failed to import: /opt/airflow/dags/DAG_scraper.py
Traceback (most recent call last):
  File "/home/airflow/.local/lib/python3.10/site-packages/airflow/models/dagbag.py", line 351, in parse
    loader.exec_module(new_module)
  File "<frozen importlib._bootstrap_external>", line 883, in exec_module
  File "<frozen importlib._bootstrap>", line 241, in _call_with_frames_removed
  File "/opt/airflow/dags/DAG_scraper.py", line 10, in <module>
    from ProcessData.DataProcessor import DataProcessor
  File "/opt/airflow/dags/ProcessData/DataProcessor.py", line 6, in <module>
    from geopy.geocoders import Nominatim
ModuleNotFoundError: No module named 'geopy'
[2025-09-24T00:09:42.162+0000] {processor.py:842} WARNING - No viable dags retrieved from /opt/airflow/dags/DAG_scraper.py
[2025-09-24T00:09:42.183+0000] {processor.py:183} INFO - Processing /opt/airflow/dags/DAG_scraper.py took 0.061 seconds
[2025-09-24T00:10:12.502+0000] {processor.py:161} INFO - Started process (PID=32) to work on /opt/airflow/dags/DAG_scraper.py
[2025-09-24T00:10:12.503+0000] {processor.py:830} INFO - Processing file /opt/airflow/dags/DAG_scraper.py for tasks to queue
[2025-09-24T00:10:12.505+0000] {logging_mixin.py:188} INFO - [2025-09-24T00:10:12.505+0000] {dagbag.py:545} INFO - Filling up the DagBag from /opt/airflow/dags/DAG_scraper.py
[2025-09-24T00:10:12.512+0000] {logging_mixin.py:188} INFO - [2025-09-24T00:10:12.511+0000] {dagbag.py:355} ERROR - Failed to import: /opt/airflow/dags/DAG_scraper.py
Traceback (most recent call last):
  File "/home/airflow/.local/lib/python3.10/site-packages/airflow/models/dagbag.py", line 351, in parse
    loader.exec_module(new_module)
  File "<frozen importlib._bootstrap_external>", line 883, in exec_module
  File "<frozen importlib._bootstrap>", line 241, in _call_with_frames_removed
  File "/opt/airflow/dags/DAG_scraper.py", line 10, in <module>
    from ProcessData.DataProcessor import DataProcessor
  File "/opt/airflow/dags/ProcessData/DataProcessor.py", line 6, in <module>
    from geopy.geocoders import Nominatim
ModuleNotFoundError: No module named 'geopy'
[2025-09-24T00:10:12.512+0000] {processor.py:842} WARNING - No viable dags retrieved from /opt/airflow/dags/DAG_scraper.py
[2025-09-24T00:10:12.532+0000] {processor.py:183} INFO - Processing /opt/airflow/dags/DAG_scraper.py took 0.045 seconds
[2025-09-24T00:10:42.825+0000] {processor.py:161} INFO - Started process (PID=33) to work on /opt/airflow/dags/DAG_scraper.py
[2025-09-24T00:10:42.826+0000] {processor.py:830} INFO - Processing file /opt/airflow/dags/DAG_scraper.py for tasks to queue
[2025-09-24T00:10:42.828+0000] {logging_mixin.py:188} INFO - [2025-09-24T00:10:42.827+0000] {dagbag.py:545} INFO - Filling up the DagBag from /opt/airflow/dags/DAG_scraper.py
[2025-09-24T00:10:42.832+0000] {logging_mixin.py:188} INFO - [2025-09-24T00:10:42.831+0000] {dagbag.py:355} ERROR - Failed to import: /opt/airflow/dags/DAG_scraper.py
Traceback (most recent call last):
  File "/home/airflow/.local/lib/python3.10/site-packages/airflow/models/dagbag.py", line 351, in parse
    loader.exec_module(new_module)
  File "<frozen importlib._bootstrap_external>", line 883, in exec_module
  File "<frozen importlib._bootstrap>", line 241, in _call_with_frames_removed
  File "/opt/airflow/dags/DAG_scraper.py", line 10, in <module>
    from ProcessData.DataProcessor import DataProcessor
  File "/opt/airflow/dags/ProcessData/DataProcessor.py", line 6, in <module>
    from geopy.geocoders import Nominatim
ModuleNotFoundError: No module named 'geopy'
[2025-09-24T00:10:42.832+0000] {processor.py:842} WARNING - No viable dags retrieved from /opt/airflow/dags/DAG_scraper.py
[2025-09-24T00:10:42.854+0000] {processor.py:183} INFO - Processing /opt/airflow/dags/DAG_scraper.py took 0.049 seconds
[2025-09-24T00:11:13.182+0000] {processor.py:161} INFO - Started process (PID=34) to work on /opt/airflow/dags/DAG_scraper.py
[2025-09-24T00:11:13.183+0000] {processor.py:830} INFO - Processing file /opt/airflow/dags/DAG_scraper.py for tasks to queue
[2025-09-24T00:11:13.185+0000] {logging_mixin.py:188} INFO - [2025-09-24T00:11:13.185+0000] {dagbag.py:545} INFO - Filling up the DagBag from /opt/airflow/dags/DAG_scraper.py
[2025-09-24T00:11:13.191+0000] {logging_mixin.py:188} INFO - [2025-09-24T00:11:13.190+0000] {dagbag.py:355} ERROR - Failed to import: /opt/airflow/dags/DAG_scraper.py
Traceback (most recent call last):
  File "/home/airflow/.local/lib/python3.10/site-packages/airflow/models/dagbag.py", line 351, in parse
    loader.exec_module(new_module)
  File "<frozen importlib._bootstrap_external>", line 883, in exec_module
  File "<frozen importlib._bootstrap>", line 241, in _call_with_frames_removed
  File "/opt/airflow/dags/DAG_scraper.py", line 10, in <module>
    from ProcessData.DataProcessor import DataProcessor
  File "/opt/airflow/dags/ProcessData/DataProcessor.py", line 6, in <module>
    from geopy.geocoders import Nominatim
ModuleNotFoundError: No module named 'geopy'
[2025-09-24T00:11:13.191+0000] {processor.py:842} WARNING - No viable dags retrieved from /opt/airflow/dags/DAG_scraper.py
[2025-09-24T00:11:13.212+0000] {processor.py:183} INFO - Processing /opt/airflow/dags/DAG_scraper.py took 0.043 seconds
[2025-09-24T00:11:43.473+0000] {processor.py:161} INFO - Started process (PID=35) to work on /opt/airflow/dags/DAG_scraper.py
[2025-09-24T00:11:43.474+0000] {processor.py:830} INFO - Processing file /opt/airflow/dags/DAG_scraper.py for tasks to queue
[2025-09-24T00:11:43.477+0000] {logging_mixin.py:188} INFO - [2025-09-24T00:11:43.476+0000] {dagbag.py:545} INFO - Filling up the DagBag from /opt/airflow/dags/DAG_scraper.py
[2025-09-24T00:11:43.494+0000] {logging_mixin.py:188} INFO - [2025-09-24T00:11:43.492+0000] {dagbag.py:355} ERROR - Failed to import: /opt/airflow/dags/DAG_scraper.py
Traceback (most recent call last):
  File "/home/airflow/.local/lib/python3.10/site-packages/airflow/models/dagbag.py", line 351, in parse
    loader.exec_module(new_module)
  File "<frozen importlib._bootstrap_external>", line 883, in exec_module
  File "<frozen importlib._bootstrap>", line 241, in _call_with_frames_removed
  File "/opt/airflow/dags/DAG_scraper.py", line 10, in <module>
    from ProcessData.DataProcessor import DataProcessor
  File "/opt/airflow/dags/ProcessData/DataProcessor.py", line 6, in <module>
    from geopy.geocoders import Nominatim
ModuleNotFoundError: No module named 'geopy'
[2025-09-24T00:11:43.494+0000] {processor.py:842} WARNING - No viable dags retrieved from /opt/airflow/dags/DAG_scraper.py
[2025-09-24T00:11:43.520+0000] {processor.py:183} INFO - Processing /opt/airflow/dags/DAG_scraper.py took 0.055 seconds
[2025-09-24T00:12:13.827+0000] {processor.py:161} INFO - Started process (PID=36) to work on /opt/airflow/dags/DAG_scraper.py
[2025-09-24T00:12:13.828+0000] {processor.py:830} INFO - Processing file /opt/airflow/dags/DAG_scraper.py for tasks to queue
[2025-09-24T00:12:13.831+0000] {logging_mixin.py:188} INFO - [2025-09-24T00:12:13.831+0000] {dagbag.py:545} INFO - Filling up the DagBag from /opt/airflow/dags/DAG_scraper.py
[2025-09-24T00:12:13.838+0000] {logging_mixin.py:188} INFO - [2025-09-24T00:12:13.837+0000] {dagbag.py:355} ERROR - Failed to import: /opt/airflow/dags/DAG_scraper.py
Traceback (most recent call last):
  File "/home/airflow/.local/lib/python3.10/site-packages/airflow/models/dagbag.py", line 351, in parse
    loader.exec_module(new_module)
  File "<frozen importlib._bootstrap_external>", line 883, in exec_module
  File "<frozen importlib._bootstrap>", line 241, in _call_with_frames_removed
  File "/opt/airflow/dags/DAG_scraper.py", line 10, in <module>
    from ProcessData.DataProcessor import DataProcessor
  File "/opt/airflow/dags/ProcessData/DataProcessor.py", line 6, in <module>
    from geopy.geocoders import Nominatim
ModuleNotFoundError: No module named 'geopy'
[2025-09-24T00:12:13.838+0000] {processor.py:842} WARNING - No viable dags retrieved from /opt/airflow/dags/DAG_scraper.py
[2025-09-24T00:12:13.860+0000] {processor.py:183} INFO - Processing /opt/airflow/dags/DAG_scraper.py took 0.043 seconds
[2025-09-24T00:12:44.183+0000] {processor.py:161} INFO - Started process (PID=37) to work on /opt/airflow/dags/DAG_scraper.py
[2025-09-24T00:12:44.184+0000] {processor.py:830} INFO - Processing file /opt/airflow/dags/DAG_scraper.py for tasks to queue
[2025-09-24T00:12:44.186+0000] {logging_mixin.py:188} INFO - [2025-09-24T00:12:44.186+0000] {dagbag.py:545} INFO - Filling up the DagBag from /opt/airflow/dags/DAG_scraper.py
[2025-09-24T00:12:44.192+0000] {logging_mixin.py:188} INFO - [2025-09-24T00:12:44.191+0000] {dagbag.py:355} ERROR - Failed to import: /opt/airflow/dags/DAG_scraper.py
Traceback (most recent call last):
  File "/home/airflow/.local/lib/python3.10/site-packages/airflow/models/dagbag.py", line 351, in parse
    loader.exec_module(new_module)
  File "<frozen importlib._bootstrap_external>", line 883, in exec_module
  File "<frozen importlib._bootstrap>", line 241, in _call_with_frames_removed
  File "/opt/airflow/dags/DAG_scraper.py", line 10, in <module>
    from ProcessData.DataProcessor import DataProcessor
  File "/opt/airflow/dags/ProcessData/DataProcessor.py", line 6, in <module>
    from geopy.geocoders import Nominatim
ModuleNotFoundError: No module named 'geopy'
[2025-09-24T00:12:44.192+0000] {processor.py:842} WARNING - No viable dags retrieved from /opt/airflow/dags/DAG_scraper.py
[2025-09-24T00:12:44.212+0000] {processor.py:183} INFO - Processing /opt/airflow/dags/DAG_scraper.py took 0.041 seconds
[2025-09-24T00:13:14.499+0000] {processor.py:161} INFO - Started process (PID=38) to work on /opt/airflow/dags/DAG_scraper.py
[2025-09-24T00:13:14.500+0000] {processor.py:830} INFO - Processing file /opt/airflow/dags/DAG_scraper.py for tasks to queue
[2025-09-24T00:13:14.502+0000] {logging_mixin.py:188} INFO - [2025-09-24T00:13:14.502+0000] {dagbag.py:545} INFO - Filling up the DagBag from /opt/airflow/dags/DAG_scraper.py
[2025-09-24T00:13:14.522+0000] {logging_mixin.py:188} INFO - [2025-09-24T00:13:14.521+0000] {dagbag.py:355} ERROR - Failed to import: /opt/airflow/dags/DAG_scraper.py
Traceback (most recent call last):
  File "/home/airflow/.local/lib/python3.10/site-packages/airflow/models/dagbag.py", line 351, in parse
    loader.exec_module(new_module)
  File "<frozen importlib._bootstrap_external>", line 883, in exec_module
  File "<frozen importlib._bootstrap>", line 241, in _call_with_frames_removed
  File "/opt/airflow/dags/DAG_scraper.py", line 10, in <module>
    from ProcessData.DataProcessor import DataProcessor
  File "/opt/airflow/dags/ProcessData/DataProcessor.py", line 6, in <module>
    from geopy.geocoders import Nominatim
ModuleNotFoundError: No module named 'geopy'
[2025-09-24T00:13:14.522+0000] {processor.py:842} WARNING - No viable dags retrieved from /opt/airflow/dags/DAG_scraper.py
[2025-09-24T00:13:14.546+0000] {processor.py:183} INFO - Processing /opt/airflow/dags/DAG_scraper.py took 0.058 seconds
[2025-09-24T00:13:44.853+0000] {processor.py:161} INFO - Started process (PID=39) to work on /opt/airflow/dags/DAG_scraper.py
[2025-09-24T00:13:44.854+0000] {processor.py:830} INFO - Processing file /opt/airflow/dags/DAG_scraper.py for tasks to queue
[2025-09-24T00:13:44.856+0000] {logging_mixin.py:188} INFO - [2025-09-24T00:13:44.856+0000] {dagbag.py:545} INFO - Filling up the DagBag from /opt/airflow/dags/DAG_scraper.py
[2025-09-24T00:13:44.863+0000] {logging_mixin.py:188} INFO - [2025-09-24T00:13:44.862+0000] {dagbag.py:355} ERROR - Failed to import: /opt/airflow/dags/DAG_scraper.py
Traceback (most recent call last):
  File "/home/airflow/.local/lib/python3.10/site-packages/airflow/models/dagbag.py", line 351, in parse
    loader.exec_module(new_module)
  File "<frozen importlib._bootstrap_external>", line 883, in exec_module
  File "<frozen importlib._bootstrap>", line 241, in _call_with_frames_removed
  File "/opt/airflow/dags/DAG_scraper.py", line 10, in <module>
    from ProcessData.DataProcessor import DataProcessor
  File "/opt/airflow/dags/ProcessData/DataProcessor.py", line 6, in <module>
    from geopy.geocoders import Nominatim
ModuleNotFoundError: No module named 'geopy'
[2025-09-24T00:13:44.863+0000] {processor.py:842} WARNING - No viable dags retrieved from /opt/airflow/dags/DAG_scraper.py
[2025-09-24T00:13:44.890+0000] {processor.py:183} INFO - Processing /opt/airflow/dags/DAG_scraper.py took 0.048 seconds
[2025-09-24T00:14:15.255+0000] {processor.py:161} INFO - Started process (PID=40) to work on /opt/airflow/dags/DAG_scraper.py
[2025-09-24T00:14:15.256+0000] {processor.py:830} INFO - Processing file /opt/airflow/dags/DAG_scraper.py for tasks to queue
[2025-09-24T00:14:15.259+0000] {logging_mixin.py:188} INFO - [2025-09-24T00:14:15.258+0000] {dagbag.py:545} INFO - Filling up the DagBag from /opt/airflow/dags/DAG_scraper.py
[2025-09-24T00:14:15.270+0000] {logging_mixin.py:188} INFO - [2025-09-24T00:14:15.269+0000] {dagbag.py:355} ERROR - Failed to import: /opt/airflow/dags/DAG_scraper.py
Traceback (most recent call last):
  File "/home/airflow/.local/lib/python3.10/site-packages/airflow/models/dagbag.py", line 351, in parse
    loader.exec_module(new_module)
  File "<frozen importlib._bootstrap_external>", line 883, in exec_module
  File "<frozen importlib._bootstrap>", line 241, in _call_with_frames_removed
  File "/opt/airflow/dags/DAG_scraper.py", line 10, in <module>
    from ProcessData.DataProcessor import DataProcessor
  File "/opt/airflow/dags/ProcessData/DataProcessor.py", line 6, in <module>
    from geopy.geocoders import Nominatim
ModuleNotFoundError: No module named 'geopy'
[2025-09-24T00:14:15.270+0000] {processor.py:842} WARNING - No viable dags retrieved from /opt/airflow/dags/DAG_scraper.py
[2025-09-24T00:14:15.328+0000] {processor.py:183} INFO - Processing /opt/airflow/dags/DAG_scraper.py took 0.089 seconds
[2025-09-24T00:14:45.530+0000] {processor.py:161} INFO - Started process (PID=41) to work on /opt/airflow/dags/DAG_scraper.py
[2025-09-24T00:14:45.530+0000] {processor.py:830} INFO - Processing file /opt/airflow/dags/DAG_scraper.py for tasks to queue
[2025-09-24T00:14:45.532+0000] {logging_mixin.py:188} INFO - [2025-09-24T00:14:45.531+0000] {dagbag.py:545} INFO - Filling up the DagBag from /opt/airflow/dags/DAG_scraper.py
[2025-09-24T00:14:45.537+0000] {logging_mixin.py:188} INFO - [2025-09-24T00:14:45.536+0000] {dagbag.py:355} ERROR - Failed to import: /opt/airflow/dags/DAG_scraper.py
Traceback (most recent call last):
  File "/home/airflow/.local/lib/python3.10/site-packages/airflow/models/dagbag.py", line 351, in parse
    loader.exec_module(new_module)
  File "<frozen importlib._bootstrap_external>", line 883, in exec_module
  File "<frozen importlib._bootstrap>", line 241, in _call_with_frames_removed
  File "/opt/airflow/dags/DAG_scraper.py", line 10, in <module>
    from ProcessData.DataProcessor import DataProcessor
  File "/opt/airflow/dags/ProcessData/DataProcessor.py", line 6, in <module>
    from geopy.geocoders import Nominatim
ModuleNotFoundError: No module named 'geopy'
[2025-09-24T00:14:45.537+0000] {processor.py:842} WARNING - No viable dags retrieved from /opt/airflow/dags/DAG_scraper.py
[2025-09-24T00:14:45.552+0000] {processor.py:183} INFO - Processing /opt/airflow/dags/DAG_scraper.py took 0.028 seconds
[2025-09-24T00:15:15.851+0000] {processor.py:161} INFO - Started process (PID=42) to work on /opt/airflow/dags/DAG_scraper.py
[2025-09-24T00:15:15.852+0000] {processor.py:830} INFO - Processing file /opt/airflow/dags/DAG_scraper.py for tasks to queue
[2025-09-24T00:15:15.854+0000] {logging_mixin.py:188} INFO - [2025-09-24T00:15:15.854+0000] {dagbag.py:545} INFO - Filling up the DagBag from /opt/airflow/dags/DAG_scraper.py
[2025-09-24T00:15:15.861+0000] {logging_mixin.py:188} INFO - [2025-09-24T00:15:15.860+0000] {dagbag.py:355} ERROR - Failed to import: /opt/airflow/dags/DAG_scraper.py
Traceback (most recent call last):
  File "/home/airflow/.local/lib/python3.10/site-packages/airflow/models/dagbag.py", line 351, in parse
    loader.exec_module(new_module)
  File "<frozen importlib._bootstrap_external>", line 883, in exec_module
  File "<frozen importlib._bootstrap>", line 241, in _call_with_frames_removed
  File "/opt/airflow/dags/DAG_scraper.py", line 10, in <module>
    from ProcessData.DataProcessor import DataProcessor
  File "/opt/airflow/dags/ProcessData/DataProcessor.py", line 6, in <module>
    from geopy.geocoders import Nominatim
ModuleNotFoundError: No module named 'geopy'
[2025-09-24T00:15:15.861+0000] {processor.py:842} WARNING - No viable dags retrieved from /opt/airflow/dags/DAG_scraper.py
[2025-09-24T00:15:15.897+0000] {processor.py:183} INFO - Processing /opt/airflow/dags/DAG_scraper.py took 0.054 seconds
[2025-09-24T00:15:46.208+0000] {processor.py:161} INFO - Started process (PID=43) to work on /opt/airflow/dags/DAG_scraper.py
[2025-09-24T00:15:46.209+0000] {processor.py:830} INFO - Processing file /opt/airflow/dags/DAG_scraper.py for tasks to queue
[2025-09-24T00:15:46.211+0000] {logging_mixin.py:188} INFO - [2025-09-24T00:15:46.211+0000] {dagbag.py:545} INFO - Filling up the DagBag from /opt/airflow/dags/DAG_scraper.py
[2025-09-24T00:15:46.217+0000] {logging_mixin.py:188} INFO - [2025-09-24T00:15:46.216+0000] {dagbag.py:355} ERROR - Failed to import: /opt/airflow/dags/DAG_scraper.py
Traceback (most recent call last):
  File "/home/airflow/.local/lib/python3.10/site-packages/airflow/models/dagbag.py", line 351, in parse
    loader.exec_module(new_module)
  File "<frozen importlib._bootstrap_external>", line 883, in exec_module
  File "<frozen importlib._bootstrap>", line 241, in _call_with_frames_removed
  File "/opt/airflow/dags/DAG_scraper.py", line 10, in <module>
    from ProcessData.DataProcessor import DataProcessor
  File "/opt/airflow/dags/ProcessData/DataProcessor.py", line 6, in <module>
    from geopy.geocoders import Nominatim
ModuleNotFoundError: No module named 'geopy'
[2025-09-24T00:15:46.217+0000] {processor.py:842} WARNING - No viable dags retrieved from /opt/airflow/dags/DAG_scraper.py
[2025-09-24T00:15:46.236+0000] {processor.py:183} INFO - Processing /opt/airflow/dags/DAG_scraper.py took 0.037 seconds
[2025-09-24T00:16:16.559+0000] {processor.py:161} INFO - Started process (PID=44) to work on /opt/airflow/dags/DAG_scraper.py
[2025-09-24T00:16:16.560+0000] {processor.py:830} INFO - Processing file /opt/airflow/dags/DAG_scraper.py for tasks to queue
[2025-09-24T00:16:16.563+0000] {logging_mixin.py:188} INFO - [2025-09-24T00:16:16.562+0000] {dagbag.py:545} INFO - Filling up the DagBag from /opt/airflow/dags/DAG_scraper.py
[2025-09-24T00:16:16.570+0000] {logging_mixin.py:188} INFO - [2025-09-24T00:16:16.569+0000] {dagbag.py:355} ERROR - Failed to import: /opt/airflow/dags/DAG_scraper.py
Traceback (most recent call last):
  File "/home/airflow/.local/lib/python3.10/site-packages/airflow/models/dagbag.py", line 351, in parse
    loader.exec_module(new_module)
  File "<frozen importlib._bootstrap_external>", line 883, in exec_module
  File "<frozen importlib._bootstrap>", line 241, in _call_with_frames_removed
  File "/opt/airflow/dags/DAG_scraper.py", line 10, in <module>
    from ProcessData.DataProcessor import DataProcessor
  File "/opt/airflow/dags/ProcessData/DataProcessor.py", line 6, in <module>
    from geopy.geocoders import Nominatim
ModuleNotFoundError: No module named 'geopy'
[2025-09-24T00:16:16.570+0000] {processor.py:842} WARNING - No viable dags retrieved from /opt/airflow/dags/DAG_scraper.py
[2025-09-24T00:16:16.590+0000] {processor.py:183} INFO - Processing /opt/airflow/dags/DAG_scraper.py took 0.055 seconds
[2025-09-24T00:16:46.929+0000] {processor.py:161} INFO - Started process (PID=45) to work on /opt/airflow/dags/DAG_scraper.py
[2025-09-24T00:16:46.930+0000] {processor.py:830} INFO - Processing file /opt/airflow/dags/DAG_scraper.py for tasks to queue
[2025-09-24T00:16:46.932+0000] {logging_mixin.py:188} INFO - [2025-09-24T00:16:46.932+0000] {dagbag.py:545} INFO - Filling up the DagBag from /opt/airflow/dags/DAG_scraper.py
[2025-09-24T00:16:46.940+0000] {logging_mixin.py:188} INFO - [2025-09-24T00:16:46.939+0000] {dagbag.py:355} ERROR - Failed to import: /opt/airflow/dags/DAG_scraper.py
Traceback (most recent call last):
  File "/home/airflow/.local/lib/python3.10/site-packages/airflow/models/dagbag.py", line 351, in parse
    loader.exec_module(new_module)
  File "<frozen importlib._bootstrap_external>", line 883, in exec_module
  File "<frozen importlib._bootstrap>", line 241, in _call_with_frames_removed
  File "/opt/airflow/dags/DAG_scraper.py", line 10, in <module>
    from ProcessData.DataProcessor import DataProcessor
  File "/opt/airflow/dags/ProcessData/DataProcessor.py", line 6, in <module>
    from geopy.geocoders import Nominatim
ModuleNotFoundError: No module named 'geopy'
[2025-09-24T00:16:46.940+0000] {processor.py:842} WARNING - No viable dags retrieved from /opt/airflow/dags/DAG_scraper.py
[2025-09-24T00:16:46.961+0000] {processor.py:183} INFO - Processing /opt/airflow/dags/DAG_scraper.py took 0.041 seconds
[2025-09-24T00:17:17.273+0000] {processor.py:161} INFO - Started process (PID=46) to work on /opt/airflow/dags/DAG_scraper.py
[2025-09-24T00:17:17.274+0000] {processor.py:830} INFO - Processing file /opt/airflow/dags/DAG_scraper.py for tasks to queue
[2025-09-24T00:17:17.277+0000] {logging_mixin.py:188} INFO - [2025-09-24T00:17:17.277+0000] {dagbag.py:545} INFO - Filling up the DagBag from /opt/airflow/dags/DAG_scraper.py
[2025-09-24T00:17:17.290+0000] {logging_mixin.py:188} INFO - [2025-09-24T00:17:17.284+0000] {dagbag.py:355} ERROR - Failed to import: /opt/airflow/dags/DAG_scraper.py
Traceback (most recent call last):
  File "/home/airflow/.local/lib/python3.10/site-packages/airflow/models/dagbag.py", line 351, in parse
    loader.exec_module(new_module)
  File "<frozen importlib._bootstrap_external>", line 883, in exec_module
  File "<frozen importlib._bootstrap>", line 241, in _call_with_frames_removed
  File "/opt/airflow/dags/DAG_scraper.py", line 10, in <module>
    from ProcessData.DataProcessor import DataProcessor
  File "/opt/airflow/dags/ProcessData/DataProcessor.py", line 6, in <module>
    from geopy.geocoders import Nominatim
ModuleNotFoundError: No module named 'geopy'
[2025-09-24T00:17:17.291+0000] {processor.py:842} WARNING - No viable dags retrieved from /opt/airflow/dags/DAG_scraper.py
[2025-09-24T00:17:17.331+0000] {processor.py:183} INFO - Processing /opt/airflow/dags/DAG_scraper.py took 0.067 seconds
[2025-09-24T00:17:47.620+0000] {processor.py:161} INFO - Started process (PID=47) to work on /opt/airflow/dags/DAG_scraper.py
[2025-09-24T00:17:47.621+0000] {processor.py:830} INFO - Processing file /opt/airflow/dags/DAG_scraper.py for tasks to queue
[2025-09-24T00:17:47.629+0000] {logging_mixin.py:188} INFO - [2025-09-24T00:17:47.628+0000] {dagbag.py:545} INFO - Filling up the DagBag from /opt/airflow/dags/DAG_scraper.py
[2025-09-24T00:17:47.637+0000] {logging_mixin.py:188} INFO - [2025-09-24T00:17:47.636+0000] {dagbag.py:355} ERROR - Failed to import: /opt/airflow/dags/DAG_scraper.py
Traceback (most recent call last):
  File "/home/airflow/.local/lib/python3.10/site-packages/airflow/models/dagbag.py", line 351, in parse
    loader.exec_module(new_module)
  File "<frozen importlib._bootstrap_external>", line 883, in exec_module
  File "<frozen importlib._bootstrap>", line 241, in _call_with_frames_removed
  File "/opt/airflow/dags/DAG_scraper.py", line 10, in <module>
    from ProcessData.DataProcessor import DataProcessor
  File "/opt/airflow/dags/ProcessData/DataProcessor.py", line 6, in <module>
    from geopy.geocoders import Nominatim
ModuleNotFoundError: No module named 'geopy'
[2025-09-24T00:17:47.637+0000] {processor.py:842} WARNING - No viable dags retrieved from /opt/airflow/dags/DAG_scraper.py
[2025-09-24T00:17:47.658+0000] {processor.py:183} INFO - Processing /opt/airflow/dags/DAG_scraper.py took 0.056 seconds
[2025-09-24T00:18:17.972+0000] {processor.py:161} INFO - Started process (PID=48) to work on /opt/airflow/dags/DAG_scraper.py
[2025-09-24T00:18:17.973+0000] {processor.py:830} INFO - Processing file /opt/airflow/dags/DAG_scraper.py for tasks to queue
[2025-09-24T00:18:17.975+0000] {logging_mixin.py:188} INFO - [2025-09-24T00:18:17.975+0000] {dagbag.py:545} INFO - Filling up the DagBag from /opt/airflow/dags/DAG_scraper.py
[2025-09-24T00:18:17.981+0000] {logging_mixin.py:188} INFO - [2025-09-24T00:18:17.980+0000] {dagbag.py:355} ERROR - Failed to import: /opt/airflow/dags/DAG_scraper.py
Traceback (most recent call last):
  File "/home/airflow/.local/lib/python3.10/site-packages/airflow/models/dagbag.py", line 351, in parse
    loader.exec_module(new_module)
  File "<frozen importlib._bootstrap_external>", line 883, in exec_module
  File "<frozen importlib._bootstrap>", line 241, in _call_with_frames_removed
  File "/opt/airflow/dags/DAG_scraper.py", line 10, in <module>
    from ProcessData.DataProcessor import DataProcessor
  File "/opt/airflow/dags/ProcessData/DataProcessor.py", line 6, in <module>
    from geopy.geocoders import Nominatim
ModuleNotFoundError: No module named 'geopy'
[2025-09-24T00:18:17.981+0000] {processor.py:842} WARNING - No viable dags retrieved from /opt/airflow/dags/DAG_scraper.py
[2025-09-24T00:18:17.997+0000] {processor.py:183} INFO - Processing /opt/airflow/dags/DAG_scraper.py took 0.037 seconds
[2025-09-24T00:18:48.306+0000] {processor.py:161} INFO - Started process (PID=49) to work on /opt/airflow/dags/DAG_scraper.py
[2025-09-24T00:18:48.307+0000] {processor.py:830} INFO - Processing file /opt/airflow/dags/DAG_scraper.py for tasks to queue
[2025-09-24T00:18:48.310+0000] {logging_mixin.py:188} INFO - [2025-09-24T00:18:48.310+0000] {dagbag.py:545} INFO - Filling up the DagBag from /opt/airflow/dags/DAG_scraper.py
[2025-09-24T00:18:48.317+0000] {logging_mixin.py:188} INFO - [2025-09-24T00:18:48.316+0000] {dagbag.py:355} ERROR - Failed to import: /opt/airflow/dags/DAG_scraper.py
Traceback (most recent call last):
  File "/home/airflow/.local/lib/python3.10/site-packages/airflow/models/dagbag.py", line 351, in parse
    loader.exec_module(new_module)
  File "<frozen importlib._bootstrap_external>", line 883, in exec_module
  File "<frozen importlib._bootstrap>", line 241, in _call_with_frames_removed
  File "/opt/airflow/dags/DAG_scraper.py", line 10, in <module>
    from ProcessData.DataProcessor import DataProcessor
  File "/opt/airflow/dags/ProcessData/DataProcessor.py", line 6, in <module>
    from geopy.geocoders import Nominatim
ModuleNotFoundError: No module named 'geopy'
[2025-09-24T00:18:48.317+0000] {processor.py:842} WARNING - No viable dags retrieved from /opt/airflow/dags/DAG_scraper.py
[2025-09-24T00:18:48.355+0000] {processor.py:183} INFO - Processing /opt/airflow/dags/DAG_scraper.py took 0.058 seconds
[2025-09-24T00:19:18.618+0000] {processor.py:161} INFO - Started process (PID=50) to work on /opt/airflow/dags/DAG_scraper.py
[2025-09-24T00:19:18.619+0000] {processor.py:830} INFO - Processing file /opt/airflow/dags/DAG_scraper.py for tasks to queue
[2025-09-24T00:19:18.622+0000] {logging_mixin.py:188} INFO - [2025-09-24T00:19:18.622+0000] {dagbag.py:545} INFO - Filling up the DagBag from /opt/airflow/dags/DAG_scraper.py
[2025-09-24T00:19:18.630+0000] {logging_mixin.py:188} INFO - [2025-09-24T00:19:18.629+0000] {dagbag.py:355} ERROR - Failed to import: /opt/airflow/dags/DAG_scraper.py
Traceback (most recent call last):
  File "/home/airflow/.local/lib/python3.10/site-packages/airflow/models/dagbag.py", line 351, in parse
    loader.exec_module(new_module)
  File "<frozen importlib._bootstrap_external>", line 883, in exec_module
  File "<frozen importlib._bootstrap>", line 241, in _call_with_frames_removed
  File "/opt/airflow/dags/DAG_scraper.py", line 10, in <module>
    from ProcessData.DataProcessor import DataProcessor
  File "/opt/airflow/dags/ProcessData/DataProcessor.py", line 6, in <module>
    from geopy.geocoders import Nominatim
ModuleNotFoundError: No module named 'geopy'
[2025-09-24T00:19:18.630+0000] {processor.py:842} WARNING - No viable dags retrieved from /opt/airflow/dags/DAG_scraper.py
[2025-09-24T00:19:18.704+0000] {processor.py:183} INFO - Processing /opt/airflow/dags/DAG_scraper.py took 0.095 seconds
[2025-09-24T00:19:48.955+0000] {processor.py:161} INFO - Started process (PID=51) to work on /opt/airflow/dags/DAG_scraper.py
[2025-09-24T00:19:48.956+0000] {processor.py:830} INFO - Processing file /opt/airflow/dags/DAG_scraper.py for tasks to queue
[2025-09-24T00:19:48.958+0000] {logging_mixin.py:188} INFO - [2025-09-24T00:19:48.958+0000] {dagbag.py:545} INFO - Filling up the DagBag from /opt/airflow/dags/DAG_scraper.py
[2025-09-24T00:19:48.972+0000] {logging_mixin.py:188} INFO - [2025-09-24T00:19:48.970+0000] {dagbag.py:355} ERROR - Failed to import: /opt/airflow/dags/DAG_scraper.py
Traceback (most recent call last):
  File "/home/airflow/.local/lib/python3.10/site-packages/airflow/models/dagbag.py", line 351, in parse
    loader.exec_module(new_module)
  File "<frozen importlib._bootstrap_external>", line 883, in exec_module
  File "<frozen importlib._bootstrap>", line 241, in _call_with_frames_removed
  File "/opt/airflow/dags/DAG_scraper.py", line 10, in <module>
    from ProcessData.DataProcessor import DataProcessor
  File "/opt/airflow/dags/ProcessData/DataProcessor.py", line 6, in <module>
    from geopy.geocoders import Nominatim
ModuleNotFoundError: No module named 'geopy'
[2025-09-24T00:19:48.972+0000] {processor.py:842} WARNING - No viable dags retrieved from /opt/airflow/dags/DAG_scraper.py
[2025-09-24T00:19:49.004+0000] {processor.py:183} INFO - Processing /opt/airflow/dags/DAG_scraper.py took 0.057 seconds
[2025-09-24T00:20:19.348+0000] {processor.py:161} INFO - Started process (PID=52) to work on /opt/airflow/dags/DAG_scraper.py
[2025-09-24T00:20:19.349+0000] {processor.py:830} INFO - Processing file /opt/airflow/dags/DAG_scraper.py for tasks to queue
[2025-09-24T00:20:19.352+0000] {logging_mixin.py:188} INFO - [2025-09-24T00:20:19.352+0000] {dagbag.py:545} INFO - Filling up the DagBag from /opt/airflow/dags/DAG_scraper.py
[2025-09-24T00:20:19.359+0000] {logging_mixin.py:188} INFO - [2025-09-24T00:20:19.358+0000] {dagbag.py:355} ERROR - Failed to import: /opt/airflow/dags/DAG_scraper.py
Traceback (most recent call last):
  File "/home/airflow/.local/lib/python3.10/site-packages/airflow/models/dagbag.py", line 351, in parse
    loader.exec_module(new_module)
  File "<frozen importlib._bootstrap_external>", line 883, in exec_module
  File "<frozen importlib._bootstrap>", line 241, in _call_with_frames_removed
  File "/opt/airflow/dags/DAG_scraper.py", line 10, in <module>
    from ProcessData.DataProcessor import DataProcessor
  File "/opt/airflow/dags/ProcessData/DataProcessor.py", line 6, in <module>
    from geopy.geocoders import Nominatim
ModuleNotFoundError: No module named 'geopy'
[2025-09-24T00:20:19.359+0000] {processor.py:842} WARNING - No viable dags retrieved from /opt/airflow/dags/DAG_scraper.py
[2025-09-24T00:20:19.387+0000] {processor.py:183} INFO - Processing /opt/airflow/dags/DAG_scraper.py took 0.048 seconds
[2025-09-24T00:20:49.685+0000] {processor.py:161} INFO - Started process (PID=53) to work on /opt/airflow/dags/DAG_scraper.py
[2025-09-24T00:20:49.686+0000] {processor.py:830} INFO - Processing file /opt/airflow/dags/DAG_scraper.py for tasks to queue
[2025-09-24T00:20:49.688+0000] {logging_mixin.py:188} INFO - [2025-09-24T00:20:49.688+0000] {dagbag.py:545} INFO - Filling up the DagBag from /opt/airflow/dags/DAG_scraper.py
[2025-09-24T00:20:49.695+0000] {logging_mixin.py:188} INFO - [2025-09-24T00:20:49.694+0000] {dagbag.py:355} ERROR - Failed to import: /opt/airflow/dags/DAG_scraper.py
Traceback (most recent call last):
  File "/home/airflow/.local/lib/python3.10/site-packages/airflow/models/dagbag.py", line 351, in parse
    loader.exec_module(new_module)
  File "<frozen importlib._bootstrap_external>", line 883, in exec_module
  File "<frozen importlib._bootstrap>", line 241, in _call_with_frames_removed
  File "/opt/airflow/dags/DAG_scraper.py", line 10, in <module>
    from ProcessData.DataProcessor import DataProcessor
  File "/opt/airflow/dags/ProcessData/DataProcessor.py", line 6, in <module>
    from geopy.geocoders import Nominatim
ModuleNotFoundError: No module named 'geopy'
[2025-09-24T00:20:49.695+0000] {processor.py:842} WARNING - No viable dags retrieved from /opt/airflow/dags/DAG_scraper.py
[2025-09-24T00:20:49.714+0000] {processor.py:183} INFO - Processing /opt/airflow/dags/DAG_scraper.py took 0.038 seconds
[2025-09-24T00:21:20.016+0000] {processor.py:161} INFO - Started process (PID=54) to work on /opt/airflow/dags/DAG_scraper.py
[2025-09-24T00:21:20.017+0000] {processor.py:830} INFO - Processing file /opt/airflow/dags/DAG_scraper.py for tasks to queue
[2025-09-24T00:21:20.020+0000] {logging_mixin.py:188} INFO - [2025-09-24T00:21:20.020+0000] {dagbag.py:545} INFO - Filling up the DagBag from /opt/airflow/dags/DAG_scraper.py
[2025-09-24T00:21:20.029+0000] {logging_mixin.py:188} INFO - [2025-09-24T00:21:20.028+0000] {dagbag.py:355} ERROR - Failed to import: /opt/airflow/dags/DAG_scraper.py
Traceback (most recent call last):
  File "/home/airflow/.local/lib/python3.10/site-packages/airflow/models/dagbag.py", line 351, in parse
    loader.exec_module(new_module)
  File "<frozen importlib._bootstrap_external>", line 883, in exec_module
  File "<frozen importlib._bootstrap>", line 241, in _call_with_frames_removed
  File "/opt/airflow/dags/DAG_scraper.py", line 10, in <module>
    from ProcessData.DataProcessor import DataProcessor
  File "/opt/airflow/dags/ProcessData/DataProcessor.py", line 6, in <module>
    from geopy.geocoders import Nominatim
ModuleNotFoundError: No module named 'geopy'
[2025-09-24T00:21:20.029+0000] {processor.py:842} WARNING - No viable dags retrieved from /opt/airflow/dags/DAG_scraper.py
[2025-09-24T00:21:20.052+0000] {processor.py:183} INFO - Processing /opt/airflow/dags/DAG_scraper.py took 0.052 seconds
[2025-09-24T00:21:50.388+0000] {processor.py:161} INFO - Started process (PID=55) to work on /opt/airflow/dags/DAG_scraper.py
[2025-09-24T00:21:50.389+0000] {processor.py:830} INFO - Processing file /opt/airflow/dags/DAG_scraper.py for tasks to queue
[2025-09-24T00:21:50.393+0000] {logging_mixin.py:188} INFO - [2025-09-24T00:21:50.392+0000] {dagbag.py:545} INFO - Filling up the DagBag from /opt/airflow/dags/DAG_scraper.py
[2025-09-24T00:21:50.402+0000] {logging_mixin.py:188} INFO - [2025-09-24T00:21:50.401+0000] {dagbag.py:355} ERROR - Failed to import: /opt/airflow/dags/DAG_scraper.py
Traceback (most recent call last):
  File "/home/airflow/.local/lib/python3.10/site-packages/airflow/models/dagbag.py", line 351, in parse
    loader.exec_module(new_module)
  File "<frozen importlib._bootstrap_external>", line 883, in exec_module
  File "<frozen importlib._bootstrap>", line 241, in _call_with_frames_removed
  File "/opt/airflow/dags/DAG_scraper.py", line 10, in <module>
    from ProcessData.DataProcessor import DataProcessor
  File "/opt/airflow/dags/ProcessData/DataProcessor.py", line 6, in <module>
    from geopy.geocoders import Nominatim
ModuleNotFoundError: No module named 'geopy'
[2025-09-24T00:21:50.402+0000] {processor.py:842} WARNING - No viable dags retrieved from /opt/airflow/dags/DAG_scraper.py
[2025-09-24T00:21:50.422+0000] {processor.py:183} INFO - Processing /opt/airflow/dags/DAG_scraper.py took 0.049 seconds
[2025-09-24T00:22:20.810+0000] {processor.py:161} INFO - Started process (PID=56) to work on /opt/airflow/dags/DAG_scraper.py
[2025-09-24T00:22:20.811+0000] {processor.py:830} INFO - Processing file /opt/airflow/dags/DAG_scraper.py for tasks to queue
[2025-09-24T00:22:20.814+0000] {logging_mixin.py:188} INFO - [2025-09-24T00:22:20.813+0000] {dagbag.py:545} INFO - Filling up the DagBag from /opt/airflow/dags/DAG_scraper.py
[2025-09-24T00:22:20.821+0000] {logging_mixin.py:188} INFO - [2025-09-24T00:22:20.820+0000] {dagbag.py:355} ERROR - Failed to import: /opt/airflow/dags/DAG_scraper.py
Traceback (most recent call last):
  File "/home/airflow/.local/lib/python3.10/site-packages/airflow/models/dagbag.py", line 351, in parse
    loader.exec_module(new_module)
  File "<frozen importlib._bootstrap_external>", line 883, in exec_module
  File "<frozen importlib._bootstrap>", line 241, in _call_with_frames_removed
  File "/opt/airflow/dags/DAG_scraper.py", line 10, in <module>
    from ProcessData.DataProcessor import DataProcessor
  File "/opt/airflow/dags/ProcessData/DataProcessor.py", line 6, in <module>
    from geopy.geocoders import Nominatim
ModuleNotFoundError: No module named 'geopy'
[2025-09-24T00:22:20.822+0000] {processor.py:842} WARNING - No viable dags retrieved from /opt/airflow/dags/DAG_scraper.py
[2025-09-24T00:22:20.845+0000] {processor.py:183} INFO - Processing /opt/airflow/dags/DAG_scraper.py took 0.056 seconds
[2025-09-24T00:22:51.137+0000] {processor.py:161} INFO - Started process (PID=57) to work on /opt/airflow/dags/DAG_scraper.py
[2025-09-24T00:22:51.138+0000] {processor.py:830} INFO - Processing file /opt/airflow/dags/DAG_scraper.py for tasks to queue
[2025-09-24T00:22:51.141+0000] {logging_mixin.py:188} INFO - [2025-09-24T00:22:51.140+0000] {dagbag.py:545} INFO - Filling up the DagBag from /opt/airflow/dags/DAG_scraper.py
[2025-09-24T00:22:51.147+0000] {logging_mixin.py:188} INFO - [2025-09-24T00:22:51.147+0000] {dagbag.py:355} ERROR - Failed to import: /opt/airflow/dags/DAG_scraper.py
Traceback (most recent call last):
  File "/home/airflow/.local/lib/python3.10/site-packages/airflow/models/dagbag.py", line 351, in parse
    loader.exec_module(new_module)
  File "<frozen importlib._bootstrap_external>", line 883, in exec_module
  File "<frozen importlib._bootstrap>", line 241, in _call_with_frames_removed
  File "/opt/airflow/dags/DAG_scraper.py", line 10, in <module>
    from ProcessData.DataProcessor import DataProcessor
  File "/opt/airflow/dags/ProcessData/DataProcessor.py", line 6, in <module>
    from geopy.geocoders import Nominatim
ModuleNotFoundError: No module named 'geopy'
[2025-09-24T00:22:51.148+0000] {processor.py:842} WARNING - No viable dags retrieved from /opt/airflow/dags/DAG_scraper.py
[2025-09-24T00:22:51.166+0000] {processor.py:183} INFO - Processing /opt/airflow/dags/DAG_scraper.py took 0.037 seconds
[2025-09-24T00:23:21.489+0000] {processor.py:161} INFO - Started process (PID=58) to work on /opt/airflow/dags/DAG_scraper.py
[2025-09-24T00:23:21.490+0000] {processor.py:830} INFO - Processing file /opt/airflow/dags/DAG_scraper.py for tasks to queue
[2025-09-24T00:23:21.493+0000] {logging_mixin.py:188} INFO - [2025-09-24T00:23:21.493+0000] {dagbag.py:545} INFO - Filling up the DagBag from /opt/airflow/dags/DAG_scraper.py
[2025-09-24T00:23:21.513+0000] {logging_mixin.py:188} INFO - [2025-09-24T00:23:21.512+0000] {dagbag.py:355} ERROR - Failed to import: /opt/airflow/dags/DAG_scraper.py
Traceback (most recent call last):
  File "/home/airflow/.local/lib/python3.10/site-packages/airflow/models/dagbag.py", line 351, in parse
    loader.exec_module(new_module)
  File "<frozen importlib._bootstrap_external>", line 883, in exec_module
  File "<frozen importlib._bootstrap>", line 241, in _call_with_frames_removed
  File "/opt/airflow/dags/DAG_scraper.py", line 10, in <module>
    from ProcessData.DataProcessor import DataProcessor
  File "/opt/airflow/dags/ProcessData/DataProcessor.py", line 6, in <module>
    from geopy.geocoders import Nominatim
ModuleNotFoundError: No module named 'geopy'
[2025-09-24T00:23:21.513+0000] {processor.py:842} WARNING - No viable dags retrieved from /opt/airflow/dags/DAG_scraper.py
[2025-09-24T00:23:21.533+0000] {processor.py:183} INFO - Processing /opt/airflow/dags/DAG_scraper.py took 0.054 seconds
[2025-09-24T00:23:51.904+0000] {processor.py:161} INFO - Started process (PID=59) to work on /opt/airflow/dags/DAG_scraper.py
[2025-09-24T00:23:51.905+0000] {processor.py:830} INFO - Processing file /opt/airflow/dags/DAG_scraper.py for tasks to queue
[2025-09-24T00:23:51.913+0000] {logging_mixin.py:188} INFO - [2025-09-24T00:23:51.912+0000] {dagbag.py:545} INFO - Filling up the DagBag from /opt/airflow/dags/DAG_scraper.py
[2025-09-24T00:23:51.923+0000] {logging_mixin.py:188} INFO - [2025-09-24T00:23:51.922+0000] {dagbag.py:355} ERROR - Failed to import: /opt/airflow/dags/DAG_scraper.py
Traceback (most recent call last):
  File "/home/airflow/.local/lib/python3.10/site-packages/airflow/models/dagbag.py", line 351, in parse
    loader.exec_module(new_module)
  File "<frozen importlib._bootstrap_external>", line 883, in exec_module
  File "<frozen importlib._bootstrap>", line 241, in _call_with_frames_removed
  File "/opt/airflow/dags/DAG_scraper.py", line 10, in <module>
    from ProcessData.DataProcessor import DataProcessor
  File "/opt/airflow/dags/ProcessData/DataProcessor.py", line 6, in <module>
    from geopy.geocoders import Nominatim
ModuleNotFoundError: No module named 'geopy'
[2025-09-24T00:23:51.923+0000] {processor.py:842} WARNING - No viable dags retrieved from /opt/airflow/dags/DAG_scraper.py
[2025-09-24T00:23:51.961+0000] {processor.py:183} INFO - Processing /opt/airflow/dags/DAG_scraper.py took 0.080 seconds
[2025-09-24T00:24:22.313+0000] {processor.py:161} INFO - Started process (PID=60) to work on /opt/airflow/dags/DAG_scraper.py
[2025-09-24T00:24:22.314+0000] {processor.py:830} INFO - Processing file /opt/airflow/dags/DAG_scraper.py for tasks to queue
[2025-09-24T00:24:22.317+0000] {logging_mixin.py:188} INFO - [2025-09-24T00:24:22.316+0000] {dagbag.py:545} INFO - Filling up the DagBag from /opt/airflow/dags/DAG_scraper.py
[2025-09-24T00:24:22.324+0000] {logging_mixin.py:188} INFO - [2025-09-24T00:24:22.324+0000] {dagbag.py:355} ERROR - Failed to import: /opt/airflow/dags/DAG_scraper.py
Traceback (most recent call last):
  File "/home/airflow/.local/lib/python3.10/site-packages/airflow/models/dagbag.py", line 351, in parse
    loader.exec_module(new_module)
  File "<frozen importlib._bootstrap_external>", line 883, in exec_module
  File "<frozen importlib._bootstrap>", line 241, in _call_with_frames_removed
  File "/opt/airflow/dags/DAG_scraper.py", line 10, in <module>
    from ProcessData.DataProcessor import DataProcessor
  File "/opt/airflow/dags/ProcessData/DataProcessor.py", line 6, in <module>
    from geopy.geocoders import Nominatim
ModuleNotFoundError: No module named 'geopy'
[2025-09-24T00:24:22.325+0000] {processor.py:842} WARNING - No viable dags retrieved from /opt/airflow/dags/DAG_scraper.py
[2025-09-24T00:24:22.354+0000] {processor.py:183} INFO - Processing /opt/airflow/dags/DAG_scraper.py took 0.052 seconds
[2025-09-24T00:24:52.654+0000] {processor.py:161} INFO - Started process (PID=61) to work on /opt/airflow/dags/DAG_scraper.py
[2025-09-24T00:24:52.656+0000] {processor.py:830} INFO - Processing file /opt/airflow/dags/DAG_scraper.py for tasks to queue
[2025-09-24T00:24:52.660+0000] {logging_mixin.py:188} INFO - [2025-09-24T00:24:52.660+0000] {dagbag.py:545} INFO - Filling up the DagBag from /opt/airflow/dags/DAG_scraper.py
[2025-09-24T00:24:52.667+0000] {logging_mixin.py:188} INFO - [2025-09-24T00:24:52.666+0000] {dagbag.py:355} ERROR - Failed to import: /opt/airflow/dags/DAG_scraper.py
Traceback (most recent call last):
  File "/home/airflow/.local/lib/python3.10/site-packages/airflow/models/dagbag.py", line 351, in parse
    loader.exec_module(new_module)
  File "<frozen importlib._bootstrap_external>", line 883, in exec_module
  File "<frozen importlib._bootstrap>", line 241, in _call_with_frames_removed
  File "/opt/airflow/dags/DAG_scraper.py", line 10, in <module>
    from ProcessData.DataProcessor import DataProcessor
  File "/opt/airflow/dags/ProcessData/DataProcessor.py", line 6, in <module>
    from geopy.geocoders import Nominatim
ModuleNotFoundError: No module named 'geopy'
[2025-09-24T00:24:52.668+0000] {processor.py:842} WARNING - No viable dags retrieved from /opt/airflow/dags/DAG_scraper.py
[2025-09-24T00:24:52.688+0000] {processor.py:183} INFO - Processing /opt/airflow/dags/DAG_scraper.py took 0.058 seconds
[2025-09-24T00:25:22.980+0000] {processor.py:161} INFO - Started process (PID=62) to work on /opt/airflow/dags/DAG_scraper.py
[2025-09-24T00:25:22.981+0000] {processor.py:830} INFO - Processing file /opt/airflow/dags/DAG_scraper.py for tasks to queue
[2025-09-24T00:25:22.985+0000] {logging_mixin.py:188} INFO - [2025-09-24T00:25:22.984+0000] {dagbag.py:545} INFO - Filling up the DagBag from /opt/airflow/dags/DAG_scraper.py
[2025-09-24T00:25:22.995+0000] {logging_mixin.py:188} INFO - [2025-09-24T00:25:22.993+0000] {dagbag.py:355} ERROR - Failed to import: /opt/airflow/dags/DAG_scraper.py
Traceback (most recent call last):
  File "/home/airflow/.local/lib/python3.10/site-packages/airflow/models/dagbag.py", line 351, in parse
    loader.exec_module(new_module)
  File "<frozen importlib._bootstrap_external>", line 883, in exec_module
  File "<frozen importlib._bootstrap>", line 241, in _call_with_frames_removed
  File "/opt/airflow/dags/DAG_scraper.py", line 10, in <module>
    from ProcessData.DataProcessor import DataProcessor
  File "/opt/airflow/dags/ProcessData/DataProcessor.py", line 6, in <module>
    from geopy.geocoders import Nominatim
ModuleNotFoundError: No module named 'geopy'
[2025-09-24T00:25:22.997+0000] {processor.py:842} WARNING - No viable dags retrieved from /opt/airflow/dags/DAG_scraper.py
[2025-09-24T00:25:23.034+0000] {processor.py:183} INFO - Processing /opt/airflow/dags/DAG_scraper.py took 0.066 seconds
[2025-09-24T00:25:53.384+0000] {processor.py:161} INFO - Started process (PID=63) to work on /opt/airflow/dags/DAG_scraper.py
[2025-09-24T00:25:53.385+0000] {processor.py:830} INFO - Processing file /opt/airflow/dags/DAG_scraper.py for tasks to queue
[2025-09-24T00:25:53.388+0000] {logging_mixin.py:188} INFO - [2025-09-24T00:25:53.388+0000] {dagbag.py:545} INFO - Filling up the DagBag from /opt/airflow/dags/DAG_scraper.py
[2025-09-24T00:25:53.395+0000] {logging_mixin.py:188} INFO - [2025-09-24T00:25:53.394+0000] {dagbag.py:355} ERROR - Failed to import: /opt/airflow/dags/DAG_scraper.py
Traceback (most recent call last):
  File "/home/airflow/.local/lib/python3.10/site-packages/airflow/models/dagbag.py", line 351, in parse
    loader.exec_module(new_module)
  File "<frozen importlib._bootstrap_external>", line 883, in exec_module
  File "<frozen importlib._bootstrap>", line 241, in _call_with_frames_removed
  File "/opt/airflow/dags/DAG_scraper.py", line 10, in <module>
    from ProcessData.DataProcessor import DataProcessor
  File "/opt/airflow/dags/ProcessData/DataProcessor.py", line 6, in <module>
    from geopy.geocoders import Nominatim
ModuleNotFoundError: No module named 'geopy'
[2025-09-24T00:25:53.396+0000] {processor.py:842} WARNING - No viable dags retrieved from /opt/airflow/dags/DAG_scraper.py
[2025-09-24T00:25:53.426+0000] {processor.py:183} INFO - Processing /opt/airflow/dags/DAG_scraper.py took 0.064 seconds
[2025-09-24T00:26:23.723+0000] {processor.py:161} INFO - Started process (PID=64) to work on /opt/airflow/dags/DAG_scraper.py
[2025-09-24T00:26:23.724+0000] {processor.py:830} INFO - Processing file /opt/airflow/dags/DAG_scraper.py for tasks to queue
[2025-09-24T00:26:23.727+0000] {logging_mixin.py:188} INFO - [2025-09-24T00:26:23.726+0000] {dagbag.py:545} INFO - Filling up the DagBag from /opt/airflow/dags/DAG_scraper.py
[2025-09-24T00:26:23.734+0000] {logging_mixin.py:188} INFO - [2025-09-24T00:26:23.733+0000] {dagbag.py:355} ERROR - Failed to import: /opt/airflow/dags/DAG_scraper.py
Traceback (most recent call last):
  File "/home/airflow/.local/lib/python3.10/site-packages/airflow/models/dagbag.py", line 351, in parse
    loader.exec_module(new_module)
  File "<frozen importlib._bootstrap_external>", line 883, in exec_module
  File "<frozen importlib._bootstrap>", line 241, in _call_with_frames_removed
  File "/opt/airflow/dags/DAG_scraper.py", line 10, in <module>
    from ProcessData.DataProcessor import DataProcessor
  File "/opt/airflow/dags/ProcessData/DataProcessor.py", line 6, in <module>
    from geopy.geocoders import Nominatim
ModuleNotFoundError: No module named 'geopy'
[2025-09-24T00:26:23.735+0000] {processor.py:842} WARNING - No viable dags retrieved from /opt/airflow/dags/DAG_scraper.py
[2025-09-24T00:26:23.759+0000] {processor.py:183} INFO - Processing /opt/airflow/dags/DAG_scraper.py took 0.045 seconds
[2025-09-24T00:26:54.152+0000] {processor.py:161} INFO - Started process (PID=65) to work on /opt/airflow/dags/DAG_scraper.py
[2025-09-24T00:26:54.154+0000] {processor.py:830} INFO - Processing file /opt/airflow/dags/DAG_scraper.py for tasks to queue
[2025-09-24T00:26:54.159+0000] {logging_mixin.py:188} INFO - [2025-09-24T00:26:54.159+0000] {dagbag.py:545} INFO - Filling up the DagBag from /opt/airflow/dags/DAG_scraper.py
[2025-09-24T00:26:54.167+0000] {logging_mixin.py:188} INFO - [2025-09-24T00:26:54.166+0000] {dagbag.py:355} ERROR - Failed to import: /opt/airflow/dags/DAG_scraper.py
Traceback (most recent call last):
  File "/home/airflow/.local/lib/python3.10/site-packages/airflow/models/dagbag.py", line 351, in parse
    loader.exec_module(new_module)
  File "<frozen importlib._bootstrap_external>", line 883, in exec_module
  File "<frozen importlib._bootstrap>", line 241, in _call_with_frames_removed
  File "/opt/airflow/dags/DAG_scraper.py", line 10, in <module>
    from ProcessData.DataProcessor import DataProcessor
  File "/opt/airflow/dags/ProcessData/DataProcessor.py", line 6, in <module>
    from geopy.geocoders import Nominatim
ModuleNotFoundError: No module named 'geopy'
[2025-09-24T00:26:54.168+0000] {processor.py:842} WARNING - No viable dags retrieved from /opt/airflow/dags/DAG_scraper.py
[2025-09-24T00:26:54.187+0000] {processor.py:183} INFO - Processing /opt/airflow/dags/DAG_scraper.py took 0.049 seconds
[2025-09-24T00:27:24.496+0000] {processor.py:161} INFO - Started process (PID=66) to work on /opt/airflow/dags/DAG_scraper.py
[2025-09-24T00:27:24.496+0000] {processor.py:830} INFO - Processing file /opt/airflow/dags/DAG_scraper.py for tasks to queue
[2025-09-24T00:27:24.500+0000] {logging_mixin.py:188} INFO - [2025-09-24T00:27:24.499+0000] {dagbag.py:545} INFO - Filling up the DagBag from /opt/airflow/dags/DAG_scraper.py
[2025-09-24T00:27:24.508+0000] {logging_mixin.py:188} INFO - [2025-09-24T00:27:24.507+0000] {dagbag.py:355} ERROR - Failed to import: /opt/airflow/dags/DAG_scraper.py
Traceback (most recent call last):
  File "/home/airflow/.local/lib/python3.10/site-packages/airflow/models/dagbag.py", line 351, in parse
    loader.exec_module(new_module)
  File "<frozen importlib._bootstrap_external>", line 883, in exec_module
  File "<frozen importlib._bootstrap>", line 241, in _call_with_frames_removed
  File "/opt/airflow/dags/DAG_scraper.py", line 10, in <module>
    from ProcessData.DataProcessor import DataProcessor
  File "/opt/airflow/dags/ProcessData/DataProcessor.py", line 6, in <module>
    from geopy.geocoders import Nominatim
ModuleNotFoundError: No module named 'geopy'
[2025-09-24T00:27:24.509+0000] {processor.py:842} WARNING - No viable dags retrieved from /opt/airflow/dags/DAG_scraper.py
[2025-09-24T00:27:24.528+0000] {processor.py:183} INFO - Processing /opt/airflow/dags/DAG_scraper.py took 0.042 seconds
[2025-09-24T00:27:54.887+0000] {processor.py:161} INFO - Started process (PID=67) to work on /opt/airflow/dags/DAG_scraper.py
[2025-09-24T00:27:54.888+0000] {processor.py:830} INFO - Processing file /opt/airflow/dags/DAG_scraper.py for tasks to queue
[2025-09-24T00:27:54.892+0000] {logging_mixin.py:188} INFO - [2025-09-24T00:27:54.891+0000] {dagbag.py:545} INFO - Filling up the DagBag from /opt/airflow/dags/DAG_scraper.py
[2025-09-24T00:27:54.902+0000] {logging_mixin.py:188} INFO - [2025-09-24T00:27:54.900+0000] {dagbag.py:355} ERROR - Failed to import: /opt/airflow/dags/DAG_scraper.py
Traceback (most recent call last):
  File "/home/airflow/.local/lib/python3.10/site-packages/airflow/models/dagbag.py", line 351, in parse
    loader.exec_module(new_module)
  File "<frozen importlib._bootstrap_external>", line 883, in exec_module
  File "<frozen importlib._bootstrap>", line 241, in _call_with_frames_removed
  File "/opt/airflow/dags/DAG_scraper.py", line 10, in <module>
    from ProcessData.DataProcessor import DataProcessor
  File "/opt/airflow/dags/ProcessData/DataProcessor.py", line 6, in <module>
    from geopy.geocoders import Nominatim
ModuleNotFoundError: No module named 'geopy'
[2025-09-24T00:27:54.902+0000] {processor.py:842} WARNING - No viable dags retrieved from /opt/airflow/dags/DAG_scraper.py
[2025-09-24T00:27:54.937+0000] {processor.py:183} INFO - Processing /opt/airflow/dags/DAG_scraper.py took 0.062 seconds
[2025-09-24T00:28:25.210+0000] {processor.py:161} INFO - Started process (PID=68) to work on /opt/airflow/dags/DAG_scraper.py
[2025-09-24T00:28:25.212+0000] {processor.py:830} INFO - Processing file /opt/airflow/dags/DAG_scraper.py for tasks to queue
[2025-09-24T00:28:25.221+0000] {logging_mixin.py:188} INFO - [2025-09-24T00:28:25.221+0000] {dagbag.py:545} INFO - Filling up the DagBag from /opt/airflow/dags/DAG_scraper.py
[2025-09-24T00:28:25.230+0000] {logging_mixin.py:188} INFO - [2025-09-24T00:28:25.229+0000] {dagbag.py:355} ERROR - Failed to import: /opt/airflow/dags/DAG_scraper.py
Traceback (most recent call last):
  File "/home/airflow/.local/lib/python3.10/site-packages/airflow/models/dagbag.py", line 351, in parse
    loader.exec_module(new_module)
  File "<frozen importlib._bootstrap_external>", line 883, in exec_module
  File "<frozen importlib._bootstrap>", line 241, in _call_with_frames_removed
  File "/opt/airflow/dags/DAG_scraper.py", line 10, in <module>
    from ProcessData.DataProcessor import DataProcessor
  File "/opt/airflow/dags/ProcessData/DataProcessor.py", line 6, in <module>
    from geopy.geocoders import Nominatim
ModuleNotFoundError: No module named 'geopy'
[2025-09-24T00:28:25.230+0000] {processor.py:842} WARNING - No viable dags retrieved from /opt/airflow/dags/DAG_scraper.py
[2025-09-24T00:28:25.253+0000] {processor.py:183} INFO - Processing /opt/airflow/dags/DAG_scraper.py took 0.052 seconds
[2025-09-24T00:28:55.567+0000] {processor.py:161} INFO - Started process (PID=69) to work on /opt/airflow/dags/DAG_scraper.py
[2025-09-24T00:28:55.568+0000] {processor.py:830} INFO - Processing file /opt/airflow/dags/DAG_scraper.py for tasks to queue
[2025-09-24T00:28:55.571+0000] {logging_mixin.py:188} INFO - [2025-09-24T00:28:55.571+0000] {dagbag.py:545} INFO - Filling up the DagBag from /opt/airflow/dags/DAG_scraper.py
[2025-09-24T00:28:55.578+0000] {logging_mixin.py:188} INFO - [2025-09-24T00:28:55.577+0000] {dagbag.py:355} ERROR - Failed to import: /opt/airflow/dags/DAG_scraper.py
Traceback (most recent call last):
  File "/home/airflow/.local/lib/python3.10/site-packages/airflow/models/dagbag.py", line 351, in parse
    loader.exec_module(new_module)
  File "<frozen importlib._bootstrap_external>", line 883, in exec_module
  File "<frozen importlib._bootstrap>", line 241, in _call_with_frames_removed
  File "/opt/airflow/dags/DAG_scraper.py", line 10, in <module>
    from ProcessData.DataProcessor import DataProcessor
  File "/opt/airflow/dags/ProcessData/DataProcessor.py", line 6, in <module>
    from geopy.geocoders import Nominatim
ModuleNotFoundError: No module named 'geopy'
[2025-09-24T00:28:55.579+0000] {processor.py:842} WARNING - No viable dags retrieved from /opt/airflow/dags/DAG_scraper.py
[2025-09-24T00:28:55.599+0000] {processor.py:183} INFO - Processing /opt/airflow/dags/DAG_scraper.py took 0.044 seconds
[2025-09-24T00:29:25.880+0000] {processor.py:161} INFO - Started process (PID=70) to work on /opt/airflow/dags/DAG_scraper.py
[2025-09-24T00:29:25.882+0000] {processor.py:830} INFO - Processing file /opt/airflow/dags/DAG_scraper.py for tasks to queue
[2025-09-24T00:29:25.885+0000] {logging_mixin.py:188} INFO - [2025-09-24T00:29:25.885+0000] {dagbag.py:545} INFO - Filling up the DagBag from /opt/airflow/dags/DAG_scraper.py
[2025-09-24T00:29:25.898+0000] {logging_mixin.py:188} INFO - [2025-09-24T00:29:25.894+0000] {dagbag.py:355} ERROR - Failed to import: /opt/airflow/dags/DAG_scraper.py
Traceback (most recent call last):
  File "/home/airflow/.local/lib/python3.10/site-packages/airflow/models/dagbag.py", line 351, in parse
    loader.exec_module(new_module)
  File "<frozen importlib._bootstrap_external>", line 883, in exec_module
  File "<frozen importlib._bootstrap>", line 241, in _call_with_frames_removed
  File "/opt/airflow/dags/DAG_scraper.py", line 10, in <module>
    from ProcessData.DataProcessor import DataProcessor
  File "/opt/airflow/dags/ProcessData/DataProcessor.py", line 6, in <module>
    from geopy.geocoders import Nominatim
ModuleNotFoundError: No module named 'geopy'
[2025-09-24T00:29:25.898+0000] {processor.py:842} WARNING - No viable dags retrieved from /opt/airflow/dags/DAG_scraper.py
[2025-09-24T00:29:25.930+0000] {processor.py:183} INFO - Processing /opt/airflow/dags/DAG_scraper.py took 0.063 seconds
[2025-09-24T08:40:39.637+0000] {processor.py:161} INFO - Started process (PID=29) to work on /opt/airflow/dags/DAG_scraper.py
[2025-09-24T08:40:39.637+0000] {processor.py:830} INFO - Processing file /opt/airflow/dags/DAG_scraper.py for tasks to queue
[2025-09-24T08:40:39.639+0000] {logging_mixin.py:188} INFO - [2025-09-24T08:40:39.639+0000] {dagbag.py:545} INFO - Filling up the DagBag from /opt/airflow/dags/DAG_scraper.py
[2025-09-24T08:40:39.644+0000] {logging_mixin.py:188} INFO - [2025-09-24T08:40:39.643+0000] {dagbag.py:355} ERROR - Failed to import: /opt/airflow/dags/DAG_scraper.py
Traceback (most recent call last):
  File "/home/airflow/.local/lib/python3.10/site-packages/airflow/models/dagbag.py", line 351, in parse
    loader.exec_module(new_module)
  File "<frozen importlib._bootstrap_external>", line 883, in exec_module
  File "<frozen importlib._bootstrap>", line 241, in _call_with_frames_removed
  File "/opt/airflow/dags/DAG_scraper.py", line 10, in <module>
    from ProcessData.DataProcessor import DataProcessor
  File "/opt/airflow/dags/ProcessData/DataProcessor.py", line 6, in <module>
    from geopy.geocoders import Nominatim
ModuleNotFoundError: No module named 'geopy'
[2025-09-24T08:40:39.644+0000] {processor.py:842} WARNING - No viable dags retrieved from /opt/airflow/dags/DAG_scraper.py
[2025-09-24T08:40:39.654+0000] {processor.py:183} INFO - Processing /opt/airflow/dags/DAG_scraper.py took 0.021 seconds
[2025-09-24T08:41:09.868+0000] {processor.py:161} INFO - Started process (PID=30) to work on /opt/airflow/dags/DAG_scraper.py
[2025-09-24T08:41:09.869+0000] {processor.py:830} INFO - Processing file /opt/airflow/dags/DAG_scraper.py for tasks to queue
[2025-09-24T08:41:09.871+0000] {logging_mixin.py:188} INFO - [2025-09-24T08:41:09.871+0000] {dagbag.py:545} INFO - Filling up the DagBag from /opt/airflow/dags/DAG_scraper.py
[2025-09-24T08:41:09.877+0000] {logging_mixin.py:188} INFO - [2025-09-24T08:41:09.876+0000] {dagbag.py:355} ERROR - Failed to import: /opt/airflow/dags/DAG_scraper.py
Traceback (most recent call last):
  File "/home/airflow/.local/lib/python3.10/site-packages/airflow/models/dagbag.py", line 351, in parse
    loader.exec_module(new_module)
  File "<frozen importlib._bootstrap_external>", line 883, in exec_module
  File "<frozen importlib._bootstrap>", line 241, in _call_with_frames_removed
  File "/opt/airflow/dags/DAG_scraper.py", line 10, in <module>
    from ProcessData.DataProcessor import DataProcessor
  File "/opt/airflow/dags/ProcessData/DataProcessor.py", line 6, in <module>
    from geopy.geocoders import Nominatim
ModuleNotFoundError: No module named 'geopy'
[2025-09-24T08:41:09.877+0000] {processor.py:842} WARNING - No viable dags retrieved from /opt/airflow/dags/DAG_scraper.py
[2025-09-24T08:41:09.890+0000] {processor.py:183} INFO - Processing /opt/airflow/dags/DAG_scraper.py took 0.030 seconds
[2025-09-24T08:41:40.143+0000] {processor.py:161} INFO - Started process (PID=31) to work on /opt/airflow/dags/DAG_scraper.py
[2025-09-24T08:41:40.144+0000] {processor.py:830} INFO - Processing file /opt/airflow/dags/DAG_scraper.py for tasks to queue
[2025-09-24T08:41:40.146+0000] {logging_mixin.py:188} INFO - [2025-09-24T08:41:40.146+0000] {dagbag.py:545} INFO - Filling up the DagBag from /opt/airflow/dags/DAG_scraper.py
[2025-09-24T08:41:40.151+0000] {logging_mixin.py:188} INFO - [2025-09-24T08:41:40.150+0000] {dagbag.py:355} ERROR - Failed to import: /opt/airflow/dags/DAG_scraper.py
Traceback (most recent call last):
  File "/home/airflow/.local/lib/python3.10/site-packages/airflow/models/dagbag.py", line 351, in parse
    loader.exec_module(new_module)
  File "<frozen importlib._bootstrap_external>", line 883, in exec_module
  File "<frozen importlib._bootstrap>", line 241, in _call_with_frames_removed
  File "/opt/airflow/dags/DAG_scraper.py", line 10, in <module>
    from ProcessData.DataProcessor import DataProcessor
  File "/opt/airflow/dags/ProcessData/DataProcessor.py", line 6, in <module>
    from geopy.geocoders import Nominatim
ModuleNotFoundError: No module named 'geopy'
[2025-09-24T08:41:40.151+0000] {processor.py:842} WARNING - No viable dags retrieved from /opt/airflow/dags/DAG_scraper.py
[2025-09-24T08:41:40.184+0000] {processor.py:183} INFO - Processing /opt/airflow/dags/DAG_scraper.py took 0.046 seconds
[2025-09-24T08:42:10.437+0000] {processor.py:161} INFO - Started process (PID=32) to work on /opt/airflow/dags/DAG_scraper.py
[2025-09-24T08:42:10.437+0000] {processor.py:830} INFO - Processing file /opt/airflow/dags/DAG_scraper.py for tasks to queue
[2025-09-24T08:42:10.439+0000] {logging_mixin.py:188} INFO - [2025-09-24T08:42:10.439+0000] {dagbag.py:545} INFO - Filling up the DagBag from /opt/airflow/dags/DAG_scraper.py
[2025-09-24T08:42:10.449+0000] {logging_mixin.py:188} INFO - [2025-09-24T08:42:10.448+0000] {dagbag.py:355} ERROR - Failed to import: /opt/airflow/dags/DAG_scraper.py
Traceback (most recent call last):
  File "/home/airflow/.local/lib/python3.10/site-packages/airflow/models/dagbag.py", line 351, in parse
    loader.exec_module(new_module)
  File "<frozen importlib._bootstrap_external>", line 883, in exec_module
  File "<frozen importlib._bootstrap>", line 241, in _call_with_frames_removed
  File "/opt/airflow/dags/DAG_scraper.py", line 10, in <module>
    from ProcessData.DataProcessor import DataProcessor
  File "/opt/airflow/dags/ProcessData/DataProcessor.py", line 6, in <module>
    from geopy.geocoders import Nominatim
ModuleNotFoundError: No module named 'geopy'
[2025-09-24T08:42:10.450+0000] {processor.py:842} WARNING - No viable dags retrieved from /opt/airflow/dags/DAG_scraper.py
[2025-09-24T08:42:10.478+0000] {processor.py:183} INFO - Processing /opt/airflow/dags/DAG_scraper.py took 0.047 seconds
[2025-09-24T08:42:40.638+0000] {processor.py:161} INFO - Started process (PID=33) to work on /opt/airflow/dags/DAG_scraper.py
[2025-09-24T08:42:40.638+0000] {processor.py:830} INFO - Processing file /opt/airflow/dags/DAG_scraper.py for tasks to queue
[2025-09-24T08:42:40.640+0000] {logging_mixin.py:188} INFO - [2025-09-24T08:42:40.640+0000] {dagbag.py:545} INFO - Filling up the DagBag from /opt/airflow/dags/DAG_scraper.py
[2025-09-24T08:42:40.647+0000] {logging_mixin.py:188} INFO - [2025-09-24T08:42:40.647+0000] {dagbag.py:355} ERROR - Failed to import: /opt/airflow/dags/DAG_scraper.py
Traceback (most recent call last):
  File "/home/airflow/.local/lib/python3.10/site-packages/airflow/models/dagbag.py", line 351, in parse
    loader.exec_module(new_module)
  File "<frozen importlib._bootstrap_external>", line 883, in exec_module
  File "<frozen importlib._bootstrap>", line 241, in _call_with_frames_removed
  File "/opt/airflow/dags/DAG_scraper.py", line 10, in <module>
    from ProcessData.DataProcessor import DataProcessor
  File "/opt/airflow/dags/ProcessData/DataProcessor.py", line 6, in <module>
    from geopy.geocoders import Nominatim
ModuleNotFoundError: No module named 'geopy'
[2025-09-24T08:42:40.648+0000] {processor.py:842} WARNING - No viable dags retrieved from /opt/airflow/dags/DAG_scraper.py
[2025-09-24T08:42:40.661+0000] {processor.py:183} INFO - Processing /opt/airflow/dags/DAG_scraper.py took 0.029 seconds
[2025-09-24T08:43:10.945+0000] {processor.py:161} INFO - Started process (PID=34) to work on /opt/airflow/dags/DAG_scraper.py
[2025-09-24T08:43:10.945+0000] {processor.py:830} INFO - Processing file /opt/airflow/dags/DAG_scraper.py for tasks to queue
[2025-09-24T08:43:10.948+0000] {logging_mixin.py:188} INFO - [2025-09-24T08:43:10.947+0000] {dagbag.py:545} INFO - Filling up the DagBag from /opt/airflow/dags/DAG_scraper.py
[2025-09-24T08:43:10.959+0000] {logging_mixin.py:188} INFO - [2025-09-24T08:43:10.956+0000] {dagbag.py:355} ERROR - Failed to import: /opt/airflow/dags/DAG_scraper.py
Traceback (most recent call last):
  File "/home/airflow/.local/lib/python3.10/site-packages/airflow/models/dagbag.py", line 351, in parse
    loader.exec_module(new_module)
  File "<frozen importlib._bootstrap_external>", line 883, in exec_module
  File "<frozen importlib._bootstrap>", line 241, in _call_with_frames_removed
  File "/opt/airflow/dags/DAG_scraper.py", line 10, in <module>
    from ProcessData.DataProcessor import DataProcessor
  File "/opt/airflow/dags/ProcessData/DataProcessor.py", line 6, in <module>
    from geopy.geocoders import Nominatim
ModuleNotFoundError: No module named 'geopy'
[2025-09-24T08:43:10.959+0000] {processor.py:842} WARNING - No viable dags retrieved from /opt/airflow/dags/DAG_scraper.py
[2025-09-24T08:43:10.985+0000] {processor.py:183} INFO - Processing /opt/airflow/dags/DAG_scraper.py took 0.046 seconds
[2025-09-24T08:43:41.260+0000] {processor.py:161} INFO - Started process (PID=35) to work on /opt/airflow/dags/DAG_scraper.py
[2025-09-24T08:43:41.261+0000] {processor.py:830} INFO - Processing file /opt/airflow/dags/DAG_scraper.py for tasks to queue
[2025-09-24T08:43:41.264+0000] {logging_mixin.py:188} INFO - [2025-09-24T08:43:41.264+0000] {dagbag.py:545} INFO - Filling up the DagBag from /opt/airflow/dags/DAG_scraper.py
[2025-09-24T08:43:41.272+0000] {logging_mixin.py:188} INFO - [2025-09-24T08:43:41.271+0000] {dagbag.py:355} ERROR - Failed to import: /opt/airflow/dags/DAG_scraper.py
Traceback (most recent call last):
  File "/home/airflow/.local/lib/python3.10/site-packages/airflow/models/dagbag.py", line 351, in parse
    loader.exec_module(new_module)
  File "<frozen importlib._bootstrap_external>", line 883, in exec_module
  File "<frozen importlib._bootstrap>", line 241, in _call_with_frames_removed
  File "/opt/airflow/dags/DAG_scraper.py", line 10, in <module>
    from ProcessData.DataProcessor import DataProcessor
  File "/opt/airflow/dags/ProcessData/DataProcessor.py", line 6, in <module>
    from geopy.geocoders import Nominatim
ModuleNotFoundError: No module named 'geopy'
[2025-09-24T08:43:41.272+0000] {processor.py:842} WARNING - No viable dags retrieved from /opt/airflow/dags/DAG_scraper.py
[2025-09-24T08:43:41.292+0000] {processor.py:183} INFO - Processing /opt/airflow/dags/DAG_scraper.py took 0.040 seconds
[2025-09-24T08:44:11.605+0000] {processor.py:161} INFO - Started process (PID=36) to work on /opt/airflow/dags/DAG_scraper.py
[2025-09-24T08:44:11.605+0000] {processor.py:830} INFO - Processing file /opt/airflow/dags/DAG_scraper.py for tasks to queue
[2025-09-24T08:44:11.609+0000] {logging_mixin.py:188} INFO - [2025-09-24T08:44:11.608+0000] {dagbag.py:545} INFO - Filling up the DagBag from /opt/airflow/dags/DAG_scraper.py
[2025-09-24T08:44:11.618+0000] {logging_mixin.py:188} INFO - [2025-09-24T08:44:11.617+0000] {dagbag.py:355} ERROR - Failed to import: /opt/airflow/dags/DAG_scraper.py
Traceback (most recent call last):
  File "/home/airflow/.local/lib/python3.10/site-packages/airflow/models/dagbag.py", line 351, in parse
    loader.exec_module(new_module)
  File "<frozen importlib._bootstrap_external>", line 883, in exec_module
  File "<frozen importlib._bootstrap>", line 241, in _call_with_frames_removed
  File "/opt/airflow/dags/DAG_scraper.py", line 10, in <module>
    from ProcessData.DataProcessor import DataProcessor
  File "/opt/airflow/dags/ProcessData/DataProcessor.py", line 6, in <module>
    from geopy.geocoders import Nominatim
ModuleNotFoundError: No module named 'geopy'
[2025-09-24T08:44:11.618+0000] {processor.py:842} WARNING - No viable dags retrieved from /opt/airflow/dags/DAG_scraper.py
[2025-09-24T08:44:11.635+0000] {processor.py:183} INFO - Processing /opt/airflow/dags/DAG_scraper.py took 0.041 seconds
[2025-09-24T08:44:41.922+0000] {processor.py:161} INFO - Started process (PID=37) to work on /opt/airflow/dags/DAG_scraper.py
[2025-09-24T08:44:41.923+0000] {processor.py:830} INFO - Processing file /opt/airflow/dags/DAG_scraper.py for tasks to queue
[2025-09-24T08:44:41.926+0000] {logging_mixin.py:188} INFO - [2025-09-24T08:44:41.925+0000] {dagbag.py:545} INFO - Filling up the DagBag from /opt/airflow/dags/DAG_scraper.py
[2025-09-24T08:44:41.934+0000] {logging_mixin.py:188} INFO - [2025-09-24T08:44:41.933+0000] {dagbag.py:355} ERROR - Failed to import: /opt/airflow/dags/DAG_scraper.py
Traceback (most recent call last):
  File "/home/airflow/.local/lib/python3.10/site-packages/airflow/models/dagbag.py", line 351, in parse
    loader.exec_module(new_module)
  File "<frozen importlib._bootstrap_external>", line 883, in exec_module
  File "<frozen importlib._bootstrap>", line 241, in _call_with_frames_removed
  File "/opt/airflow/dags/DAG_scraper.py", line 10, in <module>
    from ProcessData.DataProcessor import DataProcessor
  File "/opt/airflow/dags/ProcessData/DataProcessor.py", line 6, in <module>
    from geopy.geocoders import Nominatim
ModuleNotFoundError: No module named 'geopy'
[2025-09-24T08:44:41.934+0000] {processor.py:842} WARNING - No viable dags retrieved from /opt/airflow/dags/DAG_scraper.py
[2025-09-24T08:44:41.950+0000] {processor.py:183} INFO - Processing /opt/airflow/dags/DAG_scraper.py took 0.037 seconds
[2025-09-24T08:45:12.270+0000] {processor.py:161} INFO - Started process (PID=38) to work on /opt/airflow/dags/DAG_scraper.py
[2025-09-24T08:45:12.270+0000] {processor.py:830} INFO - Processing file /opt/airflow/dags/DAG_scraper.py for tasks to queue
[2025-09-24T08:45:12.273+0000] {logging_mixin.py:188} INFO - [2025-09-24T08:45:12.273+0000] {dagbag.py:545} INFO - Filling up the DagBag from /opt/airflow/dags/DAG_scraper.py
[2025-09-24T08:45:12.280+0000] {logging_mixin.py:188} INFO - [2025-09-24T08:45:12.279+0000] {dagbag.py:355} ERROR - Failed to import: /opt/airflow/dags/DAG_scraper.py
Traceback (most recent call last):
  File "/home/airflow/.local/lib/python3.10/site-packages/airflow/models/dagbag.py", line 351, in parse
    loader.exec_module(new_module)
  File "<frozen importlib._bootstrap_external>", line 883, in exec_module
  File "<frozen importlib._bootstrap>", line 241, in _call_with_frames_removed
  File "/opt/airflow/dags/DAG_scraper.py", line 10, in <module>
    from ProcessData.DataProcessor import DataProcessor
  File "/opt/airflow/dags/ProcessData/DataProcessor.py", line 6, in <module>
    from geopy.geocoders import Nominatim
ModuleNotFoundError: No module named 'geopy'
[2025-09-24T08:45:12.280+0000] {processor.py:842} WARNING - No viable dags retrieved from /opt/airflow/dags/DAG_scraper.py
[2025-09-24T08:45:12.295+0000] {processor.py:183} INFO - Processing /opt/airflow/dags/DAG_scraper.py took 0.059 seconds
[2025-09-24T08:45:42.577+0000] {processor.py:161} INFO - Started process (PID=39) to work on /opt/airflow/dags/DAG_scraper.py
[2025-09-24T08:45:42.578+0000] {processor.py:830} INFO - Processing file /opt/airflow/dags/DAG_scraper.py for tasks to queue
[2025-09-24T08:45:42.581+0000] {logging_mixin.py:188} INFO - [2025-09-24T08:45:42.580+0000] {dagbag.py:545} INFO - Filling up the DagBag from /opt/airflow/dags/DAG_scraper.py
[2025-09-24T08:45:42.592+0000] {logging_mixin.py:188} INFO - [2025-09-24T08:45:42.589+0000] {dagbag.py:355} ERROR - Failed to import: /opt/airflow/dags/DAG_scraper.py
Traceback (most recent call last):
  File "/home/airflow/.local/lib/python3.10/site-packages/airflow/models/dagbag.py", line 351, in parse
    loader.exec_module(new_module)
  File "<frozen importlib._bootstrap_external>", line 883, in exec_module
  File "<frozen importlib._bootstrap>", line 241, in _call_with_frames_removed
  File "/opt/airflow/dags/DAG_scraper.py", line 10, in <module>
    from ProcessData.DataProcessor import DataProcessor
  File "/opt/airflow/dags/ProcessData/DataProcessor.py", line 6, in <module>
    from geopy.geocoders import Nominatim
ModuleNotFoundError: No module named 'geopy'
[2025-09-24T08:45:42.593+0000] {processor.py:842} WARNING - No viable dags retrieved from /opt/airflow/dags/DAG_scraper.py
[2025-09-24T08:45:42.609+0000] {processor.py:183} INFO - Processing /opt/airflow/dags/DAG_scraper.py took 0.040 seconds
[2025-09-24T08:46:12.826+0000] {processor.py:161} INFO - Started process (PID=40) to work on /opt/airflow/dags/DAG_scraper.py
[2025-09-24T08:46:12.827+0000] {processor.py:830} INFO - Processing file /opt/airflow/dags/DAG_scraper.py for tasks to queue
[2025-09-24T08:46:12.829+0000] {logging_mixin.py:188} INFO - [2025-09-24T08:46:12.829+0000] {dagbag.py:545} INFO - Filling up the DagBag from /opt/airflow/dags/DAG_scraper.py
[2025-09-24T08:46:12.835+0000] {logging_mixin.py:188} INFO - [2025-09-24T08:46:12.834+0000] {dagbag.py:355} ERROR - Failed to import: /opt/airflow/dags/DAG_scraper.py
Traceback (most recent call last):
  File "/home/airflow/.local/lib/python3.10/site-packages/airflow/models/dagbag.py", line 351, in parse
    loader.exec_module(new_module)
  File "<frozen importlib._bootstrap_external>", line 883, in exec_module
  File "<frozen importlib._bootstrap>", line 241, in _call_with_frames_removed
  File "/opt/airflow/dags/DAG_scraper.py", line 10, in <module>
    from ProcessData.DataProcessor import DataProcessor
  File "/opt/airflow/dags/ProcessData/DataProcessor.py", line 6, in <module>
    from geopy.geocoders import Nominatim
ModuleNotFoundError: No module named 'geopy'
[2025-09-24T08:46:12.835+0000] {processor.py:842} WARNING - No viable dags retrieved from /opt/airflow/dags/DAG_scraper.py
[2025-09-24T08:46:12.864+0000] {processor.py:183} INFO - Processing /opt/airflow/dags/DAG_scraper.py took 0.048 seconds
[2025-09-24T08:46:43.170+0000] {processor.py:161} INFO - Started process (PID=41) to work on /opt/airflow/dags/DAG_scraper.py
[2025-09-24T08:46:43.171+0000] {processor.py:830} INFO - Processing file /opt/airflow/dags/DAG_scraper.py for tasks to queue
[2025-09-24T08:46:43.173+0000] {logging_mixin.py:188} INFO - [2025-09-24T08:46:43.173+0000] {dagbag.py:545} INFO - Filling up the DagBag from /opt/airflow/dags/DAG_scraper.py
[2025-09-24T08:46:43.180+0000] {logging_mixin.py:188} INFO - [2025-09-24T08:46:43.179+0000] {dagbag.py:355} ERROR - Failed to import: /opt/airflow/dags/DAG_scraper.py
Traceback (most recent call last):
  File "/home/airflow/.local/lib/python3.10/site-packages/airflow/models/dagbag.py", line 351, in parse
    loader.exec_module(new_module)
  File "<frozen importlib._bootstrap_external>", line 883, in exec_module
  File "<frozen importlib._bootstrap>", line 241, in _call_with_frames_removed
  File "/opt/airflow/dags/DAG_scraper.py", line 10, in <module>
    from ProcessData.DataProcessor import DataProcessor
  File "/opt/airflow/dags/ProcessData/DataProcessor.py", line 6, in <module>
    from geopy.geocoders import Nominatim
ModuleNotFoundError: No module named 'geopy'
[2025-09-24T08:46:43.181+0000] {processor.py:842} WARNING - No viable dags retrieved from /opt/airflow/dags/DAG_scraper.py
[2025-09-24T08:46:43.196+0000] {processor.py:183} INFO - Processing /opt/airflow/dags/DAG_scraper.py took 0.034 seconds
[2025-09-24T08:47:13.570+0000] {processor.py:161} INFO - Started process (PID=42) to work on /opt/airflow/dags/DAG_scraper.py
[2025-09-24T08:47:13.571+0000] {processor.py:830} INFO - Processing file /opt/airflow/dags/DAG_scraper.py for tasks to queue
[2025-09-24T08:47:13.574+0000] {logging_mixin.py:188} INFO - [2025-09-24T08:47:13.574+0000] {dagbag.py:545} INFO - Filling up the DagBag from /opt/airflow/dags/DAG_scraper.py
[2025-09-24T08:47:13.589+0000] {logging_mixin.py:188} INFO - [2025-09-24T08:47:13.586+0000] {dagbag.py:355} ERROR - Failed to import: /opt/airflow/dags/DAG_scraper.py
Traceback (most recent call last):
  File "/home/airflow/.local/lib/python3.10/site-packages/airflow/models/dagbag.py", line 351, in parse
    loader.exec_module(new_module)
  File "<frozen importlib._bootstrap_external>", line 883, in exec_module
  File "<frozen importlib._bootstrap>", line 241, in _call_with_frames_removed
  File "/opt/airflow/dags/DAG_scraper.py", line 10, in <module>
    from ProcessData.DataProcessor import DataProcessor
  File "/opt/airflow/dags/ProcessData/DataProcessor.py", line 6, in <module>
    from geopy.geocoders import Nominatim
ModuleNotFoundError: No module named 'geopy'
[2025-09-24T08:47:13.589+0000] {processor.py:842} WARNING - No viable dags retrieved from /opt/airflow/dags/DAG_scraper.py
[2025-09-24T08:47:13.616+0000] {processor.py:183} INFO - Processing /opt/airflow/dags/DAG_scraper.py took 0.057 seconds
[2025-09-24T08:47:43.898+0000] {processor.py:161} INFO - Started process (PID=43) to work on /opt/airflow/dags/DAG_scraper.py
[2025-09-24T08:47:43.899+0000] {processor.py:830} INFO - Processing file /opt/airflow/dags/DAG_scraper.py for tasks to queue
[2025-09-24T08:47:43.901+0000] {logging_mixin.py:188} INFO - [2025-09-24T08:47:43.901+0000] {dagbag.py:545} INFO - Filling up the DagBag from /opt/airflow/dags/DAG_scraper.py
[2025-09-24T08:47:43.908+0000] {logging_mixin.py:188} INFO - [2025-09-24T08:47:43.907+0000] {dagbag.py:355} ERROR - Failed to import: /opt/airflow/dags/DAG_scraper.py
Traceback (most recent call last):
  File "/home/airflow/.local/lib/python3.10/site-packages/airflow/models/dagbag.py", line 351, in parse
    loader.exec_module(new_module)
  File "<frozen importlib._bootstrap_external>", line 883, in exec_module
  File "<frozen importlib._bootstrap>", line 241, in _call_with_frames_removed
  File "/opt/airflow/dags/DAG_scraper.py", line 10, in <module>
    from ProcessData.DataProcessor import DataProcessor
  File "/opt/airflow/dags/ProcessData/DataProcessor.py", line 6, in <module>
    from geopy.geocoders import Nominatim
ModuleNotFoundError: No module named 'geopy'
[2025-09-24T08:47:43.908+0000] {processor.py:842} WARNING - No viable dags retrieved from /opt/airflow/dags/DAG_scraper.py
[2025-09-24T08:47:43.933+0000] {processor.py:183} INFO - Processing /opt/airflow/dags/DAG_scraper.py took 0.045 seconds
[2025-09-24T08:48:14.238+0000] {processor.py:161} INFO - Started process (PID=44) to work on /opt/airflow/dags/DAG_scraper.py
[2025-09-24T08:48:14.239+0000] {processor.py:830} INFO - Processing file /opt/airflow/dags/DAG_scraper.py for tasks to queue
[2025-09-24T08:48:14.242+0000] {logging_mixin.py:188} INFO - [2025-09-24T08:48:14.241+0000] {dagbag.py:545} INFO - Filling up the DagBag from /opt/airflow/dags/DAG_scraper.py
[2025-09-24T08:48:14.249+0000] {logging_mixin.py:188} INFO - [2025-09-24T08:48:14.248+0000] {dagbag.py:355} ERROR - Failed to import: /opt/airflow/dags/DAG_scraper.py
Traceback (most recent call last):
  File "/home/airflow/.local/lib/python3.10/site-packages/airflow/models/dagbag.py", line 351, in parse
    loader.exec_module(new_module)
  File "<frozen importlib._bootstrap_external>", line 883, in exec_module
  File "<frozen importlib._bootstrap>", line 241, in _call_with_frames_removed
  File "/opt/airflow/dags/DAG_scraper.py", line 10, in <module>
    from ProcessData.DataProcessor import DataProcessor
  File "/opt/airflow/dags/ProcessData/DataProcessor.py", line 6, in <module>
    from geopy.geocoders import Nominatim
ModuleNotFoundError: No module named 'geopy'
[2025-09-24T08:48:14.249+0000] {processor.py:842} WARNING - No viable dags retrieved from /opt/airflow/dags/DAG_scraper.py
[2025-09-24T08:48:14.284+0000] {processor.py:183} INFO - Processing /opt/airflow/dags/DAG_scraper.py took 0.056 seconds
[2025-09-24T08:48:44.533+0000] {processor.py:161} INFO - Started process (PID=45) to work on /opt/airflow/dags/DAG_scraper.py
[2025-09-24T08:48:44.533+0000] {processor.py:830} INFO - Processing file /opt/airflow/dags/DAG_scraper.py for tasks to queue
[2025-09-24T08:48:44.535+0000] {logging_mixin.py:188} INFO - [2025-09-24T08:48:44.535+0000] {dagbag.py:545} INFO - Filling up the DagBag from /opt/airflow/dags/DAG_scraper.py
[2025-09-24T08:48:44.541+0000] {logging_mixin.py:188} INFO - [2025-09-24T08:48:44.540+0000] {dagbag.py:355} ERROR - Failed to import: /opt/airflow/dags/DAG_scraper.py
Traceback (most recent call last):
  File "/home/airflow/.local/lib/python3.10/site-packages/airflow/models/dagbag.py", line 351, in parse
    loader.exec_module(new_module)
  File "<frozen importlib._bootstrap_external>", line 883, in exec_module
  File "<frozen importlib._bootstrap>", line 241, in _call_with_frames_removed
  File "/opt/airflow/dags/DAG_scraper.py", line 10, in <module>
    from ProcessData.DataProcessor import DataProcessor
  File "/opt/airflow/dags/ProcessData/DataProcessor.py", line 6, in <module>
    from geopy.geocoders import Nominatim
ModuleNotFoundError: No module named 'geopy'
[2025-09-24T08:48:44.541+0000] {processor.py:842} WARNING - No viable dags retrieved from /opt/airflow/dags/DAG_scraper.py
[2025-09-24T08:48:44.556+0000] {processor.py:183} INFO - Processing /opt/airflow/dags/DAG_scraper.py took 0.030 seconds
[2025-09-24T08:49:14.841+0000] {processor.py:161} INFO - Started process (PID=46) to work on /opt/airflow/dags/DAG_scraper.py
[2025-09-24T08:49:14.842+0000] {processor.py:830} INFO - Processing file /opt/airflow/dags/DAG_scraper.py for tasks to queue
[2025-09-24T08:49:14.844+0000] {logging_mixin.py:188} INFO - [2025-09-24T08:49:14.844+0000] {dagbag.py:545} INFO - Filling up the DagBag from /opt/airflow/dags/DAG_scraper.py
[2025-09-24T08:49:14.852+0000] {logging_mixin.py:188} INFO - [2025-09-24T08:49:14.851+0000] {dagbag.py:355} ERROR - Failed to import: /opt/airflow/dags/DAG_scraper.py
Traceback (most recent call last):
  File "/home/airflow/.local/lib/python3.10/site-packages/airflow/models/dagbag.py", line 351, in parse
    loader.exec_module(new_module)
  File "<frozen importlib._bootstrap_external>", line 883, in exec_module
  File "<frozen importlib._bootstrap>", line 241, in _call_with_frames_removed
  File "/opt/airflow/dags/DAG_scraper.py", line 10, in <module>
    from ProcessData.DataProcessor import DataProcessor
  File "/opt/airflow/dags/ProcessData/DataProcessor.py", line 6, in <module>
    from geopy.geocoders import Nominatim
ModuleNotFoundError: No module named 'geopy'
[2025-09-24T08:49:14.852+0000] {processor.py:842} WARNING - No viable dags retrieved from /opt/airflow/dags/DAG_scraper.py
[2025-09-24T08:49:14.870+0000] {processor.py:183} INFO - Processing /opt/airflow/dags/DAG_scraper.py took 0.039 seconds
[2025-09-24T08:49:45.135+0000] {processor.py:161} INFO - Started process (PID=47) to work on /opt/airflow/dags/DAG_scraper.py
[2025-09-24T08:49:45.136+0000] {processor.py:830} INFO - Processing file /opt/airflow/dags/DAG_scraper.py for tasks to queue
[2025-09-24T08:49:45.137+0000] {logging_mixin.py:188} INFO - [2025-09-24T08:49:45.137+0000] {dagbag.py:545} INFO - Filling up the DagBag from /opt/airflow/dags/DAG_scraper.py
[2025-09-24T08:49:45.143+0000] {logging_mixin.py:188} INFO - [2025-09-24T08:49:45.142+0000] {dagbag.py:355} ERROR - Failed to import: /opt/airflow/dags/DAG_scraper.py
Traceback (most recent call last):
  File "/home/airflow/.local/lib/python3.10/site-packages/airflow/models/dagbag.py", line 351, in parse
    loader.exec_module(new_module)
  File "<frozen importlib._bootstrap_external>", line 883, in exec_module
  File "<frozen importlib._bootstrap>", line 241, in _call_with_frames_removed
  File "/opt/airflow/dags/DAG_scraper.py", line 10, in <module>
    from ProcessData.DataProcessor import DataProcessor
  File "/opt/airflow/dags/ProcessData/DataProcessor.py", line 6, in <module>
    from geopy.geocoders import Nominatim
ModuleNotFoundError: No module named 'geopy'
[2025-09-24T08:49:45.143+0000] {processor.py:842} WARNING - No viable dags retrieved from /opt/airflow/dags/DAG_scraper.py
[2025-09-24T08:49:45.156+0000] {processor.py:183} INFO - Processing /opt/airflow/dags/DAG_scraper.py took 0.028 seconds
[2025-09-24T08:50:15.387+0000] {processor.py:161} INFO - Started process (PID=48) to work on /opt/airflow/dags/DAG_scraper.py
[2025-09-24T08:50:15.388+0000] {processor.py:830} INFO - Processing file /opt/airflow/dags/DAG_scraper.py for tasks to queue
[2025-09-24T08:50:15.389+0000] {logging_mixin.py:188} INFO - [2025-09-24T08:50:15.389+0000] {dagbag.py:545} INFO - Filling up the DagBag from /opt/airflow/dags/DAG_scraper.py
[2025-09-24T08:50:15.395+0000] {logging_mixin.py:188} INFO - [2025-09-24T08:50:15.394+0000] {dagbag.py:355} ERROR - Failed to import: /opt/airflow/dags/DAG_scraper.py
Traceback (most recent call last):
  File "/home/airflow/.local/lib/python3.10/site-packages/airflow/models/dagbag.py", line 351, in parse
    loader.exec_module(new_module)
  File "<frozen importlib._bootstrap_external>", line 883, in exec_module
  File "<frozen importlib._bootstrap>", line 241, in _call_with_frames_removed
  File "/opt/airflow/dags/DAG_scraper.py", line 10, in <module>
    from ProcessData.DataProcessor import DataProcessor
  File "/opt/airflow/dags/ProcessData/DataProcessor.py", line 6, in <module>
    from geopy.geocoders import Nominatim
ModuleNotFoundError: No module named 'geopy'
[2025-09-24T08:50:15.395+0000] {processor.py:842} WARNING - No viable dags retrieved from /opt/airflow/dags/DAG_scraper.py
[2025-09-24T08:50:15.410+0000] {processor.py:183} INFO - Processing /opt/airflow/dags/DAG_scraper.py took 0.028 seconds
[2025-09-24T08:50:45.699+0000] {processor.py:161} INFO - Started process (PID=49) to work on /opt/airflow/dags/DAG_scraper.py
[2025-09-24T08:50:45.700+0000] {processor.py:830} INFO - Processing file /opt/airflow/dags/DAG_scraper.py for tasks to queue
[2025-09-24T08:50:45.702+0000] {logging_mixin.py:188} INFO - [2025-09-24T08:50:45.701+0000] {dagbag.py:545} INFO - Filling up the DagBag from /opt/airflow/dags/DAG_scraper.py
[2025-09-24T08:50:45.707+0000] {logging_mixin.py:188} INFO - [2025-09-24T08:50:45.706+0000] {dagbag.py:355} ERROR - Failed to import: /opt/airflow/dags/DAG_scraper.py
Traceback (most recent call last):
  File "/home/airflow/.local/lib/python3.10/site-packages/airflow/models/dagbag.py", line 351, in parse
    loader.exec_module(new_module)
  File "<frozen importlib._bootstrap_external>", line 883, in exec_module
  File "<frozen importlib._bootstrap>", line 241, in _call_with_frames_removed
  File "/opt/airflow/dags/DAG_scraper.py", line 10, in <module>
    from ProcessData.DataProcessor import DataProcessor
  File "/opt/airflow/dags/ProcessData/DataProcessor.py", line 6, in <module>
    from geopy.geocoders import Nominatim
ModuleNotFoundError: No module named 'geopy'
[2025-09-24T08:50:45.707+0000] {processor.py:842} WARNING - No viable dags retrieved from /opt/airflow/dags/DAG_scraper.py
[2025-09-24T08:50:45.719+0000] {processor.py:183} INFO - Processing /opt/airflow/dags/DAG_scraper.py took 0.026 seconds
[2025-09-24T08:51:15.977+0000] {processor.py:161} INFO - Started process (PID=50) to work on /opt/airflow/dags/DAG_scraper.py
[2025-09-24T08:51:15.978+0000] {processor.py:830} INFO - Processing file /opt/airflow/dags/DAG_scraper.py for tasks to queue
[2025-09-24T08:51:15.980+0000] {logging_mixin.py:188} INFO - [2025-09-24T08:51:15.979+0000] {dagbag.py:545} INFO - Filling up the DagBag from /opt/airflow/dags/DAG_scraper.py
[2025-09-24T08:51:15.986+0000] {logging_mixin.py:188} INFO - [2025-09-24T08:51:15.985+0000] {dagbag.py:355} ERROR - Failed to import: /opt/airflow/dags/DAG_scraper.py
Traceback (most recent call last):
  File "/home/airflow/.local/lib/python3.10/site-packages/airflow/models/dagbag.py", line 351, in parse
    loader.exec_module(new_module)
  File "<frozen importlib._bootstrap_external>", line 883, in exec_module
  File "<frozen importlib._bootstrap>", line 241, in _call_with_frames_removed
  File "/opt/airflow/dags/DAG_scraper.py", line 10, in <module>
    from ProcessData.DataProcessor import DataProcessor
  File "/opt/airflow/dags/ProcessData/DataProcessor.py", line 6, in <module>
    from geopy.geocoders import Nominatim
ModuleNotFoundError: No module named 'geopy'
[2025-09-24T08:51:15.986+0000] {processor.py:842} WARNING - No viable dags retrieved from /opt/airflow/dags/DAG_scraper.py
[2025-09-24T08:51:16.001+0000] {processor.py:183} INFO - Processing /opt/airflow/dags/DAG_scraper.py took 0.031 seconds
[2025-09-24T08:51:46.272+0000] {processor.py:161} INFO - Started process (PID=51) to work on /opt/airflow/dags/DAG_scraper.py
[2025-09-24T08:51:46.273+0000] {processor.py:830} INFO - Processing file /opt/airflow/dags/DAG_scraper.py for tasks to queue
[2025-09-24T08:51:46.275+0000] {logging_mixin.py:188} INFO - [2025-09-24T08:51:46.274+0000] {dagbag.py:545} INFO - Filling up the DagBag from /opt/airflow/dags/DAG_scraper.py
[2025-09-24T08:51:46.280+0000] {logging_mixin.py:188} INFO - [2025-09-24T08:51:46.279+0000] {dagbag.py:355} ERROR - Failed to import: /opt/airflow/dags/DAG_scraper.py
Traceback (most recent call last):
  File "/home/airflow/.local/lib/python3.10/site-packages/airflow/models/dagbag.py", line 351, in parse
    loader.exec_module(new_module)
  File "<frozen importlib._bootstrap_external>", line 883, in exec_module
  File "<frozen importlib._bootstrap>", line 241, in _call_with_frames_removed
  File "/opt/airflow/dags/DAG_scraper.py", line 10, in <module>
    from ProcessData.DataProcessor import DataProcessor
  File "/opt/airflow/dags/ProcessData/DataProcessor.py", line 6, in <module>
    from geopy.geocoders import Nominatim
ModuleNotFoundError: No module named 'geopy'
[2025-09-24T08:51:46.280+0000] {processor.py:842} WARNING - No viable dags retrieved from /opt/airflow/dags/DAG_scraper.py
[2025-09-24T08:51:46.312+0000] {processor.py:183} INFO - Processing /opt/airflow/dags/DAG_scraper.py took 0.048 seconds
[2025-09-24T08:52:16.584+0000] {processor.py:161} INFO - Started process (PID=52) to work on /opt/airflow/dags/DAG_scraper.py
[2025-09-24T08:52:16.585+0000] {processor.py:830} INFO - Processing file /opt/airflow/dags/DAG_scraper.py for tasks to queue
[2025-09-24T08:52:16.594+0000] {logging_mixin.py:188} INFO - [2025-09-24T08:52:16.593+0000] {dagbag.py:545} INFO - Filling up the DagBag from /opt/airflow/dags/DAG_scraper.py
[2025-09-24T08:52:16.604+0000] {logging_mixin.py:188} INFO - [2025-09-24T08:52:16.603+0000] {dagbag.py:355} ERROR - Failed to import: /opt/airflow/dags/DAG_scraper.py
Traceback (most recent call last):
  File "/home/airflow/.local/lib/python3.10/site-packages/airflow/models/dagbag.py", line 351, in parse
    loader.exec_module(new_module)
  File "<frozen importlib._bootstrap_external>", line 883, in exec_module
  File "<frozen importlib._bootstrap>", line 241, in _call_with_frames_removed
  File "/opt/airflow/dags/DAG_scraper.py", line 10, in <module>
    from ProcessData.DataProcessor import DataProcessor
  File "/opt/airflow/dags/ProcessData/DataProcessor.py", line 6, in <module>
    from geopy.geocoders import Nominatim
ModuleNotFoundError: No module named 'geopy'
[2025-09-24T08:52:16.604+0000] {processor.py:842} WARNING - No viable dags retrieved from /opt/airflow/dags/DAG_scraper.py
[2025-09-24T08:52:16.620+0000] {processor.py:183} INFO - Processing /opt/airflow/dags/DAG_scraper.py took 0.048 seconds
[2025-09-24T08:52:46.906+0000] {processor.py:161} INFO - Started process (PID=53) to work on /opt/airflow/dags/DAG_scraper.py
[2025-09-24T08:52:46.907+0000] {processor.py:830} INFO - Processing file /opt/airflow/dags/DAG_scraper.py for tasks to queue
[2025-09-24T08:52:46.909+0000] {logging_mixin.py:188} INFO - [2025-09-24T08:52:46.909+0000] {dagbag.py:545} INFO - Filling up the DagBag from /opt/airflow/dags/DAG_scraper.py
[2025-09-24T08:52:46.916+0000] {logging_mixin.py:188} INFO - [2025-09-24T08:52:46.915+0000] {dagbag.py:355} ERROR - Failed to import: /opt/airflow/dags/DAG_scraper.py
Traceback (most recent call last):
  File "/home/airflow/.local/lib/python3.10/site-packages/airflow/models/dagbag.py", line 351, in parse
    loader.exec_module(new_module)
  File "<frozen importlib._bootstrap_external>", line 883, in exec_module
  File "<frozen importlib._bootstrap>", line 241, in _call_with_frames_removed
  File "/opt/airflow/dags/DAG_scraper.py", line 10, in <module>
    from ProcessData.DataProcessor import DataProcessor
  File "/opt/airflow/dags/ProcessData/DataProcessor.py", line 6, in <module>
    from geopy.geocoders import Nominatim
ModuleNotFoundError: No module named 'geopy'
[2025-09-24T08:52:46.916+0000] {processor.py:842} WARNING - No viable dags retrieved from /opt/airflow/dags/DAG_scraper.py
[2025-09-24T08:52:46.931+0000] {processor.py:183} INFO - Processing /opt/airflow/dags/DAG_scraper.py took 0.047 seconds
[2025-09-24T08:53:17.225+0000] {processor.py:161} INFO - Started process (PID=54) to work on /opt/airflow/dags/DAG_scraper.py
[2025-09-24T08:53:17.226+0000] {processor.py:830} INFO - Processing file /opt/airflow/dags/DAG_scraper.py for tasks to queue
[2025-09-24T08:53:17.229+0000] {logging_mixin.py:188} INFO - [2025-09-24T08:53:17.228+0000] {dagbag.py:545} INFO - Filling up the DagBag from /opt/airflow/dags/DAG_scraper.py
[2025-09-24T08:53:17.235+0000] {logging_mixin.py:188} INFO - [2025-09-24T08:53:17.234+0000] {dagbag.py:355} ERROR - Failed to import: /opt/airflow/dags/DAG_scraper.py
Traceback (most recent call last):
  File "/home/airflow/.local/lib/python3.10/site-packages/airflow/models/dagbag.py", line 351, in parse
    loader.exec_module(new_module)
  File "<frozen importlib._bootstrap_external>", line 883, in exec_module
  File "<frozen importlib._bootstrap>", line 241, in _call_with_frames_removed
  File "/opt/airflow/dags/DAG_scraper.py", line 10, in <module>
    from ProcessData.DataProcessor import DataProcessor
  File "/opt/airflow/dags/ProcessData/DataProcessor.py", line 6, in <module>
    from geopy.geocoders import Nominatim
ModuleNotFoundError: No module named 'geopy'
[2025-09-24T08:53:17.235+0000] {processor.py:842} WARNING - No viable dags retrieved from /opt/airflow/dags/DAG_scraper.py
[2025-09-24T08:53:17.262+0000] {processor.py:183} INFO - Processing /opt/airflow/dags/DAG_scraper.py took 0.046 seconds
[2025-09-24T08:53:47.528+0000] {processor.py:161} INFO - Started process (PID=55) to work on /opt/airflow/dags/DAG_scraper.py
[2025-09-24T08:53:47.529+0000] {processor.py:830} INFO - Processing file /opt/airflow/dags/DAG_scraper.py for tasks to queue
[2025-09-24T08:53:47.531+0000] {logging_mixin.py:188} INFO - [2025-09-24T08:53:47.531+0000] {dagbag.py:545} INFO - Filling up the DagBag from /opt/airflow/dags/DAG_scraper.py
[2025-09-24T08:53:47.537+0000] {logging_mixin.py:188} INFO - [2025-09-24T08:53:47.536+0000] {dagbag.py:355} ERROR - Failed to import: /opt/airflow/dags/DAG_scraper.py
Traceback (most recent call last):
  File "/home/airflow/.local/lib/python3.10/site-packages/airflow/models/dagbag.py", line 351, in parse
    loader.exec_module(new_module)
  File "<frozen importlib._bootstrap_external>", line 883, in exec_module
  File "<frozen importlib._bootstrap>", line 241, in _call_with_frames_removed
  File "/opt/airflow/dags/DAG_scraper.py", line 10, in <module>
    from ProcessData.DataProcessor import DataProcessor
  File "/opt/airflow/dags/ProcessData/DataProcessor.py", line 6, in <module>
    from geopy.geocoders import Nominatim
ModuleNotFoundError: No module named 'geopy'
[2025-09-24T08:53:47.537+0000] {processor.py:842} WARNING - No viable dags retrieved from /opt/airflow/dags/DAG_scraper.py
[2025-09-24T08:53:47.553+0000] {processor.py:183} INFO - Processing /opt/airflow/dags/DAG_scraper.py took 0.033 seconds
[2025-09-24T08:54:17.867+0000] {processor.py:161} INFO - Started process (PID=56) to work on /opt/airflow/dags/DAG_scraper.py
[2025-09-24T08:54:17.869+0000] {processor.py:830} INFO - Processing file /opt/airflow/dags/DAG_scraper.py for tasks to queue
[2025-09-24T08:54:17.879+0000] {logging_mixin.py:188} INFO - [2025-09-24T08:54:17.878+0000] {dagbag.py:545} INFO - Filling up the DagBag from /opt/airflow/dags/DAG_scraper.py
[2025-09-24T08:54:17.885+0000] {logging_mixin.py:188} INFO - [2025-09-24T08:54:17.884+0000] {dagbag.py:355} ERROR - Failed to import: /opt/airflow/dags/DAG_scraper.py
Traceback (most recent call last):
  File "/home/airflow/.local/lib/python3.10/site-packages/airflow/models/dagbag.py", line 351, in parse
    loader.exec_module(new_module)
  File "<frozen importlib._bootstrap_external>", line 883, in exec_module
  File "<frozen importlib._bootstrap>", line 241, in _call_with_frames_removed
  File "/opt/airflow/dags/DAG_scraper.py", line 10, in <module>
    from ProcessData.DataProcessor import DataProcessor
  File "/opt/airflow/dags/ProcessData/DataProcessor.py", line 6, in <module>
    from geopy.geocoders import Nominatim
ModuleNotFoundError: No module named 'geopy'
[2025-09-24T08:54:17.885+0000] {processor.py:842} WARNING - No viable dags retrieved from /opt/airflow/dags/DAG_scraper.py
[2025-09-24T08:54:17.904+0000] {processor.py:183} INFO - Processing /opt/airflow/dags/DAG_scraper.py took 0.070 seconds
[2025-09-24T08:54:48.129+0000] {processor.py:161} INFO - Started process (PID=57) to work on /opt/airflow/dags/DAG_scraper.py
[2025-09-24T08:54:48.130+0000] {processor.py:830} INFO - Processing file /opt/airflow/dags/DAG_scraper.py for tasks to queue
[2025-09-24T08:54:48.132+0000] {logging_mixin.py:188} INFO - [2025-09-24T08:54:48.132+0000] {dagbag.py:545} INFO - Filling up the DagBag from /opt/airflow/dags/DAG_scraper.py
[2025-09-24T08:54:48.138+0000] {logging_mixin.py:188} INFO - [2025-09-24T08:54:48.137+0000] {dagbag.py:355} ERROR - Failed to import: /opt/airflow/dags/DAG_scraper.py
Traceback (most recent call last):
  File "/home/airflow/.local/lib/python3.10/site-packages/airflow/models/dagbag.py", line 351, in parse
    loader.exec_module(new_module)
  File "<frozen importlib._bootstrap_external>", line 883, in exec_module
  File "<frozen importlib._bootstrap>", line 241, in _call_with_frames_removed
  File "/opt/airflow/dags/DAG_scraper.py", line 10, in <module>
    from ProcessData.DataProcessor import DataProcessor
  File "/opt/airflow/dags/ProcessData/DataProcessor.py", line 6, in <module>
    from geopy.geocoders import Nominatim
ModuleNotFoundError: No module named 'geopy'
[2025-09-24T08:54:48.138+0000] {processor.py:842} WARNING - No viable dags retrieved from /opt/airflow/dags/DAG_scraper.py
[2025-09-24T08:54:48.156+0000] {processor.py:183} INFO - Processing /opt/airflow/dags/DAG_scraper.py took 0.034 seconds
[2025-09-24T08:55:18.456+0000] {processor.py:161} INFO - Started process (PID=58) to work on /opt/airflow/dags/DAG_scraper.py
[2025-09-24T08:55:18.458+0000] {processor.py:830} INFO - Processing file /opt/airflow/dags/DAG_scraper.py for tasks to queue
[2025-09-24T08:55:18.460+0000] {logging_mixin.py:188} INFO - [2025-09-24T08:55:18.460+0000] {dagbag.py:545} INFO - Filling up the DagBag from /opt/airflow/dags/DAG_scraper.py
[2025-09-24T08:55:18.467+0000] {logging_mixin.py:188} INFO - [2025-09-24T08:55:18.466+0000] {dagbag.py:355} ERROR - Failed to import: /opt/airflow/dags/DAG_scraper.py
Traceback (most recent call last):
  File "/home/airflow/.local/lib/python3.10/site-packages/airflow/models/dagbag.py", line 351, in parse
    loader.exec_module(new_module)
  File "<frozen importlib._bootstrap_external>", line 883, in exec_module
  File "<frozen importlib._bootstrap>", line 241, in _call_with_frames_removed
  File "/opt/airflow/dags/DAG_scraper.py", line 10, in <module>
    from ProcessData.DataProcessor import DataProcessor
  File "/opt/airflow/dags/ProcessData/DataProcessor.py", line 6, in <module>
    from geopy.geocoders import Nominatim
ModuleNotFoundError: No module named 'geopy'
[2025-09-24T08:55:18.467+0000] {processor.py:842} WARNING - No viable dags retrieved from /opt/airflow/dags/DAG_scraper.py
[2025-09-24T08:55:18.484+0000] {processor.py:183} INFO - Processing /opt/airflow/dags/DAG_scraper.py took 0.036 seconds
[2025-09-24T08:55:48.812+0000] {processor.py:161} INFO - Started process (PID=59) to work on /opt/airflow/dags/DAG_scraper.py
[2025-09-24T08:55:48.813+0000] {processor.py:830} INFO - Processing file /opt/airflow/dags/DAG_scraper.py for tasks to queue
[2025-09-24T08:55:48.816+0000] {logging_mixin.py:188} INFO - [2025-09-24T08:55:48.815+0000] {dagbag.py:545} INFO - Filling up the DagBag from /opt/airflow/dags/DAG_scraper.py
[2025-09-24T08:55:48.822+0000] {logging_mixin.py:188} INFO - [2025-09-24T08:55:48.821+0000] {dagbag.py:355} ERROR - Failed to import: /opt/airflow/dags/DAG_scraper.py
Traceback (most recent call last):
  File "/home/airflow/.local/lib/python3.10/site-packages/airflow/models/dagbag.py", line 351, in parse
    loader.exec_module(new_module)
  File "<frozen importlib._bootstrap_external>", line 883, in exec_module
  File "<frozen importlib._bootstrap>", line 241, in _call_with_frames_removed
  File "/opt/airflow/dags/DAG_scraper.py", line 10, in <module>
    from ProcessData.DataProcessor import DataProcessor
  File "/opt/airflow/dags/ProcessData/DataProcessor.py", line 6, in <module>
    from geopy.geocoders import Nominatim
ModuleNotFoundError: No module named 'geopy'
[2025-09-24T08:55:48.822+0000] {processor.py:842} WARNING - No viable dags retrieved from /opt/airflow/dags/DAG_scraper.py
[2025-09-24T08:55:48.853+0000] {processor.py:183} INFO - Processing /opt/airflow/dags/DAG_scraper.py took 0.050 seconds
[2025-09-24T08:56:19.164+0000] {processor.py:161} INFO - Started process (PID=60) to work on /opt/airflow/dags/DAG_scraper.py
[2025-09-24T08:56:19.165+0000] {processor.py:830} INFO - Processing file /opt/airflow/dags/DAG_scraper.py for tasks to queue
[2025-09-24T08:56:19.168+0000] {logging_mixin.py:188} INFO - [2025-09-24T08:56:19.167+0000] {dagbag.py:545} INFO - Filling up the DagBag from /opt/airflow/dags/DAG_scraper.py
[2025-09-24T08:56:19.177+0000] {logging_mixin.py:188} INFO - [2025-09-24T08:56:19.176+0000] {dagbag.py:355} ERROR - Failed to import: /opt/airflow/dags/DAG_scraper.py
Traceback (most recent call last):
  File "/home/airflow/.local/lib/python3.10/site-packages/airflow/models/dagbag.py", line 351, in parse
    loader.exec_module(new_module)
  File "<frozen importlib._bootstrap_external>", line 883, in exec_module
  File "<frozen importlib._bootstrap>", line 241, in _call_with_frames_removed
  File "/opt/airflow/dags/DAG_scraper.py", line 10, in <module>
    from ProcessData.DataProcessor import DataProcessor
  File "/opt/airflow/dags/ProcessData/DataProcessor.py", line 6, in <module>
    from geopy.geocoders import Nominatim
ModuleNotFoundError: No module named 'geopy'
[2025-09-24T08:56:19.177+0000] {processor.py:842} WARNING - No viable dags retrieved from /opt/airflow/dags/DAG_scraper.py
[2025-09-24T08:56:19.195+0000] {processor.py:183} INFO - Processing /opt/airflow/dags/DAG_scraper.py took 0.039 seconds
[2025-09-24T08:56:49.470+0000] {processor.py:161} INFO - Started process (PID=61) to work on /opt/airflow/dags/DAG_scraper.py
[2025-09-24T08:56:49.471+0000] {processor.py:830} INFO - Processing file /opt/airflow/dags/DAG_scraper.py for tasks to queue
[2025-09-24T08:56:49.474+0000] {logging_mixin.py:188} INFO - [2025-09-24T08:56:49.474+0000] {dagbag.py:545} INFO - Filling up the DagBag from /opt/airflow/dags/DAG_scraper.py
[2025-09-24T08:56:49.493+0000] {logging_mixin.py:188} INFO - [2025-09-24T08:56:49.492+0000] {dagbag.py:355} ERROR - Failed to import: /opt/airflow/dags/DAG_scraper.py
Traceback (most recent call last):
  File "/home/airflow/.local/lib/python3.10/site-packages/airflow/models/dagbag.py", line 351, in parse
    loader.exec_module(new_module)
  File "<frozen importlib._bootstrap_external>", line 883, in exec_module
  File "<frozen importlib._bootstrap>", line 241, in _call_with_frames_removed
  File "/opt/airflow/dags/DAG_scraper.py", line 10, in <module>
    from ProcessData.DataProcessor import DataProcessor
  File "/opt/airflow/dags/ProcessData/DataProcessor.py", line 6, in <module>
    from geopy.geocoders import Nominatim
ModuleNotFoundError: No module named 'geopy'
[2025-09-24T08:56:49.494+0000] {processor.py:842} WARNING - No viable dags retrieved from /opt/airflow/dags/DAG_scraper.py
[2025-09-24T08:56:49.511+0000] {processor.py:183} INFO - Processing /opt/airflow/dags/DAG_scraper.py took 0.050 seconds
[2025-09-24T08:57:19.790+0000] {processor.py:161} INFO - Started process (PID=62) to work on /opt/airflow/dags/DAG_scraper.py
[2025-09-24T08:57:19.792+0000] {processor.py:830} INFO - Processing file /opt/airflow/dags/DAG_scraper.py for tasks to queue
[2025-09-24T08:57:19.795+0000] {logging_mixin.py:188} INFO - [2025-09-24T08:57:19.794+0000] {dagbag.py:545} INFO - Filling up the DagBag from /opt/airflow/dags/DAG_scraper.py
[2025-09-24T08:57:19.802+0000] {logging_mixin.py:188} INFO - [2025-09-24T08:57:19.801+0000] {dagbag.py:355} ERROR - Failed to import: /opt/airflow/dags/DAG_scraper.py
Traceback (most recent call last):
  File "/home/airflow/.local/lib/python3.10/site-packages/airflow/models/dagbag.py", line 351, in parse
    loader.exec_module(new_module)
  File "<frozen importlib._bootstrap_external>", line 883, in exec_module
  File "<frozen importlib._bootstrap>", line 241, in _call_with_frames_removed
  File "/opt/airflow/dags/DAG_scraper.py", line 10, in <module>
    from ProcessData.DataProcessor import DataProcessor
  File "/opt/airflow/dags/ProcessData/DataProcessor.py", line 6, in <module>
    from geopy.geocoders import Nominatim
ModuleNotFoundError: No module named 'geopy'
[2025-09-24T08:57:19.802+0000] {processor.py:842} WARNING - No viable dags retrieved from /opt/airflow/dags/DAG_scraper.py
[2025-09-24T08:57:19.846+0000] {processor.py:183} INFO - Processing /opt/airflow/dags/DAG_scraper.py took 0.067 seconds
[2025-09-24T08:57:50.098+0000] {processor.py:161} INFO - Started process (PID=63) to work on /opt/airflow/dags/DAG_scraper.py
[2025-09-24T08:57:50.099+0000] {processor.py:830} INFO - Processing file /opt/airflow/dags/DAG_scraper.py for tasks to queue
[2025-09-24T08:57:50.101+0000] {logging_mixin.py:188} INFO - [2025-09-24T08:57:50.101+0000] {dagbag.py:545} INFO - Filling up the DagBag from /opt/airflow/dags/DAG_scraper.py
[2025-09-24T08:57:50.110+0000] {logging_mixin.py:188} INFO - [2025-09-24T08:57:50.108+0000] {dagbag.py:355} ERROR - Failed to import: /opt/airflow/dags/DAG_scraper.py
Traceback (most recent call last):
  File "/home/airflow/.local/lib/python3.10/site-packages/airflow/models/dagbag.py", line 351, in parse
    loader.exec_module(new_module)
  File "<frozen importlib._bootstrap_external>", line 883, in exec_module
  File "<frozen importlib._bootstrap>", line 241, in _call_with_frames_removed
  File "/opt/airflow/dags/DAG_scraper.py", line 10, in <module>
    from ProcessData.DataProcessor import DataProcessor
  File "/opt/airflow/dags/ProcessData/DataProcessor.py", line 6, in <module>
    from geopy.geocoders import Nominatim
ModuleNotFoundError: No module named 'geopy'
[2025-09-24T08:57:50.110+0000] {processor.py:842} WARNING - No viable dags retrieved from /opt/airflow/dags/DAG_scraper.py
[2025-09-24T08:57:50.141+0000] {processor.py:183} INFO - Processing /opt/airflow/dags/DAG_scraper.py took 0.050 seconds
[2025-09-24T08:58:20.434+0000] {processor.py:161} INFO - Started process (PID=64) to work on /opt/airflow/dags/DAG_scraper.py
[2025-09-24T08:58:20.435+0000] {processor.py:830} INFO - Processing file /opt/airflow/dags/DAG_scraper.py for tasks to queue
[2025-09-24T08:58:20.438+0000] {logging_mixin.py:188} INFO - [2025-09-24T08:58:20.437+0000] {dagbag.py:545} INFO - Filling up the DagBag from /opt/airflow/dags/DAG_scraper.py
[2025-09-24T08:58:20.445+0000] {logging_mixin.py:188} INFO - [2025-09-24T08:58:20.444+0000] {dagbag.py:355} ERROR - Failed to import: /opt/airflow/dags/DAG_scraper.py
Traceback (most recent call last):
  File "/home/airflow/.local/lib/python3.10/site-packages/airflow/models/dagbag.py", line 351, in parse
    loader.exec_module(new_module)
  File "<frozen importlib._bootstrap_external>", line 883, in exec_module
  File "<frozen importlib._bootstrap>", line 241, in _call_with_frames_removed
  File "/opt/airflow/dags/DAG_scraper.py", line 10, in <module>
    from ProcessData.DataProcessor import DataProcessor
  File "/opt/airflow/dags/ProcessData/DataProcessor.py", line 6, in <module>
    from geopy.geocoders import Nominatim
ModuleNotFoundError: No module named 'geopy'
[2025-09-24T08:58:20.445+0000] {processor.py:842} WARNING - No viable dags retrieved from /opt/airflow/dags/DAG_scraper.py
[2025-09-24T08:58:20.464+0000] {processor.py:183} INFO - Processing /opt/airflow/dags/DAG_scraper.py took 0.038 seconds
[2025-09-24T08:58:50.780+0000] {processor.py:161} INFO - Started process (PID=65) to work on /opt/airflow/dags/DAG_scraper.py
[2025-09-24T08:58:50.782+0000] {processor.py:830} INFO - Processing file /opt/airflow/dags/DAG_scraper.py for tasks to queue
[2025-09-24T08:58:50.785+0000] {logging_mixin.py:188} INFO - [2025-09-24T08:58:50.785+0000] {dagbag.py:545} INFO - Filling up the DagBag from /opt/airflow/dags/DAG_scraper.py
[2025-09-24T08:58:50.794+0000] {logging_mixin.py:188} INFO - [2025-09-24T08:58:50.793+0000] {dagbag.py:355} ERROR - Failed to import: /opt/airflow/dags/DAG_scraper.py
Traceback (most recent call last):
  File "/home/airflow/.local/lib/python3.10/site-packages/airflow/models/dagbag.py", line 351, in parse
    loader.exec_module(new_module)
  File "<frozen importlib._bootstrap_external>", line 883, in exec_module
  File "<frozen importlib._bootstrap>", line 241, in _call_with_frames_removed
  File "/opt/airflow/dags/DAG_scraper.py", line 10, in <module>
    from ProcessData.DataProcessor import DataProcessor
  File "/opt/airflow/dags/ProcessData/DataProcessor.py", line 6, in <module>
    from geopy.geocoders import Nominatim
ModuleNotFoundError: No module named 'geopy'
[2025-09-24T08:58:50.794+0000] {processor.py:842} WARNING - No viable dags retrieved from /opt/airflow/dags/DAG_scraper.py
[2025-09-24T08:58:50.826+0000] {processor.py:183} INFO - Processing /opt/airflow/dags/DAG_scraper.py took 0.054 seconds
[2025-09-24T08:59:21.039+0000] {processor.py:161} INFO - Started process (PID=66) to work on /opt/airflow/dags/DAG_scraper.py
[2025-09-24T08:59:21.040+0000] {processor.py:830} INFO - Processing file /opt/airflow/dags/DAG_scraper.py for tasks to queue
[2025-09-24T08:59:21.042+0000] {logging_mixin.py:188} INFO - [2025-09-24T08:59:21.042+0000] {dagbag.py:545} INFO - Filling up the DagBag from /opt/airflow/dags/DAG_scraper.py
[2025-09-24T08:59:21.049+0000] {logging_mixin.py:188} INFO - [2025-09-24T08:59:21.048+0000] {dagbag.py:355} ERROR - Failed to import: /opt/airflow/dags/DAG_scraper.py
Traceback (most recent call last):
  File "/home/airflow/.local/lib/python3.10/site-packages/airflow/models/dagbag.py", line 351, in parse
    loader.exec_module(new_module)
  File "<frozen importlib._bootstrap_external>", line 883, in exec_module
  File "<frozen importlib._bootstrap>", line 241, in _call_with_frames_removed
  File "/opt/airflow/dags/DAG_scraper.py", line 10, in <module>
    from ProcessData.DataProcessor import DataProcessor
  File "/opt/airflow/dags/ProcessData/DataProcessor.py", line 6, in <module>
    from geopy.geocoders import Nominatim
ModuleNotFoundError: No module named 'geopy'
[2025-09-24T08:59:21.049+0000] {processor.py:842} WARNING - No viable dags retrieved from /opt/airflow/dags/DAG_scraper.py
[2025-09-24T08:59:21.086+0000] {processor.py:183} INFO - Processing /opt/airflow/dags/DAG_scraper.py took 0.054 seconds
[2025-09-24T08:59:51.351+0000] {processor.py:161} INFO - Started process (PID=67) to work on /opt/airflow/dags/DAG_scraper.py
[2025-09-24T08:59:51.352+0000] {processor.py:830} INFO - Processing file /opt/airflow/dags/DAG_scraper.py for tasks to queue
[2025-09-24T08:59:51.354+0000] {logging_mixin.py:188} INFO - [2025-09-24T08:59:51.353+0000] {dagbag.py:545} INFO - Filling up the DagBag from /opt/airflow/dags/DAG_scraper.py
[2025-09-24T08:59:51.359+0000] {logging_mixin.py:188} INFO - [2025-09-24T08:59:51.358+0000] {dagbag.py:355} ERROR - Failed to import: /opt/airflow/dags/DAG_scraper.py
Traceback (most recent call last):
  File "/home/airflow/.local/lib/python3.10/site-packages/airflow/models/dagbag.py", line 351, in parse
    loader.exec_module(new_module)
  File "<frozen importlib._bootstrap_external>", line 883, in exec_module
  File "<frozen importlib._bootstrap>", line 241, in _call_with_frames_removed
  File "/opt/airflow/dags/DAG_scraper.py", line 10, in <module>
    from ProcessData.DataProcessor import DataProcessor
  File "/opt/airflow/dags/ProcessData/DataProcessor.py", line 6, in <module>
    from geopy.geocoders import Nominatim
ModuleNotFoundError: No module named 'geopy'
[2025-09-24T08:59:51.359+0000] {processor.py:842} WARNING - No viable dags retrieved from /opt/airflow/dags/DAG_scraper.py
[2025-09-24T08:59:51.377+0000] {processor.py:183} INFO - Processing /opt/airflow/dags/DAG_scraper.py took 0.035 seconds
[2025-09-24T09:00:21.637+0000] {processor.py:161} INFO - Started process (PID=68) to work on /opt/airflow/dags/DAG_scraper.py
[2025-09-24T09:00:21.638+0000] {processor.py:830} INFO - Processing file /opt/airflow/dags/DAG_scraper.py for tasks to queue
[2025-09-24T09:00:21.640+0000] {logging_mixin.py:188} INFO - [2025-09-24T09:00:21.640+0000] {dagbag.py:545} INFO - Filling up the DagBag from /opt/airflow/dags/DAG_scraper.py
[2025-09-24T09:00:21.646+0000] {logging_mixin.py:188} INFO - [2025-09-24T09:00:21.645+0000] {dagbag.py:355} ERROR - Failed to import: /opt/airflow/dags/DAG_scraper.py
Traceback (most recent call last):
  File "/home/airflow/.local/lib/python3.10/site-packages/airflow/models/dagbag.py", line 351, in parse
    loader.exec_module(new_module)
  File "<frozen importlib._bootstrap_external>", line 883, in exec_module
  File "<frozen importlib._bootstrap>", line 241, in _call_with_frames_removed
  File "/opt/airflow/dags/DAG_scraper.py", line 10, in <module>
    from ProcessData.DataProcessor import DataProcessor
  File "/opt/airflow/dags/ProcessData/DataProcessor.py", line 6, in <module>
    from geopy.geocoders import Nominatim
ModuleNotFoundError: No module named 'geopy'
[2025-09-24T09:00:21.646+0000] {processor.py:842} WARNING - No viable dags retrieved from /opt/airflow/dags/DAG_scraper.py
[2025-09-24T09:00:21.660+0000] {processor.py:183} INFO - Processing /opt/airflow/dags/DAG_scraper.py took 0.030 seconds
[2025-09-24T09:00:51.925+0000] {processor.py:161} INFO - Started process (PID=69) to work on /opt/airflow/dags/DAG_scraper.py
[2025-09-24T09:00:51.926+0000] {processor.py:830} INFO - Processing file /opt/airflow/dags/DAG_scraper.py for tasks to queue
[2025-09-24T09:00:51.927+0000] {logging_mixin.py:188} INFO - [2025-09-24T09:00:51.927+0000] {dagbag.py:545} INFO - Filling up the DagBag from /opt/airflow/dags/DAG_scraper.py
[2025-09-24T09:00:51.933+0000] {logging_mixin.py:188} INFO - [2025-09-24T09:00:51.932+0000] {dagbag.py:355} ERROR - Failed to import: /opt/airflow/dags/DAG_scraper.py
Traceback (most recent call last):
  File "/home/airflow/.local/lib/python3.10/site-packages/airflow/models/dagbag.py", line 351, in parse
    loader.exec_module(new_module)
  File "<frozen importlib._bootstrap_external>", line 883, in exec_module
  File "<frozen importlib._bootstrap>", line 241, in _call_with_frames_removed
  File "/opt/airflow/dags/DAG_scraper.py", line 10, in <module>
    from ProcessData.DataProcessor import DataProcessor
  File "/opt/airflow/dags/ProcessData/DataProcessor.py", line 6, in <module>
    from geopy.geocoders import Nominatim
ModuleNotFoundError: No module named 'geopy'
[2025-09-24T09:00:51.933+0000] {processor.py:842} WARNING - No viable dags retrieved from /opt/airflow/dags/DAG_scraper.py
[2025-09-24T09:00:51.948+0000] {processor.py:183} INFO - Processing /opt/airflow/dags/DAG_scraper.py took 0.029 seconds
[2025-09-24T09:01:22.221+0000] {processor.py:161} INFO - Started process (PID=70) to work on /opt/airflow/dags/DAG_scraper.py
[2025-09-24T09:01:22.222+0000] {processor.py:830} INFO - Processing file /opt/airflow/dags/DAG_scraper.py for tasks to queue
[2025-09-24T09:01:22.224+0000] {logging_mixin.py:188} INFO - [2025-09-24T09:01:22.224+0000] {dagbag.py:545} INFO - Filling up the DagBag from /opt/airflow/dags/DAG_scraper.py
[2025-09-24T09:01:22.231+0000] {logging_mixin.py:188} INFO - [2025-09-24T09:01:22.231+0000] {dagbag.py:355} ERROR - Failed to import: /opt/airflow/dags/DAG_scraper.py
Traceback (most recent call last):
  File "/home/airflow/.local/lib/python3.10/site-packages/airflow/models/dagbag.py", line 351, in parse
    loader.exec_module(new_module)
  File "<frozen importlib._bootstrap_external>", line 883, in exec_module
  File "<frozen importlib._bootstrap>", line 241, in _call_with_frames_removed
  File "/opt/airflow/dags/DAG_scraper.py", line 10, in <module>
    from ProcessData.DataProcessor import DataProcessor
  File "/opt/airflow/dags/ProcessData/DataProcessor.py", line 6, in <module>
    from geopy.geocoders import Nominatim
ModuleNotFoundError: No module named 'geopy'
[2025-09-24T09:01:22.232+0000] {processor.py:842} WARNING - No viable dags retrieved from /opt/airflow/dags/DAG_scraper.py
[2025-09-24T09:01:22.249+0000] {processor.py:183} INFO - Processing /opt/airflow/dags/DAG_scraper.py took 0.036 seconds
[2025-09-24T09:01:52.545+0000] {processor.py:161} INFO - Started process (PID=71) to work on /opt/airflow/dags/DAG_scraper.py
[2025-09-24T09:01:52.546+0000] {processor.py:830} INFO - Processing file /opt/airflow/dags/DAG_scraper.py for tasks to queue
[2025-09-24T09:01:52.548+0000] {logging_mixin.py:188} INFO - [2025-09-24T09:01:52.548+0000] {dagbag.py:545} INFO - Filling up the DagBag from /opt/airflow/dags/DAG_scraper.py
[2025-09-24T09:01:52.554+0000] {logging_mixin.py:188} INFO - [2025-09-24T09:01:52.553+0000] {dagbag.py:355} ERROR - Failed to import: /opt/airflow/dags/DAG_scraper.py
Traceback (most recent call last):
  File "/home/airflow/.local/lib/python3.10/site-packages/airflow/models/dagbag.py", line 351, in parse
    loader.exec_module(new_module)
  File "<frozen importlib._bootstrap_external>", line 883, in exec_module
  File "<frozen importlib._bootstrap>", line 241, in _call_with_frames_removed
  File "/opt/airflow/dags/DAG_scraper.py", line 10, in <module>
    from ProcessData.DataProcessor import DataProcessor
  File "/opt/airflow/dags/ProcessData/DataProcessor.py", line 6, in <module>
    from geopy.geocoders import Nominatim
ModuleNotFoundError: No module named 'geopy'
[2025-09-24T09:01:52.555+0000] {processor.py:842} WARNING - No viable dags retrieved from /opt/airflow/dags/DAG_scraper.py
[2025-09-24T09:01:52.573+0000] {processor.py:183} INFO - Processing /opt/airflow/dags/DAG_scraper.py took 0.037 seconds
[2025-09-24T09:02:22.839+0000] {processor.py:161} INFO - Started process (PID=72) to work on /opt/airflow/dags/DAG_scraper.py
[2025-09-24T09:02:22.839+0000] {processor.py:830} INFO - Processing file /opt/airflow/dags/DAG_scraper.py for tasks to queue
[2025-09-24T09:02:22.841+0000] {logging_mixin.py:188} INFO - [2025-09-24T09:02:22.841+0000] {dagbag.py:545} INFO - Filling up the DagBag from /opt/airflow/dags/DAG_scraper.py
[2025-09-24T09:02:22.848+0000] {logging_mixin.py:188} INFO - [2025-09-24T09:02:22.847+0000] {dagbag.py:355} ERROR - Failed to import: /opt/airflow/dags/DAG_scraper.py
Traceback (most recent call last):
  File "/home/airflow/.local/lib/python3.10/site-packages/airflow/models/dagbag.py", line 351, in parse
    loader.exec_module(new_module)
  File "<frozen importlib._bootstrap_external>", line 883, in exec_module
  File "<frozen importlib._bootstrap>", line 241, in _call_with_frames_removed
  File "/opt/airflow/dags/DAG_scraper.py", line 10, in <module>
    from ProcessData.DataProcessor import DataProcessor
  File "/opt/airflow/dags/ProcessData/DataProcessor.py", line 6, in <module>
    from geopy.geocoders import Nominatim
ModuleNotFoundError: No module named 'geopy'
[2025-09-24T09:02:22.848+0000] {processor.py:842} WARNING - No viable dags retrieved from /opt/airflow/dags/DAG_scraper.py
[2025-09-24T09:02:22.863+0000] {processor.py:183} INFO - Processing /opt/airflow/dags/DAG_scraper.py took 0.034 seconds
[2025-09-24T09:02:53.153+0000] {processor.py:161} INFO - Started process (PID=73) to work on /opt/airflow/dags/DAG_scraper.py
[2025-09-24T09:02:53.154+0000] {processor.py:830} INFO - Processing file /opt/airflow/dags/DAG_scraper.py for tasks to queue
[2025-09-24T09:02:53.156+0000] {logging_mixin.py:188} INFO - [2025-09-24T09:02:53.156+0000] {dagbag.py:545} INFO - Filling up the DagBag from /opt/airflow/dags/DAG_scraper.py
[2025-09-24T09:02:53.163+0000] {logging_mixin.py:188} INFO - [2025-09-24T09:02:53.162+0000] {dagbag.py:355} ERROR - Failed to import: /opt/airflow/dags/DAG_scraper.py
Traceback (most recent call last):
  File "/home/airflow/.local/lib/python3.10/site-packages/airflow/models/dagbag.py", line 351, in parse
    loader.exec_module(new_module)
  File "<frozen importlib._bootstrap_external>", line 883, in exec_module
  File "<frozen importlib._bootstrap>", line 241, in _call_with_frames_removed
  File "/opt/airflow/dags/DAG_scraper.py", line 10, in <module>
    from ProcessData.DataProcessor import DataProcessor
  File "/opt/airflow/dags/ProcessData/DataProcessor.py", line 6, in <module>
    from geopy.geocoders import Nominatim
ModuleNotFoundError: No module named 'geopy'
[2025-09-24T09:02:53.163+0000] {processor.py:842} WARNING - No viable dags retrieved from /opt/airflow/dags/DAG_scraper.py
[2025-09-24T09:02:53.183+0000] {processor.py:183} INFO - Processing /opt/airflow/dags/DAG_scraper.py took 0.037 seconds
[2025-09-24T09:03:23.496+0000] {processor.py:161} INFO - Started process (PID=74) to work on /opt/airflow/dags/DAG_scraper.py
[2025-09-24T09:03:23.497+0000] {processor.py:830} INFO - Processing file /opt/airflow/dags/DAG_scraper.py for tasks to queue
[2025-09-24T09:03:23.499+0000] {logging_mixin.py:188} INFO - [2025-09-24T09:03:23.499+0000] {dagbag.py:545} INFO - Filling up the DagBag from /opt/airflow/dags/DAG_scraper.py
[2025-09-24T09:03:23.505+0000] {logging_mixin.py:188} INFO - [2025-09-24T09:03:23.504+0000] {dagbag.py:355} ERROR - Failed to import: /opt/airflow/dags/DAG_scraper.py
Traceback (most recent call last):
  File "/home/airflow/.local/lib/python3.10/site-packages/airflow/models/dagbag.py", line 351, in parse
    loader.exec_module(new_module)
  File "<frozen importlib._bootstrap_external>", line 883, in exec_module
  File "<frozen importlib._bootstrap>", line 241, in _call_with_frames_removed
  File "/opt/airflow/dags/DAG_scraper.py", line 10, in <module>
    from ProcessData.DataProcessor import DataProcessor
  File "/opt/airflow/dags/ProcessData/DataProcessor.py", line 6, in <module>
    from geopy.geocoders import Nominatim
ModuleNotFoundError: No module named 'geopy'
[2025-09-24T09:03:23.505+0000] {processor.py:842} WARNING - No viable dags retrieved from /opt/airflow/dags/DAG_scraper.py
[2025-09-24T09:03:23.524+0000] {processor.py:183} INFO - Processing /opt/airflow/dags/DAG_scraper.py took 0.039 seconds
[2025-09-24T09:03:53.776+0000] {processor.py:161} INFO - Started process (PID=75) to work on /opt/airflow/dags/DAG_scraper.py
[2025-09-24T09:03:53.776+0000] {processor.py:830} INFO - Processing file /opt/airflow/dags/DAG_scraper.py for tasks to queue
[2025-09-24T09:03:53.778+0000] {logging_mixin.py:188} INFO - [2025-09-24T09:03:53.778+0000] {dagbag.py:545} INFO - Filling up the DagBag from /opt/airflow/dags/DAG_scraper.py
[2025-09-24T09:03:53.785+0000] {logging_mixin.py:188} INFO - [2025-09-24T09:03:53.784+0000] {dagbag.py:355} ERROR - Failed to import: /opt/airflow/dags/DAG_scraper.py
Traceback (most recent call last):
  File "/home/airflow/.local/lib/python3.10/site-packages/airflow/models/dagbag.py", line 351, in parse
    loader.exec_module(new_module)
  File "<frozen importlib._bootstrap_external>", line 883, in exec_module
  File "<frozen importlib._bootstrap>", line 241, in _call_with_frames_removed
  File "/opt/airflow/dags/DAG_scraper.py", line 10, in <module>
    from ProcessData.DataProcessor import DataProcessor
  File "/opt/airflow/dags/ProcessData/DataProcessor.py", line 6, in <module>
    from geopy.geocoders import Nominatim
ModuleNotFoundError: No module named 'geopy'
[2025-09-24T09:03:53.785+0000] {processor.py:842} WARNING - No viable dags retrieved from /opt/airflow/dags/DAG_scraper.py
[2025-09-24T09:03:53.801+0000] {processor.py:183} INFO - Processing /opt/airflow/dags/DAG_scraper.py took 0.030 seconds
[2025-09-24T09:04:24.090+0000] {processor.py:161} INFO - Started process (PID=76) to work on /opt/airflow/dags/DAG_scraper.py
[2025-09-24T09:04:24.090+0000] {processor.py:830} INFO - Processing file /opt/airflow/dags/DAG_scraper.py for tasks to queue
[2025-09-24T09:04:24.092+0000] {logging_mixin.py:188} INFO - [2025-09-24T09:04:24.092+0000] {dagbag.py:545} INFO - Filling up the DagBag from /opt/airflow/dags/DAG_scraper.py
[2025-09-24T09:04:24.098+0000] {logging_mixin.py:188} INFO - [2025-09-24T09:04:24.097+0000] {dagbag.py:355} ERROR - Failed to import: /opt/airflow/dags/DAG_scraper.py
Traceback (most recent call last):
  File "/home/airflow/.local/lib/python3.10/site-packages/airflow/models/dagbag.py", line 351, in parse
    loader.exec_module(new_module)
  File "<frozen importlib._bootstrap_external>", line 883, in exec_module
  File "<frozen importlib._bootstrap>", line 241, in _call_with_frames_removed
  File "/opt/airflow/dags/DAG_scraper.py", line 10, in <module>
    from ProcessData.DataProcessor import DataProcessor
  File "/opt/airflow/dags/ProcessData/DataProcessor.py", line 6, in <module>
    from geopy.geocoders import Nominatim
ModuleNotFoundError: No module named 'geopy'
[2025-09-24T09:04:24.098+0000] {processor.py:842} WARNING - No viable dags retrieved from /opt/airflow/dags/DAG_scraper.py
[2025-09-24T09:04:24.112+0000] {processor.py:183} INFO - Processing /opt/airflow/dags/DAG_scraper.py took 0.029 seconds
[2025-09-24T09:04:54.414+0000] {processor.py:161} INFO - Started process (PID=77) to work on /opt/airflow/dags/DAG_scraper.py
[2025-09-24T09:04:54.414+0000] {processor.py:830} INFO - Processing file /opt/airflow/dags/DAG_scraper.py for tasks to queue
[2025-09-24T09:04:54.417+0000] {logging_mixin.py:188} INFO - [2025-09-24T09:04:54.416+0000] {dagbag.py:545} INFO - Filling up the DagBag from /opt/airflow/dags/DAG_scraper.py
[2025-09-24T09:04:54.423+0000] {logging_mixin.py:188} INFO - [2025-09-24T09:04:54.422+0000] {dagbag.py:355} ERROR - Failed to import: /opt/airflow/dags/DAG_scraper.py
Traceback (most recent call last):
  File "/home/airflow/.local/lib/python3.10/site-packages/airflow/models/dagbag.py", line 351, in parse
    loader.exec_module(new_module)
  File "<frozen importlib._bootstrap_external>", line 883, in exec_module
  File "<frozen importlib._bootstrap>", line 241, in _call_with_frames_removed
  File "/opt/airflow/dags/DAG_scraper.py", line 10, in <module>
    from ProcessData.DataProcessor import DataProcessor
  File "/opt/airflow/dags/ProcessData/DataProcessor.py", line 6, in <module>
    from geopy.geocoders import Nominatim
ModuleNotFoundError: No module named 'geopy'
[2025-09-24T09:04:54.423+0000] {processor.py:842} WARNING - No viable dags retrieved from /opt/airflow/dags/DAG_scraper.py
[2025-09-24T09:04:54.439+0000] {processor.py:183} INFO - Processing /opt/airflow/dags/DAG_scraper.py took 0.035 seconds
[2025-09-24T09:05:24.708+0000] {processor.py:161} INFO - Started process (PID=78) to work on /opt/airflow/dags/DAG_scraper.py
[2025-09-24T09:05:24.709+0000] {processor.py:830} INFO - Processing file /opt/airflow/dags/DAG_scraper.py for tasks to queue
[2025-09-24T09:05:24.710+0000] {logging_mixin.py:188} INFO - [2025-09-24T09:05:24.710+0000] {dagbag.py:545} INFO - Filling up the DagBag from /opt/airflow/dags/DAG_scraper.py
[2025-09-24T09:05:24.716+0000] {logging_mixin.py:188} INFO - [2025-09-24T09:05:24.715+0000] {dagbag.py:355} ERROR - Failed to import: /opt/airflow/dags/DAG_scraper.py
Traceback (most recent call last):
  File "/home/airflow/.local/lib/python3.10/site-packages/airflow/models/dagbag.py", line 351, in parse
    loader.exec_module(new_module)
  File "<frozen importlib._bootstrap_external>", line 883, in exec_module
  File "<frozen importlib._bootstrap>", line 241, in _call_with_frames_removed
  File "/opt/airflow/dags/DAG_scraper.py", line 10, in <module>
    from ProcessData.DataProcessor import DataProcessor
  File "/opt/airflow/dags/ProcessData/DataProcessor.py", line 6, in <module>
    from geopy.geocoders import Nominatim
ModuleNotFoundError: No module named 'geopy'
[2025-09-24T09:05:24.716+0000] {processor.py:842} WARNING - No viable dags retrieved from /opt/airflow/dags/DAG_scraper.py
[2025-09-24T09:05:24.731+0000] {processor.py:183} INFO - Processing /opt/airflow/dags/DAG_scraper.py took 0.029 seconds
[2025-09-24T09:05:55.116+0000] {processor.py:161} INFO - Started process (PID=79) to work on /opt/airflow/dags/DAG_scraper.py
[2025-09-24T09:05:55.117+0000] {processor.py:830} INFO - Processing file /opt/airflow/dags/DAG_scraper.py for tasks to queue
[2025-09-24T09:05:55.119+0000] {logging_mixin.py:188} INFO - [2025-09-24T09:05:55.119+0000] {dagbag.py:545} INFO - Filling up the DagBag from /opt/airflow/dags/DAG_scraper.py
[2025-09-24T09:05:55.125+0000] {logging_mixin.py:188} INFO - [2025-09-24T09:05:55.124+0000] {dagbag.py:355} ERROR - Failed to import: /opt/airflow/dags/DAG_scraper.py
Traceback (most recent call last):
  File "/home/airflow/.local/lib/python3.10/site-packages/airflow/models/dagbag.py", line 351, in parse
    loader.exec_module(new_module)
  File "<frozen importlib._bootstrap_external>", line 883, in exec_module
  File "<frozen importlib._bootstrap>", line 241, in _call_with_frames_removed
  File "/opt/airflow/dags/DAG_scraper.py", line 10, in <module>
    from ProcessData.DataProcessor import DataProcessor
  File "/opt/airflow/dags/ProcessData/DataProcessor.py", line 6, in <module>
    from geopy.geocoders import Nominatim
ModuleNotFoundError: No module named 'geopy'
[2025-09-24T09:05:55.125+0000] {processor.py:842} WARNING - No viable dags retrieved from /opt/airflow/dags/DAG_scraper.py
[2025-09-24T09:05:55.143+0000] {processor.py:183} INFO - Processing /opt/airflow/dags/DAG_scraper.py took 0.036 seconds
[2025-09-24T09:06:25.474+0000] {processor.py:161} INFO - Started process (PID=80) to work on /opt/airflow/dags/DAG_scraper.py
[2025-09-24T09:06:25.475+0000] {processor.py:830} INFO - Processing file /opt/airflow/dags/DAG_scraper.py for tasks to queue
[2025-09-24T09:06:25.478+0000] {logging_mixin.py:188} INFO - [2025-09-24T09:06:25.477+0000] {dagbag.py:545} INFO - Filling up the DagBag from /opt/airflow/dags/DAG_scraper.py
[2025-09-24T09:06:25.486+0000] {logging_mixin.py:188} INFO - [2025-09-24T09:06:25.486+0000] {dagbag.py:355} ERROR - Failed to import: /opt/airflow/dags/DAG_scraper.py
Traceback (most recent call last):
  File "/home/airflow/.local/lib/python3.10/site-packages/airflow/models/dagbag.py", line 351, in parse
    loader.exec_module(new_module)
  File "<frozen importlib._bootstrap_external>", line 883, in exec_module
  File "<frozen importlib._bootstrap>", line 241, in _call_with_frames_removed
  File "/opt/airflow/dags/DAG_scraper.py", line 10, in <module>
    from ProcessData.DataProcessor import DataProcessor
  File "/opt/airflow/dags/ProcessData/DataProcessor.py", line 6, in <module>
    from geopy.geocoders import Nominatim
ModuleNotFoundError: No module named 'geopy'
[2025-09-24T09:06:25.486+0000] {processor.py:842} WARNING - No viable dags retrieved from /opt/airflow/dags/DAG_scraper.py
[2025-09-24T09:06:25.515+0000] {processor.py:183} INFO - Processing /opt/airflow/dags/DAG_scraper.py took 0.050 seconds
[2025-09-24T09:06:55.841+0000] {processor.py:161} INFO - Started process (PID=81) to work on /opt/airflow/dags/DAG_scraper.py
[2025-09-24T09:06:55.844+0000] {processor.py:830} INFO - Processing file /opt/airflow/dags/DAG_scraper.py for tasks to queue
[2025-09-24T09:06:55.850+0000] {logging_mixin.py:188} INFO - [2025-09-24T09:06:55.849+0000] {dagbag.py:545} INFO - Filling up the DagBag from /opt/airflow/dags/DAG_scraper.py
[2025-09-24T09:06:55.861+0000] {logging_mixin.py:188} INFO - [2025-09-24T09:06:55.860+0000] {dagbag.py:355} ERROR - Failed to import: /opt/airflow/dags/DAG_scraper.py
Traceback (most recent call last):
  File "/home/airflow/.local/lib/python3.10/site-packages/airflow/models/dagbag.py", line 351, in parse
    loader.exec_module(new_module)
  File "<frozen importlib._bootstrap_external>", line 883, in exec_module
  File "<frozen importlib._bootstrap>", line 241, in _call_with_frames_removed
  File "/opt/airflow/dags/DAG_scraper.py", line 10, in <module>
    from ProcessData.DataProcessor import DataProcessor
  File "/opt/airflow/dags/ProcessData/DataProcessor.py", line 6, in <module>
    from geopy.geocoders import Nominatim
ModuleNotFoundError: No module named 'geopy'
[2025-09-24T09:06:55.861+0000] {processor.py:842} WARNING - No viable dags retrieved from /opt/airflow/dags/DAG_scraper.py
[2025-09-24T09:06:55.880+0000] {processor.py:183} INFO - Processing /opt/airflow/dags/DAG_scraper.py took 0.054 seconds
[2025-09-24T09:07:26.128+0000] {processor.py:161} INFO - Started process (PID=82) to work on /opt/airflow/dags/DAG_scraper.py
[2025-09-24T09:07:26.129+0000] {processor.py:830} INFO - Processing file /opt/airflow/dags/DAG_scraper.py for tasks to queue
[2025-09-24T09:07:26.132+0000] {logging_mixin.py:188} INFO - [2025-09-24T09:07:26.132+0000] {dagbag.py:545} INFO - Filling up the DagBag from /opt/airflow/dags/DAG_scraper.py
[2025-09-24T09:07:26.141+0000] {logging_mixin.py:188} INFO - [2025-09-24T09:07:26.140+0000] {dagbag.py:355} ERROR - Failed to import: /opt/airflow/dags/DAG_scraper.py
Traceback (most recent call last):
  File "/home/airflow/.local/lib/python3.10/site-packages/airflow/models/dagbag.py", line 351, in parse
    loader.exec_module(new_module)
  File "<frozen importlib._bootstrap_external>", line 883, in exec_module
  File "<frozen importlib._bootstrap>", line 241, in _call_with_frames_removed
  File "/opt/airflow/dags/DAG_scraper.py", line 10, in <module>
    from ProcessData.DataProcessor import DataProcessor
  File "/opt/airflow/dags/ProcessData/DataProcessor.py", line 6, in <module>
    from geopy.geocoders import Nominatim
ModuleNotFoundError: No module named 'geopy'
[2025-09-24T09:07:26.141+0000] {processor.py:842} WARNING - No viable dags retrieved from /opt/airflow/dags/DAG_scraper.py
[2025-09-24T09:07:26.160+0000] {processor.py:183} INFO - Processing /opt/airflow/dags/DAG_scraper.py took 0.041 seconds
[2025-09-24T09:07:56.420+0000] {processor.py:161} INFO - Started process (PID=83) to work on /opt/airflow/dags/DAG_scraper.py
[2025-09-24T09:07:56.421+0000] {processor.py:830} INFO - Processing file /opt/airflow/dags/DAG_scraper.py for tasks to queue
[2025-09-24T09:07:56.423+0000] {logging_mixin.py:188} INFO - [2025-09-24T09:07:56.423+0000] {dagbag.py:545} INFO - Filling up the DagBag from /opt/airflow/dags/DAG_scraper.py
[2025-09-24T09:07:56.428+0000] {logging_mixin.py:188} INFO - [2025-09-24T09:07:56.428+0000] {dagbag.py:355} ERROR - Failed to import: /opt/airflow/dags/DAG_scraper.py
Traceback (most recent call last):
  File "/home/airflow/.local/lib/python3.10/site-packages/airflow/models/dagbag.py", line 351, in parse
    loader.exec_module(new_module)
  File "<frozen importlib._bootstrap_external>", line 883, in exec_module
  File "<frozen importlib._bootstrap>", line 241, in _call_with_frames_removed
  File "/opt/airflow/dags/DAG_scraper.py", line 10, in <module>
    from ProcessData.DataProcessor import DataProcessor
  File "/opt/airflow/dags/ProcessData/DataProcessor.py", line 6, in <module>
    from geopy.geocoders import Nominatim
ModuleNotFoundError: No module named 'geopy'
[2025-09-24T09:07:56.429+0000] {processor.py:842} WARNING - No viable dags retrieved from /opt/airflow/dags/DAG_scraper.py
[2025-09-24T09:07:56.458+0000] {processor.py:183} INFO - Processing /opt/airflow/dags/DAG_scraper.py took 0.045 seconds
[2025-09-24T09:08:26.717+0000] {processor.py:161} INFO - Started process (PID=84) to work on /opt/airflow/dags/DAG_scraper.py
[2025-09-24T09:08:26.718+0000] {processor.py:830} INFO - Processing file /opt/airflow/dags/DAG_scraper.py for tasks to queue
[2025-09-24T09:08:26.727+0000] {logging_mixin.py:188} INFO - [2025-09-24T09:08:26.725+0000] {dagbag.py:545} INFO - Filling up the DagBag from /opt/airflow/dags/DAG_scraper.py
[2025-09-24T09:08:26.748+0000] {logging_mixin.py:188} INFO - [2025-09-24T09:08:26.747+0000] {dagbag.py:355} ERROR - Failed to import: /opt/airflow/dags/DAG_scraper.py
Traceback (most recent call last):
  File "/home/airflow/.local/lib/python3.10/site-packages/airflow/models/dagbag.py", line 351, in parse
    loader.exec_module(new_module)
  File "<frozen importlib._bootstrap_external>", line 883, in exec_module
  File "<frozen importlib._bootstrap>", line 241, in _call_with_frames_removed
  File "/opt/airflow/dags/DAG_scraper.py", line 10, in <module>
    from ProcessData.DataProcessor import DataProcessor
  File "/opt/airflow/dags/ProcessData/DataProcessor.py", line 6, in <module>
    from geopy.geocoders import Nominatim
ModuleNotFoundError: No module named 'geopy'
[2025-09-24T09:08:26.748+0000] {processor.py:842} WARNING - No viable dags retrieved from /opt/airflow/dags/DAG_scraper.py
[2025-09-24T09:08:26.767+0000] {processor.py:183} INFO - Processing /opt/airflow/dags/DAG_scraper.py took 0.060 seconds
[2025-09-24T09:08:57.009+0000] {processor.py:161} INFO - Started process (PID=85) to work on /opt/airflow/dags/DAG_scraper.py
[2025-09-24T09:08:57.009+0000] {processor.py:830} INFO - Processing file /opt/airflow/dags/DAG_scraper.py for tasks to queue
[2025-09-24T09:08:57.012+0000] {logging_mixin.py:188} INFO - [2025-09-24T09:08:57.011+0000] {dagbag.py:545} INFO - Filling up the DagBag from /opt/airflow/dags/DAG_scraper.py
[2025-09-24T09:08:57.018+0000] {logging_mixin.py:188} INFO - [2025-09-24T09:08:57.017+0000] {dagbag.py:355} ERROR - Failed to import: /opt/airflow/dags/DAG_scraper.py
Traceback (most recent call last):
  File "/home/airflow/.local/lib/python3.10/site-packages/airflow/models/dagbag.py", line 351, in parse
    loader.exec_module(new_module)
  File "<frozen importlib._bootstrap_external>", line 883, in exec_module
  File "<frozen importlib._bootstrap>", line 241, in _call_with_frames_removed
  File "/opt/airflow/dags/DAG_scraper.py", line 10, in <module>
    from ProcessData.DataProcessor import DataProcessor
  File "/opt/airflow/dags/ProcessData/DataProcessor.py", line 6, in <module>
    from geopy.geocoders import Nominatim
ModuleNotFoundError: No module named 'geopy'
[2025-09-24T09:08:57.018+0000] {processor.py:842} WARNING - No viable dags retrieved from /opt/airflow/dags/DAG_scraper.py
[2025-09-24T09:08:57.039+0000] {processor.py:183} INFO - Processing /opt/airflow/dags/DAG_scraper.py took 0.038 seconds
[2025-09-24T09:09:27.333+0000] {processor.py:161} INFO - Started process (PID=86) to work on /opt/airflow/dags/DAG_scraper.py
[2025-09-24T09:09:27.334+0000] {processor.py:830} INFO - Processing file /opt/airflow/dags/DAG_scraper.py for tasks to queue
[2025-09-24T09:09:27.337+0000] {logging_mixin.py:188} INFO - [2025-09-24T09:09:27.336+0000] {dagbag.py:545} INFO - Filling up the DagBag from /opt/airflow/dags/DAG_scraper.py
[2025-09-24T09:09:27.343+0000] {logging_mixin.py:188} INFO - [2025-09-24T09:09:27.342+0000] {dagbag.py:355} ERROR - Failed to import: /opt/airflow/dags/DAG_scraper.py
Traceback (most recent call last):
  File "/home/airflow/.local/lib/python3.10/site-packages/airflow/models/dagbag.py", line 351, in parse
    loader.exec_module(new_module)
  File "<frozen importlib._bootstrap_external>", line 883, in exec_module
  File "<frozen importlib._bootstrap>", line 241, in _call_with_frames_removed
  File "/opt/airflow/dags/DAG_scraper.py", line 10, in <module>
    from ProcessData.DataProcessor import DataProcessor
  File "/opt/airflow/dags/ProcessData/DataProcessor.py", line 6, in <module>
    from geopy.geocoders import Nominatim
ModuleNotFoundError: No module named 'geopy'
[2025-09-24T09:09:27.343+0000] {processor.py:842} WARNING - No viable dags retrieved from /opt/airflow/dags/DAG_scraper.py
[2025-09-24T09:09:27.360+0000] {processor.py:183} INFO - Processing /opt/airflow/dags/DAG_scraper.py took 0.051 seconds
[2025-09-24T09:09:57.639+0000] {processor.py:161} INFO - Started process (PID=87) to work on /opt/airflow/dags/DAG_scraper.py
[2025-09-24T09:09:57.640+0000] {processor.py:830} INFO - Processing file /opt/airflow/dags/DAG_scraper.py for tasks to queue
[2025-09-24T09:09:57.642+0000] {logging_mixin.py:188} INFO - [2025-09-24T09:09:57.641+0000] {dagbag.py:545} INFO - Filling up the DagBag from /opt/airflow/dags/DAG_scraper.py
[2025-09-24T09:09:57.647+0000] {logging_mixin.py:188} INFO - [2025-09-24T09:09:57.647+0000] {dagbag.py:355} ERROR - Failed to import: /opt/airflow/dags/DAG_scraper.py
Traceback (most recent call last):
  File "/home/airflow/.local/lib/python3.10/site-packages/airflow/models/dagbag.py", line 351, in parse
    loader.exec_module(new_module)
  File "<frozen importlib._bootstrap_external>", line 883, in exec_module
  File "<frozen importlib._bootstrap>", line 241, in _call_with_frames_removed
  File "/opt/airflow/dags/DAG_scraper.py", line 10, in <module>
    from ProcessData.DataProcessor import DataProcessor
  File "/opt/airflow/dags/ProcessData/DataProcessor.py", line 6, in <module>
    from geopy.geocoders import Nominatim
ModuleNotFoundError: No module named 'geopy'
[2025-09-24T09:09:57.648+0000] {processor.py:842} WARNING - No viable dags retrieved from /opt/airflow/dags/DAG_scraper.py
[2025-09-24T09:09:57.662+0000] {processor.py:183} INFO - Processing /opt/airflow/dags/DAG_scraper.py took 0.029 seconds
[2025-09-24T09:10:27.941+0000] {processor.py:161} INFO - Started process (PID=88) to work on /opt/airflow/dags/DAG_scraper.py
[2025-09-24T09:10:27.941+0000] {processor.py:830} INFO - Processing file /opt/airflow/dags/DAG_scraper.py for tasks to queue
[2025-09-24T09:10:27.943+0000] {logging_mixin.py:188} INFO - [2025-09-24T09:10:27.942+0000] {dagbag.py:545} INFO - Filling up the DagBag from /opt/airflow/dags/DAG_scraper.py
[2025-09-24T09:10:27.947+0000] {logging_mixin.py:188} INFO - [2025-09-24T09:10:27.947+0000] {dagbag.py:355} ERROR - Failed to import: /opt/airflow/dags/DAG_scraper.py
Traceback (most recent call last):
  File "/home/airflow/.local/lib/python3.10/site-packages/airflow/models/dagbag.py", line 351, in parse
    loader.exec_module(new_module)
  File "<frozen importlib._bootstrap_external>", line 883, in exec_module
  File "<frozen importlib._bootstrap>", line 241, in _call_with_frames_removed
  File "/opt/airflow/dags/DAG_scraper.py", line 10, in <module>
    from ProcessData.DataProcessor import DataProcessor
  File "/opt/airflow/dags/ProcessData/DataProcessor.py", line 6, in <module>
    from geopy.geocoders import Nominatim
ModuleNotFoundError: No module named 'geopy'
[2025-09-24T09:10:27.947+0000] {processor.py:842} WARNING - No viable dags retrieved from /opt/airflow/dags/DAG_scraper.py
[2025-09-24T09:10:27.960+0000] {processor.py:183} INFO - Processing /opt/airflow/dags/DAG_scraper.py took 0.024 seconds
[2025-09-24T09:10:58.305+0000] {processor.py:161} INFO - Started process (PID=89) to work on /opt/airflow/dags/DAG_scraper.py
[2025-09-24T09:10:58.310+0000] {processor.py:830} INFO - Processing file /opt/airflow/dags/DAG_scraper.py for tasks to queue
[2025-09-24T09:10:58.317+0000] {logging_mixin.py:188} INFO - [2025-09-24T09:10:58.317+0000] {dagbag.py:545} INFO - Filling up the DagBag from /opt/airflow/dags/DAG_scraper.py
[2025-09-24T09:10:58.323+0000] {logging_mixin.py:188} INFO - [2025-09-24T09:10:58.322+0000] {dagbag.py:355} ERROR - Failed to import: /opt/airflow/dags/DAG_scraper.py
Traceback (most recent call last):
  File "/home/airflow/.local/lib/python3.10/site-packages/airflow/models/dagbag.py", line 351, in parse
    loader.exec_module(new_module)
  File "<frozen importlib._bootstrap_external>", line 883, in exec_module
  File "<frozen importlib._bootstrap>", line 241, in _call_with_frames_removed
  File "/opt/airflow/dags/DAG_scraper.py", line 10, in <module>
    from ProcessData.DataProcessor import DataProcessor
  File "/opt/airflow/dags/ProcessData/DataProcessor.py", line 6, in <module>
    from geopy.geocoders import Nominatim
ModuleNotFoundError: No module named 'geopy'
[2025-09-24T09:10:58.323+0000] {processor.py:842} WARNING - No viable dags retrieved from /opt/airflow/dags/DAG_scraper.py
[2025-09-24T09:10:58.339+0000] {processor.py:183} INFO - Processing /opt/airflow/dags/DAG_scraper.py took 0.043 seconds
[2025-09-24T09:11:28.602+0000] {processor.py:161} INFO - Started process (PID=90) to work on /opt/airflow/dags/DAG_scraper.py
[2025-09-24T09:11:28.603+0000] {processor.py:830} INFO - Processing file /opt/airflow/dags/DAG_scraper.py for tasks to queue
[2025-09-24T09:11:28.606+0000] {logging_mixin.py:188} INFO - [2025-09-24T09:11:28.605+0000] {dagbag.py:545} INFO - Filling up the DagBag from /opt/airflow/dags/DAG_scraper.py
[2025-09-24T09:11:28.612+0000] {logging_mixin.py:188} INFO - [2025-09-24T09:11:28.611+0000] {dagbag.py:355} ERROR - Failed to import: /opt/airflow/dags/DAG_scraper.py
Traceback (most recent call last):
  File "/home/airflow/.local/lib/python3.10/site-packages/airflow/models/dagbag.py", line 351, in parse
    loader.exec_module(new_module)
  File "<frozen importlib._bootstrap_external>", line 883, in exec_module
  File "<frozen importlib._bootstrap>", line 241, in _call_with_frames_removed
  File "/opt/airflow/dags/DAG_scraper.py", line 10, in <module>
    from ProcessData.DataProcessor import DataProcessor
  File "/opt/airflow/dags/ProcessData/DataProcessor.py", line 6, in <module>
    from geopy.geocoders import Nominatim
ModuleNotFoundError: No module named 'geopy'
[2025-09-24T09:11:28.612+0000] {processor.py:842} WARNING - No viable dags retrieved from /opt/airflow/dags/DAG_scraper.py
[2025-09-24T09:11:28.628+0000] {processor.py:183} INFO - Processing /opt/airflow/dags/DAG_scraper.py took 0.036 seconds
[2025-09-24T09:11:58.932+0000] {processor.py:161} INFO - Started process (PID=91) to work on /opt/airflow/dags/DAG_scraper.py
[2025-09-24T09:11:58.933+0000] {processor.py:830} INFO - Processing file /opt/airflow/dags/DAG_scraper.py for tasks to queue
[2025-09-24T09:11:58.935+0000] {logging_mixin.py:188} INFO - [2025-09-24T09:11:58.935+0000] {dagbag.py:545} INFO - Filling up the DagBag from /opt/airflow/dags/DAG_scraper.py
[2025-09-24T09:11:58.940+0000] {logging_mixin.py:188} INFO - [2025-09-24T09:11:58.939+0000] {dagbag.py:355} ERROR - Failed to import: /opt/airflow/dags/DAG_scraper.py
Traceback (most recent call last):
  File "/home/airflow/.local/lib/python3.10/site-packages/airflow/models/dagbag.py", line 351, in parse
    loader.exec_module(new_module)
  File "<frozen importlib._bootstrap_external>", line 883, in exec_module
  File "<frozen importlib._bootstrap>", line 241, in _call_with_frames_removed
  File "/opt/airflow/dags/DAG_scraper.py", line 10, in <module>
    from ProcessData.DataProcessor import DataProcessor
  File "/opt/airflow/dags/ProcessData/DataProcessor.py", line 6, in <module>
    from geopy.geocoders import Nominatim
ModuleNotFoundError: No module named 'geopy'
[2025-09-24T09:11:58.940+0000] {processor.py:842} WARNING - No viable dags retrieved from /opt/airflow/dags/DAG_scraper.py
[2025-09-24T09:11:58.962+0000] {processor.py:183} INFO - Processing /opt/airflow/dags/DAG_scraper.py took 0.039 seconds
[2025-09-24T09:12:29.219+0000] {processor.py:161} INFO - Started process (PID=92) to work on /opt/airflow/dags/DAG_scraper.py
[2025-09-24T09:12:29.219+0000] {processor.py:830} INFO - Processing file /opt/airflow/dags/DAG_scraper.py for tasks to queue
[2025-09-24T09:12:29.221+0000] {logging_mixin.py:188} INFO - [2025-09-24T09:12:29.221+0000] {dagbag.py:545} INFO - Filling up the DagBag from /opt/airflow/dags/DAG_scraper.py
[2025-09-24T09:12:29.227+0000] {logging_mixin.py:188} INFO - [2025-09-24T09:12:29.226+0000] {dagbag.py:355} ERROR - Failed to import: /opt/airflow/dags/DAG_scraper.py
Traceback (most recent call last):
  File "/home/airflow/.local/lib/python3.10/site-packages/airflow/models/dagbag.py", line 351, in parse
    loader.exec_module(new_module)
  File "<frozen importlib._bootstrap_external>", line 883, in exec_module
  File "<frozen importlib._bootstrap>", line 241, in _call_with_frames_removed
  File "/opt/airflow/dags/DAG_scraper.py", line 10, in <module>
    from ProcessData.DataProcessor import DataProcessor
  File "/opt/airflow/dags/ProcessData/DataProcessor.py", line 6, in <module>
    from geopy.geocoders import Nominatim
ModuleNotFoundError: No module named 'geopy'
[2025-09-24T09:12:29.227+0000] {processor.py:842} WARNING - No viable dags retrieved from /opt/airflow/dags/DAG_scraper.py
[2025-09-24T09:12:29.247+0000] {processor.py:183} INFO - Processing /opt/airflow/dags/DAG_scraper.py took 0.035 seconds
[2025-09-24T09:12:59.561+0000] {processor.py:161} INFO - Started process (PID=93) to work on /opt/airflow/dags/DAG_scraper.py
[2025-09-24T09:12:59.562+0000] {processor.py:830} INFO - Processing file /opt/airflow/dags/DAG_scraper.py for tasks to queue
[2025-09-24T09:12:59.565+0000] {logging_mixin.py:188} INFO - [2025-09-24T09:12:59.564+0000] {dagbag.py:545} INFO - Filling up the DagBag from /opt/airflow/dags/DAG_scraper.py
[2025-09-24T09:12:59.571+0000] {logging_mixin.py:188} INFO - [2025-09-24T09:12:59.570+0000] {dagbag.py:355} ERROR - Failed to import: /opt/airflow/dags/DAG_scraper.py
Traceback (most recent call last):
  File "/home/airflow/.local/lib/python3.10/site-packages/airflow/models/dagbag.py", line 351, in parse
    loader.exec_module(new_module)
  File "<frozen importlib._bootstrap_external>", line 883, in exec_module
  File "<frozen importlib._bootstrap>", line 241, in _call_with_frames_removed
  File "/opt/airflow/dags/DAG_scraper.py", line 10, in <module>
    from ProcessData.DataProcessor import DataProcessor
  File "/opt/airflow/dags/ProcessData/DataProcessor.py", line 6, in <module>
    from geopy.geocoders import Nominatim
ModuleNotFoundError: No module named 'geopy'
[2025-09-24T09:12:59.571+0000] {processor.py:842} WARNING - No viable dags retrieved from /opt/airflow/dags/DAG_scraper.py
[2025-09-24T09:12:59.588+0000] {processor.py:183} INFO - Processing /opt/airflow/dags/DAG_scraper.py took 0.035 seconds
[2025-09-24T09:13:29.885+0000] {processor.py:161} INFO - Started process (PID=94) to work on /opt/airflow/dags/DAG_scraper.py
[2025-09-24T09:13:29.886+0000] {processor.py:830} INFO - Processing file /opt/airflow/dags/DAG_scraper.py for tasks to queue
[2025-09-24T09:13:29.888+0000] {logging_mixin.py:188} INFO - [2025-09-24T09:13:29.887+0000] {dagbag.py:545} INFO - Filling up the DagBag from /opt/airflow/dags/DAG_scraper.py
[2025-09-24T09:13:29.895+0000] {logging_mixin.py:188} INFO - [2025-09-24T09:13:29.894+0000] {dagbag.py:355} ERROR - Failed to import: /opt/airflow/dags/DAG_scraper.py
Traceback (most recent call last):
  File "/home/airflow/.local/lib/python3.10/site-packages/airflow/models/dagbag.py", line 351, in parse
    loader.exec_module(new_module)
  File "<frozen importlib._bootstrap_external>", line 883, in exec_module
  File "<frozen importlib._bootstrap>", line 241, in _call_with_frames_removed
  File "/opt/airflow/dags/DAG_scraper.py", line 10, in <module>
    from ProcessData.DataProcessor import DataProcessor
  File "/opt/airflow/dags/ProcessData/DataProcessor.py", line 6, in <module>
    from geopy.geocoders import Nominatim
ModuleNotFoundError: No module named 'geopy'
[2025-09-24T09:13:29.895+0000] {processor.py:842} WARNING - No viable dags retrieved from /opt/airflow/dags/DAG_scraper.py
[2025-09-24T09:13:29.912+0000] {processor.py:183} INFO - Processing /opt/airflow/dags/DAG_scraper.py took 0.038 seconds
[2025-09-24T09:14:00.171+0000] {processor.py:161} INFO - Started process (PID=95) to work on /opt/airflow/dags/DAG_scraper.py
[2025-09-24T09:14:00.172+0000] {processor.py:830} INFO - Processing file /opt/airflow/dags/DAG_scraper.py for tasks to queue
[2025-09-24T09:14:00.174+0000] {logging_mixin.py:188} INFO - [2025-09-24T09:14:00.173+0000] {dagbag.py:545} INFO - Filling up the DagBag from /opt/airflow/dags/DAG_scraper.py
[2025-09-24T09:14:00.180+0000] {logging_mixin.py:188} INFO - [2025-09-24T09:14:00.179+0000] {dagbag.py:355} ERROR - Failed to import: /opt/airflow/dags/DAG_scraper.py
Traceback (most recent call last):
  File "/home/airflow/.local/lib/python3.10/site-packages/airflow/models/dagbag.py", line 351, in parse
    loader.exec_module(new_module)
  File "<frozen importlib._bootstrap_external>", line 883, in exec_module
  File "<frozen importlib._bootstrap>", line 241, in _call_with_frames_removed
  File "/opt/airflow/dags/DAG_scraper.py", line 10, in <module>
    from ProcessData.DataProcessor import DataProcessor
  File "/opt/airflow/dags/ProcessData/DataProcessor.py", line 6, in <module>
    from geopy.geocoders import Nominatim
ModuleNotFoundError: No module named 'geopy'
[2025-09-24T09:14:00.180+0000] {processor.py:842} WARNING - No viable dags retrieved from /opt/airflow/dags/DAG_scraper.py
[2025-09-24T09:14:00.193+0000] {processor.py:183} INFO - Processing /opt/airflow/dags/DAG_scraper.py took 0.029 seconds
[2025-09-24T09:14:30.485+0000] {processor.py:161} INFO - Started process (PID=96) to work on /opt/airflow/dags/DAG_scraper.py
[2025-09-24T09:14:30.485+0000] {processor.py:830} INFO - Processing file /opt/airflow/dags/DAG_scraper.py for tasks to queue
[2025-09-24T09:14:30.488+0000] {logging_mixin.py:188} INFO - [2025-09-24T09:14:30.487+0000] {dagbag.py:545} INFO - Filling up the DagBag from /opt/airflow/dags/DAG_scraper.py
[2025-09-24T09:14:30.500+0000] {logging_mixin.py:188} INFO - [2025-09-24T09:14:30.497+0000] {dagbag.py:355} ERROR - Failed to import: /opt/airflow/dags/DAG_scraper.py
Traceback (most recent call last):
  File "/home/airflow/.local/lib/python3.10/site-packages/airflow/models/dagbag.py", line 351, in parse
    loader.exec_module(new_module)
  File "<frozen importlib._bootstrap_external>", line 883, in exec_module
  File "<frozen importlib._bootstrap>", line 241, in _call_with_frames_removed
  File "/opt/airflow/dags/DAG_scraper.py", line 10, in <module>
    from ProcessData.DataProcessor import DataProcessor
  File "/opt/airflow/dags/ProcessData/DataProcessor.py", line 6, in <module>
    from geopy.geocoders import Nominatim
ModuleNotFoundError: No module named 'geopy'
[2025-09-24T09:14:30.500+0000] {processor.py:842} WARNING - No viable dags retrieved from /opt/airflow/dags/DAG_scraper.py
[2025-09-24T09:14:30.531+0000] {processor.py:183} INFO - Processing /opt/airflow/dags/DAG_scraper.py took 0.053 seconds
[2025-09-24T09:15:00.797+0000] {processor.py:161} INFO - Started process (PID=97) to work on /opt/airflow/dags/DAG_scraper.py
[2025-09-24T09:15:00.797+0000] {processor.py:830} INFO - Processing file /opt/airflow/dags/DAG_scraper.py for tasks to queue
[2025-09-24T09:15:00.799+0000] {logging_mixin.py:188} INFO - [2025-09-24T09:15:00.799+0000] {dagbag.py:545} INFO - Filling up the DagBag from /opt/airflow/dags/DAG_scraper.py
[2025-09-24T09:15:00.805+0000] {logging_mixin.py:188} INFO - [2025-09-24T09:15:00.804+0000] {dagbag.py:355} ERROR - Failed to import: /opt/airflow/dags/DAG_scraper.py
Traceback (most recent call last):
  File "/home/airflow/.local/lib/python3.10/site-packages/airflow/models/dagbag.py", line 351, in parse
    loader.exec_module(new_module)
  File "<frozen importlib._bootstrap_external>", line 883, in exec_module
  File "<frozen importlib._bootstrap>", line 241, in _call_with_frames_removed
  File "/opt/airflow/dags/DAG_scraper.py", line 10, in <module>
    from ProcessData.DataProcessor import DataProcessor
  File "/opt/airflow/dags/ProcessData/DataProcessor.py", line 6, in <module>
    from geopy.geocoders import Nominatim
ModuleNotFoundError: No module named 'geopy'
[2025-09-24T09:15:00.805+0000] {processor.py:842} WARNING - No viable dags retrieved from /opt/airflow/dags/DAG_scraper.py
[2025-09-24T09:15:00.820+0000] {processor.py:183} INFO - Processing /opt/airflow/dags/DAG_scraper.py took 0.030 seconds
[2025-09-24T09:15:31.089+0000] {processor.py:161} INFO - Started process (PID=98) to work on /opt/airflow/dags/DAG_scraper.py
[2025-09-24T09:15:31.090+0000] {processor.py:830} INFO - Processing file /opt/airflow/dags/DAG_scraper.py for tasks to queue
[2025-09-24T09:15:31.092+0000] {logging_mixin.py:188} INFO - [2025-09-24T09:15:31.091+0000] {dagbag.py:545} INFO - Filling up the DagBag from /opt/airflow/dags/DAG_scraper.py
[2025-09-24T09:15:31.098+0000] {logging_mixin.py:188} INFO - [2025-09-24T09:15:31.097+0000] {dagbag.py:355} ERROR - Failed to import: /opt/airflow/dags/DAG_scraper.py
Traceback (most recent call last):
  File "/home/airflow/.local/lib/python3.10/site-packages/airflow/models/dagbag.py", line 351, in parse
    loader.exec_module(new_module)
  File "<frozen importlib._bootstrap_external>", line 883, in exec_module
  File "<frozen importlib._bootstrap>", line 241, in _call_with_frames_removed
  File "/opt/airflow/dags/DAG_scraper.py", line 10, in <module>
    from ProcessData.DataProcessor import DataProcessor
  File "/opt/airflow/dags/ProcessData/DataProcessor.py", line 6, in <module>
    from geopy.geocoders import Nominatim
ModuleNotFoundError: No module named 'geopy'
[2025-09-24T09:15:31.099+0000] {processor.py:842} WARNING - No viable dags retrieved from /opt/airflow/dags/DAG_scraper.py
[2025-09-24T09:15:31.115+0000] {processor.py:183} INFO - Processing /opt/airflow/dags/DAG_scraper.py took 0.032 seconds
[2025-09-24T09:16:01.413+0000] {processor.py:161} INFO - Started process (PID=99) to work on /opt/airflow/dags/DAG_scraper.py
[2025-09-24T09:16:01.414+0000] {processor.py:830} INFO - Processing file /opt/airflow/dags/DAG_scraper.py for tasks to queue
[2025-09-24T09:16:01.416+0000] {logging_mixin.py:188} INFO - [2025-09-24T09:16:01.416+0000] {dagbag.py:545} INFO - Filling up the DagBag from /opt/airflow/dags/DAG_scraper.py
[2025-09-24T09:16:01.429+0000] {logging_mixin.py:188} INFO - [2025-09-24T09:16:01.425+0000] {dagbag.py:355} ERROR - Failed to import: /opt/airflow/dags/DAG_scraper.py
Traceback (most recent call last):
  File "/home/airflow/.local/lib/python3.10/site-packages/airflow/models/dagbag.py", line 351, in parse
    loader.exec_module(new_module)
  File "<frozen importlib._bootstrap_external>", line 883, in exec_module
  File "<frozen importlib._bootstrap>", line 241, in _call_with_frames_removed
  File "/opt/airflow/dags/DAG_scraper.py", line 10, in <module>
    from ProcessData.DataProcessor import DataProcessor
  File "/opt/airflow/dags/ProcessData/DataProcessor.py", line 6, in <module>
    from geopy.geocoders import Nominatim
ModuleNotFoundError: No module named 'geopy'
[2025-09-24T09:16:01.429+0000] {processor.py:842} WARNING - No viable dags retrieved from /opt/airflow/dags/DAG_scraper.py
[2025-09-24T09:16:01.454+0000] {processor.py:183} INFO - Processing /opt/airflow/dags/DAG_scraper.py took 0.050 seconds
[2025-09-24T09:16:31.700+0000] {processor.py:161} INFO - Started process (PID=100) to work on /opt/airflow/dags/DAG_scraper.py
[2025-09-24T09:16:31.700+0000] {processor.py:830} INFO - Processing file /opt/airflow/dags/DAG_scraper.py for tasks to queue
[2025-09-24T09:16:31.702+0000] {logging_mixin.py:188} INFO - [2025-09-24T09:16:31.702+0000] {dagbag.py:545} INFO - Filling up the DagBag from /opt/airflow/dags/DAG_scraper.py
[2025-09-24T09:16:31.709+0000] {logging_mixin.py:188} INFO - [2025-09-24T09:16:31.708+0000] {dagbag.py:355} ERROR - Failed to import: /opt/airflow/dags/DAG_scraper.py
Traceback (most recent call last):
  File "/home/airflow/.local/lib/python3.10/site-packages/airflow/models/dagbag.py", line 351, in parse
    loader.exec_module(new_module)
  File "<frozen importlib._bootstrap_external>", line 883, in exec_module
  File "<frozen importlib._bootstrap>", line 241, in _call_with_frames_removed
  File "/opt/airflow/dags/DAG_scraper.py", line 10, in <module>
    from ProcessData.DataProcessor import DataProcessor
  File "/opt/airflow/dags/ProcessData/DataProcessor.py", line 6, in <module>
    from geopy.geocoders import Nominatim
ModuleNotFoundError: No module named 'geopy'
[2025-09-24T09:16:31.709+0000] {processor.py:842} WARNING - No viable dags retrieved from /opt/airflow/dags/DAG_scraper.py
[2025-09-24T09:16:31.724+0000] {processor.py:183} INFO - Processing /opt/airflow/dags/DAG_scraper.py took 0.033 seconds
[2025-09-24T09:17:01.915+0000] {processor.py:161} INFO - Started process (PID=101) to work on /opt/airflow/dags/DAG_scraper.py
[2025-09-24T09:17:01.916+0000] {processor.py:830} INFO - Processing file /opt/airflow/dags/DAG_scraper.py for tasks to queue
[2025-09-24T09:17:01.919+0000] {logging_mixin.py:188} INFO - [2025-09-24T09:17:01.918+0000] {dagbag.py:545} INFO - Filling up the DagBag from /opt/airflow/dags/DAG_scraper.py
[2025-09-24T09:17:01.926+0000] {logging_mixin.py:188} INFO - [2025-09-24T09:17:01.925+0000] {dagbag.py:355} ERROR - Failed to import: /opt/airflow/dags/DAG_scraper.py
Traceback (most recent call last):
  File "/home/airflow/.local/lib/python3.10/site-packages/airflow/models/dagbag.py", line 351, in parse
    loader.exec_module(new_module)
  File "<frozen importlib._bootstrap_external>", line 883, in exec_module
  File "<frozen importlib._bootstrap>", line 241, in _call_with_frames_removed
  File "/opt/airflow/dags/DAG_scraper.py", line 10, in <module>
    from ProcessData.DataProcessor import DataProcessor
  File "/opt/airflow/dags/ProcessData/DataProcessor.py", line 6, in <module>
    from geopy.geocoders import Nominatim
ModuleNotFoundError: No module named 'geopy'
[2025-09-24T09:17:01.926+0000] {processor.py:842} WARNING - No viable dags retrieved from /opt/airflow/dags/DAG_scraper.py
[2025-09-24T09:17:01.942+0000] {processor.py:183} INFO - Processing /opt/airflow/dags/DAG_scraper.py took 0.047 seconds
[2025-09-24T09:17:32.202+0000] {processor.py:161} INFO - Started process (PID=102) to work on /opt/airflow/dags/DAG_scraper.py
[2025-09-24T09:17:32.203+0000] {processor.py:830} INFO - Processing file /opt/airflow/dags/DAG_scraper.py for tasks to queue
[2025-09-24T09:17:32.204+0000] {logging_mixin.py:188} INFO - [2025-09-24T09:17:32.204+0000] {dagbag.py:545} INFO - Filling up the DagBag from /opt/airflow/dags/DAG_scraper.py
[2025-09-24T09:17:32.210+0000] {logging_mixin.py:188} INFO - [2025-09-24T09:17:32.209+0000] {dagbag.py:355} ERROR - Failed to import: /opt/airflow/dags/DAG_scraper.py
Traceback (most recent call last):
  File "/home/airflow/.local/lib/python3.10/site-packages/airflow/models/dagbag.py", line 351, in parse
    loader.exec_module(new_module)
  File "<frozen importlib._bootstrap_external>", line 883, in exec_module
  File "<frozen importlib._bootstrap>", line 241, in _call_with_frames_removed
  File "/opt/airflow/dags/DAG_scraper.py", line 10, in <module>
    from ProcessData.DataProcessor import DataProcessor
  File "/opt/airflow/dags/ProcessData/DataProcessor.py", line 6, in <module>
    from geopy.geocoders import Nominatim
ModuleNotFoundError: No module named 'geopy'
[2025-09-24T09:17:32.210+0000] {processor.py:842} WARNING - No viable dags retrieved from /opt/airflow/dags/DAG_scraper.py
[2025-09-24T09:17:32.227+0000] {processor.py:183} INFO - Processing /opt/airflow/dags/DAG_scraper.py took 0.032 seconds
[2025-09-24T09:18:02.479+0000] {processor.py:161} INFO - Started process (PID=103) to work on /opt/airflow/dags/DAG_scraper.py
[2025-09-24T09:18:02.480+0000] {processor.py:830} INFO - Processing file /opt/airflow/dags/DAG_scraper.py for tasks to queue
[2025-09-24T09:18:02.482+0000] {logging_mixin.py:188} INFO - [2025-09-24T09:18:02.482+0000] {dagbag.py:545} INFO - Filling up the DagBag from /opt/airflow/dags/DAG_scraper.py
[2025-09-24T09:18:02.499+0000] {logging_mixin.py:188} INFO - [2025-09-24T09:18:02.497+0000] {dagbag.py:355} ERROR - Failed to import: /opt/airflow/dags/DAG_scraper.py
Traceback (most recent call last):
  File "/home/airflow/.local/lib/python3.10/site-packages/airflow/models/dagbag.py", line 351, in parse
    loader.exec_module(new_module)
  File "<frozen importlib._bootstrap_external>", line 883, in exec_module
  File "<frozen importlib._bootstrap>", line 241, in _call_with_frames_removed
  File "/opt/airflow/dags/DAG_scraper.py", line 10, in <module>
    from ProcessData.DataProcessor import DataProcessor
  File "/opt/airflow/dags/ProcessData/DataProcessor.py", line 6, in <module>
    from geopy.geocoders import Nominatim
ModuleNotFoundError: No module named 'geopy'
[2025-09-24T09:18:02.499+0000] {processor.py:842} WARNING - No viable dags retrieved from /opt/airflow/dags/DAG_scraper.py
[2025-09-24T09:18:02.523+0000] {processor.py:183} INFO - Processing /opt/airflow/dags/DAG_scraper.py took 0.053 seconds
[2025-09-24T09:18:32.773+0000] {processor.py:161} INFO - Started process (PID=104) to work on /opt/airflow/dags/DAG_scraper.py
[2025-09-24T09:18:32.774+0000] {processor.py:830} INFO - Processing file /opt/airflow/dags/DAG_scraper.py for tasks to queue
[2025-09-24T09:18:32.777+0000] {logging_mixin.py:188} INFO - [2025-09-24T09:18:32.777+0000] {dagbag.py:545} INFO - Filling up the DagBag from /opt/airflow/dags/DAG_scraper.py
[2025-09-24T09:18:32.784+0000] {logging_mixin.py:188} INFO - [2025-09-24T09:18:32.784+0000] {dagbag.py:355} ERROR - Failed to import: /opt/airflow/dags/DAG_scraper.py
Traceback (most recent call last):
  File "/home/airflow/.local/lib/python3.10/site-packages/airflow/models/dagbag.py", line 351, in parse
    loader.exec_module(new_module)
  File "<frozen importlib._bootstrap_external>", line 883, in exec_module
  File "<frozen importlib._bootstrap>", line 241, in _call_with_frames_removed
  File "/opt/airflow/dags/DAG_scraper.py", line 10, in <module>
    from ProcessData.DataProcessor import DataProcessor
  File "/opt/airflow/dags/ProcessData/DataProcessor.py", line 6, in <module>
    from geopy.geocoders import Nominatim
ModuleNotFoundError: No module named 'geopy'
[2025-09-24T09:18:32.785+0000] {processor.py:842} WARNING - No viable dags retrieved from /opt/airflow/dags/DAG_scraper.py
[2025-09-24T09:18:32.819+0000] {processor.py:183} INFO - Processing /opt/airflow/dags/DAG_scraper.py took 0.057 seconds
[2025-09-24T09:19:03.042+0000] {processor.py:161} INFO - Started process (PID=105) to work on /opt/airflow/dags/DAG_scraper.py
[2025-09-24T09:19:03.043+0000] {processor.py:830} INFO - Processing file /opt/airflow/dags/DAG_scraper.py for tasks to queue
[2025-09-24T09:19:03.045+0000] {logging_mixin.py:188} INFO - [2025-09-24T09:19:03.045+0000] {dagbag.py:545} INFO - Filling up the DagBag from /opt/airflow/dags/DAG_scraper.py
[2025-09-24T09:19:03.051+0000] {logging_mixin.py:188} INFO - [2025-09-24T09:19:03.051+0000] {dagbag.py:355} ERROR - Failed to import: /opt/airflow/dags/DAG_scraper.py
Traceback (most recent call last):
  File "/home/airflow/.local/lib/python3.10/site-packages/airflow/models/dagbag.py", line 351, in parse
    loader.exec_module(new_module)
  File "<frozen importlib._bootstrap_external>", line 883, in exec_module
  File "<frozen importlib._bootstrap>", line 241, in _call_with_frames_removed
  File "/opt/airflow/dags/DAG_scraper.py", line 10, in <module>
    from ProcessData.DataProcessor import DataProcessor
  File "/opt/airflow/dags/ProcessData/DataProcessor.py", line 6, in <module>
    from geopy.geocoders import Nominatim
ModuleNotFoundError: No module named 'geopy'
[2025-09-24T09:19:03.052+0000] {processor.py:842} WARNING - No viable dags retrieved from /opt/airflow/dags/DAG_scraper.py
[2025-09-24T09:19:03.066+0000] {processor.py:183} INFO - Processing /opt/airflow/dags/DAG_scraper.py took 0.033 seconds
[2025-09-24T09:19:33.354+0000] {processor.py:161} INFO - Started process (PID=106) to work on /opt/airflow/dags/DAG_scraper.py
[2025-09-24T09:19:33.355+0000] {processor.py:830} INFO - Processing file /opt/airflow/dags/DAG_scraper.py for tasks to queue
[2025-09-24T09:19:33.359+0000] {logging_mixin.py:188} INFO - [2025-09-24T09:19:33.358+0000] {dagbag.py:545} INFO - Filling up the DagBag from /opt/airflow/dags/DAG_scraper.py
[2025-09-24T09:19:33.366+0000] {logging_mixin.py:188} INFO - [2025-09-24T09:19:33.366+0000] {dagbag.py:355} ERROR - Failed to import: /opt/airflow/dags/DAG_scraper.py
Traceback (most recent call last):
  File "/home/airflow/.local/lib/python3.10/site-packages/airflow/models/dagbag.py", line 351, in parse
    loader.exec_module(new_module)
  File "<frozen importlib._bootstrap_external>", line 883, in exec_module
  File "<frozen importlib._bootstrap>", line 241, in _call_with_frames_removed
  File "/opt/airflow/dags/DAG_scraper.py", line 10, in <module>
    from ProcessData.DataProcessor import DataProcessor
  File "/opt/airflow/dags/ProcessData/DataProcessor.py", line 6, in <module>
    from geopy.geocoders import Nominatim
ModuleNotFoundError: No module named 'geopy'
[2025-09-24T09:19:33.367+0000] {processor.py:842} WARNING - No viable dags retrieved from /opt/airflow/dags/DAG_scraper.py
[2025-09-24T09:19:33.385+0000] {processor.py:183} INFO - Processing /opt/airflow/dags/DAG_scraper.py took 0.044 seconds
[2025-09-24T09:20:03.683+0000] {processor.py:161} INFO - Started process (PID=107) to work on /opt/airflow/dags/DAG_scraper.py
[2025-09-24T09:20:03.684+0000] {processor.py:830} INFO - Processing file /opt/airflow/dags/DAG_scraper.py for tasks to queue
[2025-09-24T09:20:03.688+0000] {logging_mixin.py:188} INFO - [2025-09-24T09:20:03.688+0000] {dagbag.py:545} INFO - Filling up the DagBag from /opt/airflow/dags/DAG_scraper.py
[2025-09-24T09:20:03.699+0000] {logging_mixin.py:188} INFO - [2025-09-24T09:20:03.698+0000] {dagbag.py:355} ERROR - Failed to import: /opt/airflow/dags/DAG_scraper.py
Traceback (most recent call last):
  File "/home/airflow/.local/lib/python3.10/site-packages/airflow/models/dagbag.py", line 351, in parse
    loader.exec_module(new_module)
  File "<frozen importlib._bootstrap_external>", line 883, in exec_module
  File "<frozen importlib._bootstrap>", line 241, in _call_with_frames_removed
  File "/opt/airflow/dags/DAG_scraper.py", line 10, in <module>
    from ProcessData.DataProcessor import DataProcessor
  File "/opt/airflow/dags/ProcessData/DataProcessor.py", line 6, in <module>
    from geopy.geocoders import Nominatim
ModuleNotFoundError: No module named 'geopy'
[2025-09-24T09:20:03.699+0000] {processor.py:842} WARNING - No viable dags retrieved from /opt/airflow/dags/DAG_scraper.py
[2025-09-24T09:20:03.717+0000] {processor.py:183} INFO - Processing /opt/airflow/dags/DAG_scraper.py took 0.047 seconds
[2025-09-24T09:20:33.969+0000] {processor.py:161} INFO - Started process (PID=108) to work on /opt/airflow/dags/DAG_scraper.py
[2025-09-24T09:20:33.970+0000] {processor.py:830} INFO - Processing file /opt/airflow/dags/DAG_scraper.py for tasks to queue
[2025-09-24T09:20:33.973+0000] {logging_mixin.py:188} INFO - [2025-09-24T09:20:33.973+0000] {dagbag.py:545} INFO - Filling up the DagBag from /opt/airflow/dags/DAG_scraper.py
[2025-09-24T09:20:33.980+0000] {logging_mixin.py:188} INFO - [2025-09-24T09:20:33.979+0000] {dagbag.py:355} ERROR - Failed to import: /opt/airflow/dags/DAG_scraper.py
Traceback (most recent call last):
  File "/home/airflow/.local/lib/python3.10/site-packages/airflow/models/dagbag.py", line 351, in parse
    loader.exec_module(new_module)
  File "<frozen importlib._bootstrap_external>", line 883, in exec_module
  File "<frozen importlib._bootstrap>", line 241, in _call_with_frames_removed
  File "/opt/airflow/dags/DAG_scraper.py", line 10, in <module>
    from ProcessData.DataProcessor import DataProcessor
  File "/opt/airflow/dags/ProcessData/DataProcessor.py", line 6, in <module>
    from geopy.geocoders import Nominatim
ModuleNotFoundError: No module named 'geopy'
[2025-09-24T09:20:33.981+0000] {processor.py:842} WARNING - No viable dags retrieved from /opt/airflow/dags/DAG_scraper.py
[2025-09-24T09:20:34.010+0000] {processor.py:183} INFO - Processing /opt/airflow/dags/DAG_scraper.py took 0.049 seconds
[2025-09-24T09:21:04.306+0000] {processor.py:161} INFO - Started process (PID=109) to work on /opt/airflow/dags/DAG_scraper.py
[2025-09-24T09:21:04.307+0000] {processor.py:830} INFO - Processing file /opt/airflow/dags/DAG_scraper.py for tasks to queue
[2025-09-24T09:21:04.309+0000] {logging_mixin.py:188} INFO - [2025-09-24T09:21:04.309+0000] {dagbag.py:545} INFO - Filling up the DagBag from /opt/airflow/dags/DAG_scraper.py
[2025-09-24T09:21:04.317+0000] {logging_mixin.py:188} INFO - [2025-09-24T09:21:04.316+0000] {dagbag.py:355} ERROR - Failed to import: /opt/airflow/dags/DAG_scraper.py
Traceback (most recent call last):
  File "/home/airflow/.local/lib/python3.10/site-packages/airflow/models/dagbag.py", line 351, in parse
    loader.exec_module(new_module)
  File "<frozen importlib._bootstrap_external>", line 883, in exec_module
  File "<frozen importlib._bootstrap>", line 241, in _call_with_frames_removed
  File "/opt/airflow/dags/DAG_scraper.py", line 10, in <module>
    from ProcessData.DataProcessor import DataProcessor
  File "/opt/airflow/dags/ProcessData/DataProcessor.py", line 6, in <module>
    from geopy.geocoders import Nominatim
ModuleNotFoundError: No module named 'geopy'
[2025-09-24T09:21:04.317+0000] {processor.py:842} WARNING - No viable dags retrieved from /opt/airflow/dags/DAG_scraper.py
[2025-09-24T09:21:04.334+0000] {processor.py:183} INFO - Processing /opt/airflow/dags/DAG_scraper.py took 0.039 seconds
[2025-09-24T09:21:34.629+0000] {processor.py:161} INFO - Started process (PID=110) to work on /opt/airflow/dags/DAG_scraper.py
[2025-09-24T09:21:34.630+0000] {processor.py:830} INFO - Processing file /opt/airflow/dags/DAG_scraper.py for tasks to queue
[2025-09-24T09:21:34.633+0000] {logging_mixin.py:188} INFO - [2025-09-24T09:21:34.633+0000] {dagbag.py:545} INFO - Filling up the DagBag from /opt/airflow/dags/DAG_scraper.py
[2025-09-24T09:21:34.641+0000] {logging_mixin.py:188} INFO - [2025-09-24T09:21:34.640+0000] {dagbag.py:355} ERROR - Failed to import: /opt/airflow/dags/DAG_scraper.py
Traceback (most recent call last):
  File "/home/airflow/.local/lib/python3.10/site-packages/airflow/models/dagbag.py", line 351, in parse
    loader.exec_module(new_module)
  File "<frozen importlib._bootstrap_external>", line 883, in exec_module
  File "<frozen importlib._bootstrap>", line 241, in _call_with_frames_removed
  File "/opt/airflow/dags/DAG_scraper.py", line 10, in <module>
    from ProcessData.DataProcessor import DataProcessor
  File "/opt/airflow/dags/ProcessData/DataProcessor.py", line 6, in <module>
    from geopy.geocoders import Nominatim
ModuleNotFoundError: No module named 'geopy'
[2025-09-24T09:21:34.642+0000] {processor.py:842} WARNING - No viable dags retrieved from /opt/airflow/dags/DAG_scraper.py
[2025-09-24T09:21:34.659+0000] {processor.py:183} INFO - Processing /opt/airflow/dags/DAG_scraper.py took 0.040 seconds
[2025-09-24T09:22:04.975+0000] {processor.py:161} INFO - Started process (PID=111) to work on /opt/airflow/dags/DAG_scraper.py
[2025-09-24T09:22:04.976+0000] {processor.py:830} INFO - Processing file /opt/airflow/dags/DAG_scraper.py for tasks to queue
[2025-09-24T09:22:04.979+0000] {logging_mixin.py:188} INFO - [2025-09-24T09:22:04.979+0000] {dagbag.py:545} INFO - Filling up the DagBag from /opt/airflow/dags/DAG_scraper.py
[2025-09-24T09:22:04.987+0000] {logging_mixin.py:188} INFO - [2025-09-24T09:22:04.986+0000] {dagbag.py:355} ERROR - Failed to import: /opt/airflow/dags/DAG_scraper.py
Traceback (most recent call last):
  File "/home/airflow/.local/lib/python3.10/site-packages/airflow/models/dagbag.py", line 351, in parse
    loader.exec_module(new_module)
  File "<frozen importlib._bootstrap_external>", line 883, in exec_module
  File "<frozen importlib._bootstrap>", line 241, in _call_with_frames_removed
  File "/opt/airflow/dags/DAG_scraper.py", line 10, in <module>
    from ProcessData.DataProcessor import DataProcessor
  File "/opt/airflow/dags/ProcessData/DataProcessor.py", line 6, in <module>
    from geopy.geocoders import Nominatim
ModuleNotFoundError: No module named 'geopy'
[2025-09-24T09:22:04.987+0000] {processor.py:842} WARNING - No viable dags retrieved from /opt/airflow/dags/DAG_scraper.py
[2025-09-24T09:22:05.004+0000] {processor.py:183} INFO - Processing /opt/airflow/dags/DAG_scraper.py took 0.039 seconds
[2025-09-24T09:22:35.275+0000] {processor.py:161} INFO - Started process (PID=112) to work on /opt/airflow/dags/DAG_scraper.py
[2025-09-24T09:22:35.276+0000] {processor.py:830} INFO - Processing file /opt/airflow/dags/DAG_scraper.py for tasks to queue
[2025-09-24T09:22:35.279+0000] {logging_mixin.py:188} INFO - [2025-09-24T09:22:35.279+0000] {dagbag.py:545} INFO - Filling up the DagBag from /opt/airflow/dags/DAG_scraper.py
[2025-09-24T09:22:35.285+0000] {logging_mixin.py:188} INFO - [2025-09-24T09:22:35.284+0000] {dagbag.py:355} ERROR - Failed to import: /opt/airflow/dags/DAG_scraper.py
Traceback (most recent call last):
  File "/home/airflow/.local/lib/python3.10/site-packages/airflow/models/dagbag.py", line 351, in parse
    loader.exec_module(new_module)
  File "<frozen importlib._bootstrap_external>", line 883, in exec_module
  File "<frozen importlib._bootstrap>", line 241, in _call_with_frames_removed
  File "/opt/airflow/dags/DAG_scraper.py", line 10, in <module>
    from ProcessData.DataProcessor import DataProcessor
  File "/opt/airflow/dags/ProcessData/DataProcessor.py", line 6, in <module>
    from geopy.geocoders import Nominatim
ModuleNotFoundError: No module named 'geopy'
[2025-09-24T09:22:35.286+0000] {processor.py:842} WARNING - No viable dags retrieved from /opt/airflow/dags/DAG_scraper.py
[2025-09-24T09:22:35.321+0000] {processor.py:183} INFO - Processing /opt/airflow/dags/DAG_scraper.py took 0.056 seconds
[2025-09-24T09:23:05.589+0000] {processor.py:161} INFO - Started process (PID=113) to work on /opt/airflow/dags/DAG_scraper.py
[2025-09-24T09:23:05.591+0000] {processor.py:830} INFO - Processing file /opt/airflow/dags/DAG_scraper.py for tasks to queue
[2025-09-24T09:23:05.594+0000] {logging_mixin.py:188} INFO - [2025-09-24T09:23:05.593+0000] {dagbag.py:545} INFO - Filling up the DagBag from /opt/airflow/dags/DAG_scraper.py
[2025-09-24T09:23:05.605+0000] {logging_mixin.py:188} INFO - [2025-09-24T09:23:05.604+0000] {dagbag.py:355} ERROR - Failed to import: /opt/airflow/dags/DAG_scraper.py
Traceback (most recent call last):
  File "/home/airflow/.local/lib/python3.10/site-packages/airflow/models/dagbag.py", line 351, in parse
    loader.exec_module(new_module)
  File "<frozen importlib._bootstrap_external>", line 883, in exec_module
  File "<frozen importlib._bootstrap>", line 241, in _call_with_frames_removed
  File "/opt/airflow/dags/DAG_scraper.py", line 10, in <module>
    from ProcessData.DataProcessor import DataProcessor
  File "/opt/airflow/dags/ProcessData/DataProcessor.py", line 6, in <module>
    from geopy.geocoders import Nominatim
ModuleNotFoundError: No module named 'geopy'
[2025-09-24T09:23:05.605+0000] {processor.py:842} WARNING - No viable dags retrieved from /opt/airflow/dags/DAG_scraper.py
[2025-09-24T09:23:05.629+0000] {processor.py:183} INFO - Processing /opt/airflow/dags/DAG_scraper.py took 0.051 seconds
[2025-09-24T09:23:35.895+0000] {processor.py:161} INFO - Started process (PID=114) to work on /opt/airflow/dags/DAG_scraper.py
[2025-09-24T09:23:35.896+0000] {processor.py:830} INFO - Processing file /opt/airflow/dags/DAG_scraper.py for tasks to queue
[2025-09-24T09:23:35.897+0000] {logging_mixin.py:188} INFO - [2025-09-24T09:23:35.897+0000] {dagbag.py:545} INFO - Filling up the DagBag from /opt/airflow/dags/DAG_scraper.py
[2025-09-24T09:23:35.903+0000] {logging_mixin.py:188} INFO - [2025-09-24T09:23:35.902+0000] {dagbag.py:355} ERROR - Failed to import: /opt/airflow/dags/DAG_scraper.py
Traceback (most recent call last):
  File "/home/airflow/.local/lib/python3.10/site-packages/airflow/models/dagbag.py", line 351, in parse
    loader.exec_module(new_module)
  File "<frozen importlib._bootstrap_external>", line 883, in exec_module
  File "<frozen importlib._bootstrap>", line 241, in _call_with_frames_removed
  File "/opt/airflow/dags/DAG_scraper.py", line 10, in <module>
    from ProcessData.DataProcessor import DataProcessor
  File "/opt/airflow/dags/ProcessData/DataProcessor.py", line 6, in <module>
    from geopy.geocoders import Nominatim
ModuleNotFoundError: No module named 'geopy'
[2025-09-24T09:23:35.903+0000] {processor.py:842} WARNING - No viable dags retrieved from /opt/airflow/dags/DAG_scraper.py
[2025-09-24T09:23:35.929+0000] {processor.py:183} INFO - Processing /opt/airflow/dags/DAG_scraper.py took 0.039 seconds
[2025-09-24T09:24:06.213+0000] {processor.py:161} INFO - Started process (PID=115) to work on /opt/airflow/dags/DAG_scraper.py
[2025-09-24T09:24:06.214+0000] {processor.py:830} INFO - Processing file /opt/airflow/dags/DAG_scraper.py for tasks to queue
[2025-09-24T09:24:06.217+0000] {logging_mixin.py:188} INFO - [2025-09-24T09:24:06.216+0000] {dagbag.py:545} INFO - Filling up the DagBag from /opt/airflow/dags/DAG_scraper.py
[2025-09-24T09:24:06.225+0000] {logging_mixin.py:188} INFO - [2025-09-24T09:24:06.224+0000] {dagbag.py:355} ERROR - Failed to import: /opt/airflow/dags/DAG_scraper.py
Traceback (most recent call last):
  File "/home/airflow/.local/lib/python3.10/site-packages/airflow/models/dagbag.py", line 351, in parse
    loader.exec_module(new_module)
  File "<frozen importlib._bootstrap_external>", line 883, in exec_module
  File "<frozen importlib._bootstrap>", line 241, in _call_with_frames_removed
  File "/opt/airflow/dags/DAG_scraper.py", line 10, in <module>
    from ProcessData.DataProcessor import DataProcessor
  File "/opt/airflow/dags/ProcessData/DataProcessor.py", line 6, in <module>
    from geopy.geocoders import Nominatim
ModuleNotFoundError: No module named 'geopy'
[2025-09-24T09:24:06.225+0000] {processor.py:842} WARNING - No viable dags retrieved from /opt/airflow/dags/DAG_scraper.py
[2025-09-24T09:24:06.244+0000] {processor.py:183} INFO - Processing /opt/airflow/dags/DAG_scraper.py took 0.039 seconds
[2025-09-24T09:24:36.475+0000] {processor.py:161} INFO - Started process (PID=116) to work on /opt/airflow/dags/DAG_scraper.py
[2025-09-24T09:24:36.475+0000] {processor.py:830} INFO - Processing file /opt/airflow/dags/DAG_scraper.py for tasks to queue
[2025-09-24T09:24:36.477+0000] {logging_mixin.py:188} INFO - [2025-09-24T09:24:36.477+0000] {dagbag.py:545} INFO - Filling up the DagBag from /opt/airflow/dags/DAG_scraper.py
[2025-09-24T09:24:36.484+0000] {logging_mixin.py:188} INFO - [2025-09-24T09:24:36.483+0000] {dagbag.py:355} ERROR - Failed to import: /opt/airflow/dags/DAG_scraper.py
Traceback (most recent call last):
  File "/home/airflow/.local/lib/python3.10/site-packages/airflow/models/dagbag.py", line 351, in parse
    loader.exec_module(new_module)
  File "<frozen importlib._bootstrap_external>", line 883, in exec_module
  File "<frozen importlib._bootstrap>", line 241, in _call_with_frames_removed
  File "/opt/airflow/dags/DAG_scraper.py", line 10, in <module>
    from ProcessData.DataProcessor import DataProcessor
  File "/opt/airflow/dags/ProcessData/DataProcessor.py", line 6, in <module>
    from geopy.geocoders import Nominatim
ModuleNotFoundError: No module named 'geopy'
[2025-09-24T09:24:36.484+0000] {processor.py:842} WARNING - No viable dags retrieved from /opt/airflow/dags/DAG_scraper.py
[2025-09-24T09:24:36.497+0000] {processor.py:183} INFO - Processing /opt/airflow/dags/DAG_scraper.py took 0.029 seconds
[2025-09-24T09:25:06.772+0000] {processor.py:161} INFO - Started process (PID=117) to work on /opt/airflow/dags/DAG_scraper.py
[2025-09-24T09:25:06.773+0000] {processor.py:830} INFO - Processing file /opt/airflow/dags/DAG_scraper.py for tasks to queue
[2025-09-24T09:25:06.775+0000] {logging_mixin.py:188} INFO - [2025-09-24T09:25:06.775+0000] {dagbag.py:545} INFO - Filling up the DagBag from /opt/airflow/dags/DAG_scraper.py
[2025-09-24T09:25:06.784+0000] {logging_mixin.py:188} INFO - [2025-09-24T09:25:06.783+0000] {dagbag.py:355} ERROR - Failed to import: /opt/airflow/dags/DAG_scraper.py
Traceback (most recent call last):
  File "/home/airflow/.local/lib/python3.10/site-packages/airflow/models/dagbag.py", line 351, in parse
    loader.exec_module(new_module)
  File "<frozen importlib._bootstrap_external>", line 883, in exec_module
  File "<frozen importlib._bootstrap>", line 241, in _call_with_frames_removed
  File "/opt/airflow/dags/DAG_scraper.py", line 10, in <module>
    from ProcessData.DataProcessor import DataProcessor
  File "/opt/airflow/dags/ProcessData/DataProcessor.py", line 6, in <module>
    from geopy.geocoders import Nominatim
ModuleNotFoundError: No module named 'geopy'
[2025-09-24T09:25:06.784+0000] {processor.py:842} WARNING - No viable dags retrieved from /opt/airflow/dags/DAG_scraper.py
[2025-09-24T09:25:06.799+0000] {processor.py:183} INFO - Processing /opt/airflow/dags/DAG_scraper.py took 0.038 seconds
[2025-09-24T09:25:37.117+0000] {processor.py:161} INFO - Started process (PID=118) to work on /opt/airflow/dags/DAG_scraper.py
[2025-09-24T09:25:37.118+0000] {processor.py:830} INFO - Processing file /opt/airflow/dags/DAG_scraper.py for tasks to queue
[2025-09-24T09:25:37.121+0000] {logging_mixin.py:188} INFO - [2025-09-24T09:25:37.120+0000] {dagbag.py:545} INFO - Filling up the DagBag from /opt/airflow/dags/DAG_scraper.py
[2025-09-24T09:25:37.127+0000] {logging_mixin.py:188} INFO - [2025-09-24T09:25:37.126+0000] {dagbag.py:355} ERROR - Failed to import: /opt/airflow/dags/DAG_scraper.py
Traceback (most recent call last):
  File "/home/airflow/.local/lib/python3.10/site-packages/airflow/models/dagbag.py", line 351, in parse
    loader.exec_module(new_module)
  File "<frozen importlib._bootstrap_external>", line 883, in exec_module
  File "<frozen importlib._bootstrap>", line 241, in _call_with_frames_removed
  File "/opt/airflow/dags/DAG_scraper.py", line 10, in <module>
    from ProcessData.DataProcessor import DataProcessor
  File "/opt/airflow/dags/ProcessData/DataProcessor.py", line 6, in <module>
    from geopy.geocoders import Nominatim
ModuleNotFoundError: No module named 'geopy'
[2025-09-24T09:25:37.128+0000] {processor.py:842} WARNING - No viable dags retrieved from /opt/airflow/dags/DAG_scraper.py
[2025-09-24T09:25:37.168+0000] {processor.py:183} INFO - Processing /opt/airflow/dags/DAG_scraper.py took 0.060 seconds
[2025-09-24T09:26:07.446+0000] {processor.py:161} INFO - Started process (PID=119) to work on /opt/airflow/dags/DAG_scraper.py
[2025-09-24T09:26:07.446+0000] {processor.py:830} INFO - Processing file /opt/airflow/dags/DAG_scraper.py for tasks to queue
[2025-09-24T09:26:07.449+0000] {logging_mixin.py:188} INFO - [2025-09-24T09:26:07.449+0000] {dagbag.py:545} INFO - Filling up the DagBag from /opt/airflow/dags/DAG_scraper.py
[2025-09-24T09:26:07.454+0000] {logging_mixin.py:188} INFO - [2025-09-24T09:26:07.454+0000] {dagbag.py:355} ERROR - Failed to import: /opt/airflow/dags/DAG_scraper.py
Traceback (most recent call last):
  File "/home/airflow/.local/lib/python3.10/site-packages/airflow/models/dagbag.py", line 351, in parse
    loader.exec_module(new_module)
  File "<frozen importlib._bootstrap_external>", line 883, in exec_module
  File "<frozen importlib._bootstrap>", line 241, in _call_with_frames_removed
  File "/opt/airflow/dags/DAG_scraper.py", line 10, in <module>
    from ProcessData.DataProcessor import DataProcessor
  File "/opt/airflow/dags/ProcessData/DataProcessor.py", line 6, in <module>
    from geopy.geocoders import Nominatim
ModuleNotFoundError: No module named 'geopy'
[2025-09-24T09:26:07.455+0000] {processor.py:842} WARNING - No viable dags retrieved from /opt/airflow/dags/DAG_scraper.py
[2025-09-24T09:26:07.470+0000] {processor.py:183} INFO - Processing /opt/airflow/dags/DAG_scraper.py took 0.033 seconds
[2025-09-24T09:26:37.734+0000] {processor.py:161} INFO - Started process (PID=120) to work on /opt/airflow/dags/DAG_scraper.py
[2025-09-24T09:26:37.734+0000] {processor.py:830} INFO - Processing file /opt/airflow/dags/DAG_scraper.py for tasks to queue
[2025-09-24T09:26:37.736+0000] {logging_mixin.py:188} INFO - [2025-09-24T09:26:37.736+0000] {dagbag.py:545} INFO - Filling up the DagBag from /opt/airflow/dags/DAG_scraper.py
[2025-09-24T09:26:37.742+0000] {logging_mixin.py:188} INFO - [2025-09-24T09:26:37.741+0000] {dagbag.py:355} ERROR - Failed to import: /opt/airflow/dags/DAG_scraper.py
Traceback (most recent call last):
  File "/home/airflow/.local/lib/python3.10/site-packages/airflow/models/dagbag.py", line 351, in parse
    loader.exec_module(new_module)
  File "<frozen importlib._bootstrap_external>", line 883, in exec_module
  File "<frozen importlib._bootstrap>", line 241, in _call_with_frames_removed
  File "/opt/airflow/dags/DAG_scraper.py", line 10, in <module>
    from ProcessData.DataProcessor import DataProcessor
  File "/opt/airflow/dags/ProcessData/DataProcessor.py", line 6, in <module>
    from geopy.geocoders import Nominatim
ModuleNotFoundError: No module named 'geopy'
[2025-09-24T09:26:37.742+0000] {processor.py:842} WARNING - No viable dags retrieved from /opt/airflow/dags/DAG_scraper.py
[2025-09-24T09:26:37.758+0000] {processor.py:183} INFO - Processing /opt/airflow/dags/DAG_scraper.py took 0.032 seconds
[2025-09-24T09:27:08.063+0000] {processor.py:161} INFO - Started process (PID=121) to work on /opt/airflow/dags/DAG_scraper.py
[2025-09-24T09:27:08.064+0000] {processor.py:830} INFO - Processing file /opt/airflow/dags/DAG_scraper.py for tasks to queue
[2025-09-24T09:27:08.067+0000] {logging_mixin.py:188} INFO - [2025-09-24T09:27:08.066+0000] {dagbag.py:545} INFO - Filling up the DagBag from /opt/airflow/dags/DAG_scraper.py
[2025-09-24T09:27:08.074+0000] {logging_mixin.py:188} INFO - [2025-09-24T09:27:08.073+0000] {dagbag.py:355} ERROR - Failed to import: /opt/airflow/dags/DAG_scraper.py
Traceback (most recent call last):
  File "/home/airflow/.local/lib/python3.10/site-packages/airflow/models/dagbag.py", line 351, in parse
    loader.exec_module(new_module)
  File "<frozen importlib._bootstrap_external>", line 883, in exec_module
  File "<frozen importlib._bootstrap>", line 241, in _call_with_frames_removed
  File "/opt/airflow/dags/DAG_scraper.py", line 10, in <module>
    from ProcessData.DataProcessor import DataProcessor
  File "/opt/airflow/dags/ProcessData/DataProcessor.py", line 6, in <module>
    from geopy.geocoders import Nominatim
ModuleNotFoundError: No module named 'geopy'
[2025-09-24T09:27:08.074+0000] {processor.py:842} WARNING - No viable dags retrieved from /opt/airflow/dags/DAG_scraper.py
[2025-09-24T09:27:08.101+0000] {processor.py:183} INFO - Processing /opt/airflow/dags/DAG_scraper.py took 0.050 seconds
[2025-09-24T09:27:38.388+0000] {processor.py:161} INFO - Started process (PID=122) to work on /opt/airflow/dags/DAG_scraper.py
[2025-09-24T09:27:38.389+0000] {processor.py:830} INFO - Processing file /opt/airflow/dags/DAG_scraper.py for tasks to queue
[2025-09-24T09:27:38.392+0000] {logging_mixin.py:188} INFO - [2025-09-24T09:27:38.391+0000] {dagbag.py:545} INFO - Filling up the DagBag from /opt/airflow/dags/DAG_scraper.py
[2025-09-24T09:27:38.398+0000] {logging_mixin.py:188} INFO - [2025-09-24T09:27:38.397+0000] {dagbag.py:355} ERROR - Failed to import: /opt/airflow/dags/DAG_scraper.py
Traceback (most recent call last):
  File "/home/airflow/.local/lib/python3.10/site-packages/airflow/models/dagbag.py", line 351, in parse
    loader.exec_module(new_module)
  File "<frozen importlib._bootstrap_external>", line 883, in exec_module
  File "<frozen importlib._bootstrap>", line 241, in _call_with_frames_removed
  File "/opt/airflow/dags/DAG_scraper.py", line 10, in <module>
    from ProcessData.DataProcessor import DataProcessor
  File "/opt/airflow/dags/ProcessData/DataProcessor.py", line 6, in <module>
    from geopy.geocoders import Nominatim
ModuleNotFoundError: No module named 'geopy'
[2025-09-24T09:27:38.398+0000] {processor.py:842} WARNING - No viable dags retrieved from /opt/airflow/dags/DAG_scraper.py
[2025-09-24T09:27:38.413+0000] {processor.py:183} INFO - Processing /opt/airflow/dags/DAG_scraper.py took 0.033 seconds
[2025-09-24T09:28:08.734+0000] {processor.py:161} INFO - Started process (PID=123) to work on /opt/airflow/dags/DAG_scraper.py
[2025-09-24T09:28:08.735+0000] {processor.py:830} INFO - Processing file /opt/airflow/dags/DAG_scraper.py for tasks to queue
[2025-09-24T09:28:08.738+0000] {logging_mixin.py:188} INFO - [2025-09-24T09:28:08.737+0000] {dagbag.py:545} INFO - Filling up the DagBag from /opt/airflow/dags/DAG_scraper.py
[2025-09-24T09:28:08.744+0000] {logging_mixin.py:188} INFO - [2025-09-24T09:28:08.743+0000] {dagbag.py:355} ERROR - Failed to import: /opt/airflow/dags/DAG_scraper.py
Traceback (most recent call last):
  File "/home/airflow/.local/lib/python3.10/site-packages/airflow/models/dagbag.py", line 351, in parse
    loader.exec_module(new_module)
  File "<frozen importlib._bootstrap_external>", line 883, in exec_module
  File "<frozen importlib._bootstrap>", line 241, in _call_with_frames_removed
  File "/opt/airflow/dags/DAG_scraper.py", line 10, in <module>
    from ProcessData.DataProcessor import DataProcessor
  File "/opt/airflow/dags/ProcessData/DataProcessor.py", line 6, in <module>
    from geopy.geocoders import Nominatim
ModuleNotFoundError: No module named 'geopy'
[2025-09-24T09:28:08.744+0000] {processor.py:842} WARNING - No viable dags retrieved from /opt/airflow/dags/DAG_scraper.py
[2025-09-24T09:28:08.761+0000] {processor.py:183} INFO - Processing /opt/airflow/dags/DAG_scraper.py took 0.035 seconds
[2025-09-24T09:28:39.050+0000] {processor.py:161} INFO - Started process (PID=124) to work on /opt/airflow/dags/DAG_scraper.py
[2025-09-24T09:28:39.051+0000] {processor.py:830} INFO - Processing file /opt/airflow/dags/DAG_scraper.py for tasks to queue
[2025-09-24T09:28:39.054+0000] {logging_mixin.py:188} INFO - [2025-09-24T09:28:39.053+0000] {dagbag.py:545} INFO - Filling up the DagBag from /opt/airflow/dags/DAG_scraper.py
[2025-09-24T09:28:39.060+0000] {logging_mixin.py:188} INFO - [2025-09-24T09:28:39.059+0000] {dagbag.py:355} ERROR - Failed to import: /opt/airflow/dags/DAG_scraper.py
Traceback (most recent call last):
  File "/home/airflow/.local/lib/python3.10/site-packages/airflow/models/dagbag.py", line 351, in parse
    loader.exec_module(new_module)
  File "<frozen importlib._bootstrap_external>", line 883, in exec_module
  File "<frozen importlib._bootstrap>", line 241, in _call_with_frames_removed
  File "/opt/airflow/dags/DAG_scraper.py", line 10, in <module>
    from ProcessData.DataProcessor import DataProcessor
  File "/opt/airflow/dags/ProcessData/DataProcessor.py", line 6, in <module>
    from geopy.geocoders import Nominatim
ModuleNotFoundError: No module named 'geopy'
[2025-09-24T09:28:39.060+0000] {processor.py:842} WARNING - No viable dags retrieved from /opt/airflow/dags/DAG_scraper.py
[2025-09-24T09:28:39.077+0000] {processor.py:183} INFO - Processing /opt/airflow/dags/DAG_scraper.py took 0.037 seconds
[2025-09-24T09:29:09.460+0000] {processor.py:161} INFO - Started process (PID=125) to work on /opt/airflow/dags/DAG_scraper.py
[2025-09-24T09:29:09.462+0000] {processor.py:830} INFO - Processing file /opt/airflow/dags/DAG_scraper.py for tasks to queue
[2025-09-24T09:29:09.474+0000] {logging_mixin.py:188} INFO - [2025-09-24T09:29:09.473+0000] {dagbag.py:545} INFO - Filling up the DagBag from /opt/airflow/dags/DAG_scraper.py
[2025-09-24T09:29:09.488+0000] {logging_mixin.py:188} INFO - [2025-09-24T09:29:09.487+0000] {dagbag.py:355} ERROR - Failed to import: /opt/airflow/dags/DAG_scraper.py
Traceback (most recent call last):
  File "/home/airflow/.local/lib/python3.10/site-packages/airflow/models/dagbag.py", line 351, in parse
    loader.exec_module(new_module)
  File "<frozen importlib._bootstrap_external>", line 883, in exec_module
  File "<frozen importlib._bootstrap>", line 241, in _call_with_frames_removed
  File "/opt/airflow/dags/DAG_scraper.py", line 10, in <module>
    from ProcessData.DataProcessor import DataProcessor
  File "/opt/airflow/dags/ProcessData/DataProcessor.py", line 6, in <module>
    from geopy.geocoders import Nominatim
ModuleNotFoundError: No module named 'geopy'
[2025-09-24T09:29:09.488+0000] {processor.py:842} WARNING - No viable dags retrieved from /opt/airflow/dags/DAG_scraper.py
[2025-09-24T09:29:09.508+0000] {processor.py:183} INFO - Processing /opt/airflow/dags/DAG_scraper.py took 0.060 seconds
[2025-09-24T09:29:39.838+0000] {processor.py:161} INFO - Started process (PID=126) to work on /opt/airflow/dags/DAG_scraper.py
[2025-09-24T09:29:39.842+0000] {processor.py:830} INFO - Processing file /opt/airflow/dags/DAG_scraper.py for tasks to queue
[2025-09-24T09:29:39.846+0000] {logging_mixin.py:188} INFO - [2025-09-24T09:29:39.845+0000] {dagbag.py:545} INFO - Filling up the DagBag from /opt/airflow/dags/DAG_scraper.py
[2025-09-24T09:29:39.853+0000] {logging_mixin.py:188} INFO - [2025-09-24T09:29:39.852+0000] {dagbag.py:355} ERROR - Failed to import: /opt/airflow/dags/DAG_scraper.py
Traceback (most recent call last):
  File "/home/airflow/.local/lib/python3.10/site-packages/airflow/models/dagbag.py", line 351, in parse
    loader.exec_module(new_module)
  File "<frozen importlib._bootstrap_external>", line 883, in exec_module
  File "<frozen importlib._bootstrap>", line 241, in _call_with_frames_removed
  File "/opt/airflow/dags/DAG_scraper.py", line 10, in <module>
    from ProcessData.DataProcessor import DataProcessor
  File "/opt/airflow/dags/ProcessData/DataProcessor.py", line 6, in <module>
    from geopy.geocoders import Nominatim
ModuleNotFoundError: No module named 'geopy'
[2025-09-24T09:29:39.853+0000] {processor.py:842} WARNING - No viable dags retrieved from /opt/airflow/dags/DAG_scraper.py
[2025-09-24T09:29:39.874+0000] {processor.py:183} INFO - Processing /opt/airflow/dags/DAG_scraper.py took 0.062 seconds
[2025-09-24T09:30:10.165+0000] {processor.py:161} INFO - Started process (PID=127) to work on /opt/airflow/dags/DAG_scraper.py
[2025-09-24T09:30:10.166+0000] {processor.py:830} INFO - Processing file /opt/airflow/dags/DAG_scraper.py for tasks to queue
[2025-09-24T09:30:10.168+0000] {logging_mixin.py:188} INFO - [2025-09-24T09:30:10.168+0000] {dagbag.py:545} INFO - Filling up the DagBag from /opt/airflow/dags/DAG_scraper.py
[2025-09-24T09:30:10.173+0000] {logging_mixin.py:188} INFO - [2025-09-24T09:30:10.172+0000] {dagbag.py:355} ERROR - Failed to import: /opt/airflow/dags/DAG_scraper.py
Traceback (most recent call last):
  File "/home/airflow/.local/lib/python3.10/site-packages/airflow/models/dagbag.py", line 351, in parse
    loader.exec_module(new_module)
  File "<frozen importlib._bootstrap_external>", line 883, in exec_module
  File "<frozen importlib._bootstrap>", line 241, in _call_with_frames_removed
  File "/opt/airflow/dags/DAG_scraper.py", line 10, in <module>
    from ProcessData.DataProcessor import DataProcessor
  File "/opt/airflow/dags/ProcessData/DataProcessor.py", line 6, in <module>
    from geopy.geocoders import Nominatim
ModuleNotFoundError: No module named 'geopy'
[2025-09-24T09:30:10.173+0000] {processor.py:842} WARNING - No viable dags retrieved from /opt/airflow/dags/DAG_scraper.py
[2025-09-24T09:30:10.189+0000] {processor.py:183} INFO - Processing /opt/airflow/dags/DAG_scraper.py took 0.031 seconds
[2025-09-24T09:30:40.451+0000] {processor.py:161} INFO - Started process (PID=128) to work on /opt/airflow/dags/DAG_scraper.py
[2025-09-24T09:30:40.452+0000] {processor.py:830} INFO - Processing file /opt/airflow/dags/DAG_scraper.py for tasks to queue
[2025-09-24T09:30:40.455+0000] {logging_mixin.py:188} INFO - [2025-09-24T09:30:40.455+0000] {dagbag.py:545} INFO - Filling up the DagBag from /opt/airflow/dags/DAG_scraper.py
[2025-09-24T09:30:40.463+0000] {logging_mixin.py:188} INFO - [2025-09-24T09:30:40.462+0000] {dagbag.py:355} ERROR - Failed to import: /opt/airflow/dags/DAG_scraper.py
Traceback (most recent call last):
  File "/home/airflow/.local/lib/python3.10/site-packages/airflow/models/dagbag.py", line 351, in parse
    loader.exec_module(new_module)
  File "<frozen importlib._bootstrap_external>", line 883, in exec_module
  File "<frozen importlib._bootstrap>", line 241, in _call_with_frames_removed
  File "/opt/airflow/dags/DAG_scraper.py", line 10, in <module>
    from ProcessData.DataProcessor import DataProcessor
  File "/opt/airflow/dags/ProcessData/DataProcessor.py", line 6, in <module>
    from geopy.geocoders import Nominatim
ModuleNotFoundError: No module named 'geopy'
[2025-09-24T09:30:40.463+0000] {processor.py:842} WARNING - No viable dags retrieved from /opt/airflow/dags/DAG_scraper.py
[2025-09-24T09:30:40.480+0000] {processor.py:183} INFO - Processing /opt/airflow/dags/DAG_scraper.py took 0.045 seconds
[2025-09-24T09:31:10.804+0000] {processor.py:161} INFO - Started process (PID=129) to work on /opt/airflow/dags/DAG_scraper.py
[2025-09-24T09:31:10.805+0000] {processor.py:830} INFO - Processing file /opt/airflow/dags/DAG_scraper.py for tasks to queue
[2025-09-24T09:31:10.809+0000] {logging_mixin.py:188} INFO - [2025-09-24T09:31:10.809+0000] {dagbag.py:545} INFO - Filling up the DagBag from /opt/airflow/dags/DAG_scraper.py
[2025-09-24T09:31:10.817+0000] {logging_mixin.py:188} INFO - [2025-09-24T09:31:10.816+0000] {dagbag.py:355} ERROR - Failed to import: /opt/airflow/dags/DAG_scraper.py
Traceback (most recent call last):
  File "/home/airflow/.local/lib/python3.10/site-packages/airflow/models/dagbag.py", line 351, in parse
    loader.exec_module(new_module)
  File "<frozen importlib._bootstrap_external>", line 883, in exec_module
  File "<frozen importlib._bootstrap>", line 241, in _call_with_frames_removed
  File "/opt/airflow/dags/DAG_scraper.py", line 10, in <module>
    from ProcessData.DataProcessor import DataProcessor
  File "/opt/airflow/dags/ProcessData/DataProcessor.py", line 6, in <module>
    from geopy.geocoders import Nominatim
ModuleNotFoundError: No module named 'geopy'
[2025-09-24T09:31:10.817+0000] {processor.py:842} WARNING - No viable dags retrieved from /opt/airflow/dags/DAG_scraper.py
[2025-09-24T09:31:10.857+0000] {processor.py:183} INFO - Processing /opt/airflow/dags/DAG_scraper.py took 0.068 seconds
[2025-09-24T09:31:41.207+0000] {processor.py:161} INFO - Started process (PID=130) to work on /opt/airflow/dags/DAG_scraper.py
[2025-09-24T09:31:41.209+0000] {processor.py:830} INFO - Processing file /opt/airflow/dags/DAG_scraper.py for tasks to queue
[2025-09-24T09:31:41.212+0000] {logging_mixin.py:188} INFO - [2025-09-24T09:31:41.212+0000] {dagbag.py:545} INFO - Filling up the DagBag from /opt/airflow/dags/DAG_scraper.py
[2025-09-24T09:31:41.220+0000] {logging_mixin.py:188} INFO - [2025-09-24T09:31:41.219+0000] {dagbag.py:355} ERROR - Failed to import: /opt/airflow/dags/DAG_scraper.py
Traceback (most recent call last):
  File "/home/airflow/.local/lib/python3.10/site-packages/airflow/models/dagbag.py", line 351, in parse
    loader.exec_module(new_module)
  File "<frozen importlib._bootstrap_external>", line 883, in exec_module
  File "<frozen importlib._bootstrap>", line 241, in _call_with_frames_removed
  File "/opt/airflow/dags/DAG_scraper.py", line 10, in <module>
    from ProcessData.DataProcessor import DataProcessor
  File "/opt/airflow/dags/ProcessData/DataProcessor.py", line 6, in <module>
    from geopy.geocoders import Nominatim
ModuleNotFoundError: No module named 'geopy'
[2025-09-24T09:31:41.220+0000] {processor.py:842} WARNING - No viable dags retrieved from /opt/airflow/dags/DAG_scraper.py
[2025-09-24T09:31:41.238+0000] {processor.py:183} INFO - Processing /opt/airflow/dags/DAG_scraper.py took 0.044 seconds
[2025-09-24T09:32:11.476+0000] {processor.py:161} INFO - Started process (PID=131) to work on /opt/airflow/dags/DAG_scraper.py
[2025-09-24T09:32:11.477+0000] {processor.py:830} INFO - Processing file /opt/airflow/dags/DAG_scraper.py for tasks to queue
[2025-09-24T09:32:11.479+0000] {logging_mixin.py:188} INFO - [2025-09-24T09:32:11.479+0000] {dagbag.py:545} INFO - Filling up the DagBag from /opt/airflow/dags/DAG_scraper.py
[2025-09-24T09:32:11.485+0000] {logging_mixin.py:188} INFO - [2025-09-24T09:32:11.484+0000] {dagbag.py:355} ERROR - Failed to import: /opt/airflow/dags/DAG_scraper.py
Traceback (most recent call last):
  File "/home/airflow/.local/lib/python3.10/site-packages/airflow/models/dagbag.py", line 351, in parse
    loader.exec_module(new_module)
  File "<frozen importlib._bootstrap_external>", line 883, in exec_module
  File "<frozen importlib._bootstrap>", line 241, in _call_with_frames_removed
  File "/opt/airflow/dags/DAG_scraper.py", line 10, in <module>
    from ProcessData.DataProcessor import DataProcessor
  File "/opt/airflow/dags/ProcessData/DataProcessor.py", line 6, in <module>
    from geopy.geocoders import Nominatim
ModuleNotFoundError: No module named 'geopy'
[2025-09-24T09:32:11.485+0000] {processor.py:842} WARNING - No viable dags retrieved from /opt/airflow/dags/DAG_scraper.py
[2025-09-24T09:32:11.521+0000] {processor.py:183} INFO - Processing /opt/airflow/dags/DAG_scraper.py took 0.051 seconds
[2025-09-24T09:32:41.863+0000] {processor.py:161} INFO - Started process (PID=132) to work on /opt/airflow/dags/DAG_scraper.py
[2025-09-24T09:32:41.865+0000] {processor.py:830} INFO - Processing file /opt/airflow/dags/DAG_scraper.py for tasks to queue
[2025-09-24T09:32:41.874+0000] {logging_mixin.py:188} INFO - [2025-09-24T09:32:41.873+0000] {dagbag.py:545} INFO - Filling up the DagBag from /opt/airflow/dags/DAG_scraper.py
[2025-09-24T09:32:41.888+0000] {logging_mixin.py:188} INFO - [2025-09-24T09:32:41.887+0000] {dagbag.py:355} ERROR - Failed to import: /opt/airflow/dags/DAG_scraper.py
Traceback (most recent call last):
  File "/home/airflow/.local/lib/python3.10/site-packages/airflow/models/dagbag.py", line 351, in parse
    loader.exec_module(new_module)
  File "<frozen importlib._bootstrap_external>", line 883, in exec_module
  File "<frozen importlib._bootstrap>", line 241, in _call_with_frames_removed
  File "/opt/airflow/dags/DAG_scraper.py", line 10, in <module>
    from ProcessData.DataProcessor import DataProcessor
  File "/opt/airflow/dags/ProcessData/DataProcessor.py", line 6, in <module>
    from geopy.geocoders import Nominatim
ModuleNotFoundError: No module named 'geopy'
[2025-09-24T09:32:41.888+0000] {processor.py:842} WARNING - No viable dags retrieved from /opt/airflow/dags/DAG_scraper.py
[2025-09-24T09:32:41.908+0000] {processor.py:183} INFO - Processing /opt/airflow/dags/DAG_scraper.py took 0.061 seconds
[2025-09-24T09:33:12.211+0000] {processor.py:161} INFO - Started process (PID=133) to work on /opt/airflow/dags/DAG_scraper.py
[2025-09-24T09:33:12.212+0000] {processor.py:830} INFO - Processing file /opt/airflow/dags/DAG_scraper.py for tasks to queue
[2025-09-24T09:33:12.215+0000] {logging_mixin.py:188} INFO - [2025-09-24T09:33:12.215+0000] {dagbag.py:545} INFO - Filling up the DagBag from /opt/airflow/dags/DAG_scraper.py
[2025-09-24T09:33:12.222+0000] {logging_mixin.py:188} INFO - [2025-09-24T09:33:12.221+0000] {dagbag.py:355} ERROR - Failed to import: /opt/airflow/dags/DAG_scraper.py
Traceback (most recent call last):
  File "/home/airflow/.local/lib/python3.10/site-packages/airflow/models/dagbag.py", line 351, in parse
    loader.exec_module(new_module)
  File "<frozen importlib._bootstrap_external>", line 883, in exec_module
  File "<frozen importlib._bootstrap>", line 241, in _call_with_frames_removed
  File "/opt/airflow/dags/DAG_scraper.py", line 10, in <module>
    from ProcessData.DataProcessor import DataProcessor
  File "/opt/airflow/dags/ProcessData/DataProcessor.py", line 6, in <module>
    from geopy.geocoders import Nominatim
ModuleNotFoundError: No module named 'geopy'
[2025-09-24T09:33:12.222+0000] {processor.py:842} WARNING - No viable dags retrieved from /opt/airflow/dags/DAG_scraper.py
[2025-09-24T09:33:12.244+0000] {processor.py:183} INFO - Processing /opt/airflow/dags/DAG_scraper.py took 0.042 seconds
[2025-09-24T09:33:42.587+0000] {processor.py:161} INFO - Started process (PID=134) to work on /opt/airflow/dags/DAG_scraper.py
[2025-09-24T09:33:42.588+0000] {processor.py:830} INFO - Processing file /opt/airflow/dags/DAG_scraper.py for tasks to queue
[2025-09-24T09:33:42.591+0000] {logging_mixin.py:188} INFO - [2025-09-24T09:33:42.591+0000] {dagbag.py:545} INFO - Filling up the DagBag from /opt/airflow/dags/DAG_scraper.py
[2025-09-24T09:33:42.597+0000] {logging_mixin.py:188} INFO - [2025-09-24T09:33:42.597+0000] {dagbag.py:355} ERROR - Failed to import: /opt/airflow/dags/DAG_scraper.py
Traceback (most recent call last):
  File "/home/airflow/.local/lib/python3.10/site-packages/airflow/models/dagbag.py", line 351, in parse
    loader.exec_module(new_module)
  File "<frozen importlib._bootstrap_external>", line 883, in exec_module
  File "<frozen importlib._bootstrap>", line 241, in _call_with_frames_removed
  File "/opt/airflow/dags/DAG_scraper.py", line 10, in <module>
    from ProcessData.DataProcessor import DataProcessor
  File "/opt/airflow/dags/ProcessData/DataProcessor.py", line 6, in <module>
    from geopy.geocoders import Nominatim
ModuleNotFoundError: No module named 'geopy'
[2025-09-24T09:33:42.598+0000] {processor.py:842} WARNING - No viable dags retrieved from /opt/airflow/dags/DAG_scraper.py
[2025-09-24T09:33:42.615+0000] {processor.py:183} INFO - Processing /opt/airflow/dags/DAG_scraper.py took 0.052 seconds
[2025-09-24T09:34:12.902+0000] {processor.py:161} INFO - Started process (PID=135) to work on /opt/airflow/dags/DAG_scraper.py
[2025-09-24T09:34:12.902+0000] {processor.py:830} INFO - Processing file /opt/airflow/dags/DAG_scraper.py for tasks to queue
[2025-09-24T09:34:12.905+0000] {logging_mixin.py:188} INFO - [2025-09-24T09:34:12.905+0000] {dagbag.py:545} INFO - Filling up the DagBag from /opt/airflow/dags/DAG_scraper.py
[2025-09-24T09:34:12.913+0000] {logging_mixin.py:188} INFO - [2025-09-24T09:34:12.912+0000] {dagbag.py:355} ERROR - Failed to import: /opt/airflow/dags/DAG_scraper.py
Traceback (most recent call last):
  File "/home/airflow/.local/lib/python3.10/site-packages/airflow/models/dagbag.py", line 351, in parse
    loader.exec_module(new_module)
  File "<frozen importlib._bootstrap_external>", line 883, in exec_module
  File "<frozen importlib._bootstrap>", line 241, in _call_with_frames_removed
  File "/opt/airflow/dags/DAG_scraper.py", line 10, in <module>
    from ProcessData.DataProcessor import DataProcessor
  File "/opt/airflow/dags/ProcessData/DataProcessor.py", line 6, in <module>
    from geopy.geocoders import Nominatim
ModuleNotFoundError: No module named 'geopy'
[2025-09-24T09:34:12.913+0000] {processor.py:842} WARNING - No viable dags retrieved from /opt/airflow/dags/DAG_scraper.py
[2025-09-24T09:34:12.929+0000] {processor.py:183} INFO - Processing /opt/airflow/dags/DAG_scraper.py took 0.039 seconds
[2025-09-24T09:34:43.198+0000] {processor.py:161} INFO - Started process (PID=136) to work on /opt/airflow/dags/DAG_scraper.py
[2025-09-24T09:34:43.200+0000] {processor.py:830} INFO - Processing file /opt/airflow/dags/DAG_scraper.py for tasks to queue
[2025-09-24T09:34:43.201+0000] {logging_mixin.py:188} INFO - [2025-09-24T09:34:43.201+0000] {dagbag.py:545} INFO - Filling up the DagBag from /opt/airflow/dags/DAG_scraper.py
[2025-09-24T09:34:43.205+0000] {logging_mixin.py:188} INFO - [2025-09-24T09:34:43.205+0000] {dagbag.py:355} ERROR - Failed to import: /opt/airflow/dags/DAG_scraper.py
Traceback (most recent call last):
  File "/home/airflow/.local/lib/python3.10/site-packages/airflow/models/dagbag.py", line 351, in parse
    loader.exec_module(new_module)
  File "<frozen importlib._bootstrap_external>", line 883, in exec_module
  File "<frozen importlib._bootstrap>", line 241, in _call_with_frames_removed
  File "/opt/airflow/dags/DAG_scraper.py", line 10, in <module>
    from ProcessData.DataProcessor import DataProcessor
  File "/opt/airflow/dags/ProcessData/DataProcessor.py", line 6, in <module>
    from geopy.geocoders import Nominatim
ModuleNotFoundError: No module named 'geopy'
[2025-09-24T09:34:43.205+0000] {processor.py:842} WARNING - No viable dags retrieved from /opt/airflow/dags/DAG_scraper.py
[2025-09-24T09:34:43.224+0000] {processor.py:183} INFO - Processing /opt/airflow/dags/DAG_scraper.py took 0.032 seconds
[2025-09-24T09:35:13.549+0000] {processor.py:161} INFO - Started process (PID=137) to work on /opt/airflow/dags/DAG_scraper.py
[2025-09-24T09:35:13.550+0000] {processor.py:830} INFO - Processing file /opt/airflow/dags/DAG_scraper.py for tasks to queue
[2025-09-24T09:35:13.552+0000] {logging_mixin.py:188} INFO - [2025-09-24T09:35:13.552+0000] {dagbag.py:545} INFO - Filling up the DagBag from /opt/airflow/dags/DAG_scraper.py
[2025-09-24T09:35:13.560+0000] {logging_mixin.py:188} INFO - [2025-09-24T09:35:13.559+0000] {dagbag.py:355} ERROR - Failed to import: /opt/airflow/dags/DAG_scraper.py
Traceback (most recent call last):
  File "/home/airflow/.local/lib/python3.10/site-packages/airflow/models/dagbag.py", line 351, in parse
    loader.exec_module(new_module)
  File "<frozen importlib._bootstrap_external>", line 883, in exec_module
  File "<frozen importlib._bootstrap>", line 241, in _call_with_frames_removed
  File "/opt/airflow/dags/DAG_scraper.py", line 10, in <module>
    from ProcessData.DataProcessor import DataProcessor
  File "/opt/airflow/dags/ProcessData/DataProcessor.py", line 6, in <module>
    from geopy.geocoders import Nominatim
ModuleNotFoundError: No module named 'geopy'
[2025-09-24T09:35:13.561+0000] {processor.py:842} WARNING - No viable dags retrieved from /opt/airflow/dags/DAG_scraper.py
[2025-09-24T09:35:13.594+0000] {processor.py:183} INFO - Processing /opt/airflow/dags/DAG_scraper.py took 0.055 seconds
[2025-09-24T09:35:43.911+0000] {processor.py:161} INFO - Started process (PID=138) to work on /opt/airflow/dags/DAG_scraper.py
[2025-09-24T09:35:43.911+0000] {processor.py:830} INFO - Processing file /opt/airflow/dags/DAG_scraper.py for tasks to queue
[2025-09-24T09:35:43.914+0000] {logging_mixin.py:188} INFO - [2025-09-24T09:35:43.914+0000] {dagbag.py:545} INFO - Filling up the DagBag from /opt/airflow/dags/DAG_scraper.py
[2025-09-24T09:35:43.921+0000] {logging_mixin.py:188} INFO - [2025-09-24T09:35:43.920+0000] {dagbag.py:355} ERROR - Failed to import: /opt/airflow/dags/DAG_scraper.py
Traceback (most recent call last):
  File "/home/airflow/.local/lib/python3.10/site-packages/airflow/models/dagbag.py", line 351, in parse
    loader.exec_module(new_module)
  File "<frozen importlib._bootstrap_external>", line 883, in exec_module
  File "<frozen importlib._bootstrap>", line 241, in _call_with_frames_removed
  File "/opt/airflow/dags/DAG_scraper.py", line 10, in <module>
    from ProcessData.DataProcessor import DataProcessor
  File "/opt/airflow/dags/ProcessData/DataProcessor.py", line 6, in <module>
    from geopy.geocoders import Nominatim
ModuleNotFoundError: No module named 'geopy'
[2025-09-24T09:35:43.921+0000] {processor.py:842} WARNING - No viable dags retrieved from /opt/airflow/dags/DAG_scraper.py
[2025-09-24T09:35:43.938+0000] {processor.py:183} INFO - Processing /opt/airflow/dags/DAG_scraper.py took 0.036 seconds
[2025-09-24T09:36:14.214+0000] {processor.py:161} INFO - Started process (PID=139) to work on /opt/airflow/dags/DAG_scraper.py
[2025-09-24T09:36:14.215+0000] {processor.py:830} INFO - Processing file /opt/airflow/dags/DAG_scraper.py for tasks to queue
[2025-09-24T09:36:14.217+0000] {logging_mixin.py:188} INFO - [2025-09-24T09:36:14.217+0000] {dagbag.py:545} INFO - Filling up the DagBag from /opt/airflow/dags/DAG_scraper.py
[2025-09-24T09:36:14.227+0000] {logging_mixin.py:188} INFO - [2025-09-24T09:36:14.226+0000] {dagbag.py:355} ERROR - Failed to import: /opt/airflow/dags/DAG_scraper.py
Traceback (most recent call last):
  File "/home/airflow/.local/lib/python3.10/site-packages/airflow/models/dagbag.py", line 351, in parse
    loader.exec_module(new_module)
  File "<frozen importlib._bootstrap_external>", line 883, in exec_module
  File "<frozen importlib._bootstrap>", line 241, in _call_with_frames_removed
  File "/opt/airflow/dags/DAG_scraper.py", line 10, in <module>
    from ProcessData.DataProcessor import DataProcessor
  File "/opt/airflow/dags/ProcessData/DataProcessor.py", line 6, in <module>
    from geopy.geocoders import Nominatim
ModuleNotFoundError: No module named 'geopy'
[2025-09-24T09:36:14.227+0000] {processor.py:842} WARNING - No viable dags retrieved from /opt/airflow/dags/DAG_scraper.py
[2025-09-24T09:36:14.244+0000] {processor.py:183} INFO - Processing /opt/airflow/dags/DAG_scraper.py took 0.038 seconds
[2025-09-24T09:36:44.644+0000] {processor.py:161} INFO - Started process (PID=140) to work on /opt/airflow/dags/DAG_scraper.py
[2025-09-24T09:36:44.646+0000] {processor.py:830} INFO - Processing file /opt/airflow/dags/DAG_scraper.py for tasks to queue
[2025-09-24T09:36:44.656+0000] {logging_mixin.py:188} INFO - [2025-09-24T09:36:44.655+0000] {dagbag.py:545} INFO - Filling up the DagBag from /opt/airflow/dags/DAG_scraper.py
[2025-09-24T09:36:44.676+0000] {logging_mixin.py:188} INFO - [2025-09-24T09:36:44.676+0000] {dagbag.py:355} ERROR - Failed to import: /opt/airflow/dags/DAG_scraper.py
Traceback (most recent call last):
  File "/home/airflow/.local/lib/python3.10/site-packages/airflow/models/dagbag.py", line 351, in parse
    loader.exec_module(new_module)
  File "<frozen importlib._bootstrap_external>", line 883, in exec_module
  File "<frozen importlib._bootstrap>", line 241, in _call_with_frames_removed
  File "/opt/airflow/dags/DAG_scraper.py", line 10, in <module>
    from ProcessData.DataProcessor import DataProcessor
  File "/opt/airflow/dags/ProcessData/DataProcessor.py", line 6, in <module>
    from geopy.geocoders import Nominatim
ModuleNotFoundError: No module named 'geopy'
[2025-09-24T09:36:44.677+0000] {processor.py:842} WARNING - No viable dags retrieved from /opt/airflow/dags/DAG_scraper.py
[2025-09-24T09:36:44.706+0000] {processor.py:183} INFO - Processing /opt/airflow/dags/DAG_scraper.py took 0.075 seconds
[2025-09-24T09:37:14.959+0000] {processor.py:161} INFO - Started process (PID=141) to work on /opt/airflow/dags/DAG_scraper.py
[2025-09-24T09:37:14.960+0000] {processor.py:830} INFO - Processing file /opt/airflow/dags/DAG_scraper.py for tasks to queue
[2025-09-24T09:37:14.963+0000] {logging_mixin.py:188} INFO - [2025-09-24T09:37:14.963+0000] {dagbag.py:545} INFO - Filling up the DagBag from /opt/airflow/dags/DAG_scraper.py
[2025-09-24T09:37:14.981+0000] {logging_mixin.py:188} INFO - [2025-09-24T09:37:14.976+0000] {dagbag.py:355} ERROR - Failed to import: /opt/airflow/dags/DAG_scraper.py
Traceback (most recent call last):
  File "/home/airflow/.local/lib/python3.10/site-packages/airflow/models/dagbag.py", line 351, in parse
    loader.exec_module(new_module)
  File "<frozen importlib._bootstrap_external>", line 883, in exec_module
  File "<frozen importlib._bootstrap>", line 241, in _call_with_frames_removed
  File "/opt/airflow/dags/DAG_scraper.py", line 10, in <module>
    from ProcessData.DataProcessor import DataProcessor
  File "/opt/airflow/dags/ProcessData/DataProcessor.py", line 6, in <module>
    from geopy.geocoders import Nominatim
ModuleNotFoundError: No module named 'geopy'
[2025-09-24T09:37:14.982+0000] {processor.py:842} WARNING - No viable dags retrieved from /opt/airflow/dags/DAG_scraper.py
[2025-09-24T09:37:15.009+0000] {processor.py:183} INFO - Processing /opt/airflow/dags/DAG_scraper.py took 0.059 seconds
[2025-09-24T09:37:45.275+0000] {processor.py:161} INFO - Started process (PID=142) to work on /opt/airflow/dags/DAG_scraper.py
[2025-09-24T09:37:45.276+0000] {processor.py:830} INFO - Processing file /opt/airflow/dags/DAG_scraper.py for tasks to queue
[2025-09-24T09:37:45.280+0000] {logging_mixin.py:188} INFO - [2025-09-24T09:37:45.279+0000] {dagbag.py:545} INFO - Filling up the DagBag from /opt/airflow/dags/DAG_scraper.py
[2025-09-24T09:37:45.289+0000] {logging_mixin.py:188} INFO - [2025-09-24T09:37:45.288+0000] {dagbag.py:355} ERROR - Failed to import: /opt/airflow/dags/DAG_scraper.py
Traceback (most recent call last):
  File "/home/airflow/.local/lib/python3.10/site-packages/airflow/models/dagbag.py", line 351, in parse
    loader.exec_module(new_module)
  File "<frozen importlib._bootstrap_external>", line 883, in exec_module
  File "<frozen importlib._bootstrap>", line 241, in _call_with_frames_removed
  File "/opt/airflow/dags/DAG_scraper.py", line 10, in <module>
    from ProcessData.DataProcessor import DataProcessor
  File "/opt/airflow/dags/ProcessData/DataProcessor.py", line 6, in <module>
    from geopy.geocoders import Nominatim
ModuleNotFoundError: No module named 'geopy'
[2025-09-24T09:37:45.289+0000] {processor.py:842} WARNING - No viable dags retrieved from /opt/airflow/dags/DAG_scraper.py
[2025-09-24T09:37:45.308+0000] {processor.py:183} INFO - Processing /opt/airflow/dags/DAG_scraper.py took 0.045 seconds
[2025-09-24T09:38:15.634+0000] {processor.py:161} INFO - Started process (PID=143) to work on /opt/airflow/dags/DAG_scraper.py
[2025-09-24T09:38:15.635+0000] {processor.py:830} INFO - Processing file /opt/airflow/dags/DAG_scraper.py for tasks to queue
[2025-09-24T09:38:15.639+0000] {logging_mixin.py:188} INFO - [2025-09-24T09:38:15.639+0000] {dagbag.py:545} INFO - Filling up the DagBag from /opt/airflow/dags/DAG_scraper.py
[2025-09-24T09:38:15.649+0000] {logging_mixin.py:188} INFO - [2025-09-24T09:38:15.648+0000] {dagbag.py:355} ERROR - Failed to import: /opt/airflow/dags/DAG_scraper.py
Traceback (most recent call last):
  File "/home/airflow/.local/lib/python3.10/site-packages/airflow/models/dagbag.py", line 351, in parse
    loader.exec_module(new_module)
  File "<frozen importlib._bootstrap_external>", line 883, in exec_module
  File "<frozen importlib._bootstrap>", line 241, in _call_with_frames_removed
  File "/opt/airflow/dags/DAG_scraper.py", line 10, in <module>
    from ProcessData.DataProcessor import DataProcessor
  File "/opt/airflow/dags/ProcessData/DataProcessor.py", line 6, in <module>
    from geopy.geocoders import Nominatim
ModuleNotFoundError: No module named 'geopy'
[2025-09-24T09:38:15.649+0000] {processor.py:842} WARNING - No viable dags retrieved from /opt/airflow/dags/DAG_scraper.py
[2025-09-24T09:38:15.689+0000] {processor.py:183} INFO - Processing /opt/airflow/dags/DAG_scraper.py took 0.066 seconds
[2025-09-24T09:38:45.944+0000] {processor.py:161} INFO - Started process (PID=144) to work on /opt/airflow/dags/DAG_scraper.py
[2025-09-24T09:38:45.944+0000] {processor.py:830} INFO - Processing file /opt/airflow/dags/DAG_scraper.py for tasks to queue
[2025-09-24T09:38:45.946+0000] {logging_mixin.py:188} INFO - [2025-09-24T09:38:45.946+0000] {dagbag.py:545} INFO - Filling up the DagBag from /opt/airflow/dags/DAG_scraper.py
[2025-09-24T09:38:45.952+0000] {logging_mixin.py:188} INFO - [2025-09-24T09:38:45.952+0000] {dagbag.py:355} ERROR - Failed to import: /opt/airflow/dags/DAG_scraper.py
Traceback (most recent call last):
  File "/home/airflow/.local/lib/python3.10/site-packages/airflow/models/dagbag.py", line 351, in parse
    loader.exec_module(new_module)
  File "<frozen importlib._bootstrap_external>", line 883, in exec_module
  File "<frozen importlib._bootstrap>", line 241, in _call_with_frames_removed
  File "/opt/airflow/dags/DAG_scraper.py", line 10, in <module>
    from ProcessData.DataProcessor import DataProcessor
  File "/opt/airflow/dags/ProcessData/DataProcessor.py", line 6, in <module>
    from geopy.geocoders import Nominatim
ModuleNotFoundError: No module named 'geopy'
[2025-09-24T09:38:45.953+0000] {processor.py:842} WARNING - No viable dags retrieved from /opt/airflow/dags/DAG_scraper.py
[2025-09-24T09:38:45.970+0000] {processor.py:183} INFO - Processing /opt/airflow/dags/DAG_scraper.py took 0.032 seconds
[2025-09-24T09:39:16.321+0000] {processor.py:161} INFO - Started process (PID=145) to work on /opt/airflow/dags/DAG_scraper.py
[2025-09-24T09:39:16.322+0000] {processor.py:830} INFO - Processing file /opt/airflow/dags/DAG_scraper.py for tasks to queue
[2025-09-24T09:39:16.327+0000] {logging_mixin.py:188} INFO - [2025-09-24T09:39:16.327+0000] {dagbag.py:545} INFO - Filling up the DagBag from /opt/airflow/dags/DAG_scraper.py
[2025-09-24T09:39:16.336+0000] {logging_mixin.py:188} INFO - [2025-09-24T09:39:16.335+0000] {dagbag.py:355} ERROR - Failed to import: /opt/airflow/dags/DAG_scraper.py
Traceback (most recent call last):
  File "/home/airflow/.local/lib/python3.10/site-packages/airflow/models/dagbag.py", line 351, in parse
    loader.exec_module(new_module)
  File "<frozen importlib._bootstrap_external>", line 883, in exec_module
  File "<frozen importlib._bootstrap>", line 241, in _call_with_frames_removed
  File "/opt/airflow/dags/DAG_scraper.py", line 10, in <module>
    from ProcessData.DataProcessor import DataProcessor
  File "/opt/airflow/dags/ProcessData/DataProcessor.py", line 6, in <module>
    from geopy.geocoders import Nominatim
ModuleNotFoundError: No module named 'geopy'
[2025-09-24T09:39:16.337+0000] {processor.py:842} WARNING - No viable dags retrieved from /opt/airflow/dags/DAG_scraper.py
[2025-09-24T09:39:16.366+0000] {processor.py:183} INFO - Processing /opt/airflow/dags/DAG_scraper.py took 0.056 seconds
[2025-09-24T09:39:46.615+0000] {processor.py:161} INFO - Started process (PID=146) to work on /opt/airflow/dags/DAG_scraper.py
[2025-09-24T09:39:46.616+0000] {processor.py:830} INFO - Processing file /opt/airflow/dags/DAG_scraper.py for tasks to queue
[2025-09-24T09:39:46.619+0000] {logging_mixin.py:188} INFO - [2025-09-24T09:39:46.619+0000] {dagbag.py:545} INFO - Filling up the DagBag from /opt/airflow/dags/DAG_scraper.py
[2025-09-24T09:39:46.627+0000] {logging_mixin.py:188} INFO - [2025-09-24T09:39:46.626+0000] {dagbag.py:355} ERROR - Failed to import: /opt/airflow/dags/DAG_scraper.py
Traceback (most recent call last):
  File "/home/airflow/.local/lib/python3.10/site-packages/airflow/models/dagbag.py", line 351, in parse
    loader.exec_module(new_module)
  File "<frozen importlib._bootstrap_external>", line 883, in exec_module
  File "<frozen importlib._bootstrap>", line 241, in _call_with_frames_removed
  File "/opt/airflow/dags/DAG_scraper.py", line 10, in <module>
    from ProcessData.DataProcessor import DataProcessor
  File "/opt/airflow/dags/ProcessData/DataProcessor.py", line 6, in <module>
    from geopy.geocoders import Nominatim
ModuleNotFoundError: No module named 'geopy'
[2025-09-24T09:39:46.627+0000] {processor.py:842} WARNING - No viable dags retrieved from /opt/airflow/dags/DAG_scraper.py
[2025-09-24T09:39:46.646+0000] {processor.py:183} INFO - Processing /opt/airflow/dags/DAG_scraper.py took 0.041 seconds
[2025-09-24T09:40:16.884+0000] {processor.py:161} INFO - Started process (PID=147) to work on /opt/airflow/dags/DAG_scraper.py
[2025-09-24T09:40:16.884+0000] {processor.py:830} INFO - Processing file /opt/airflow/dags/DAG_scraper.py for tasks to queue
[2025-09-24T09:40:16.887+0000] {logging_mixin.py:188} INFO - [2025-09-24T09:40:16.886+0000] {dagbag.py:545} INFO - Filling up the DagBag from /opt/airflow/dags/DAG_scraper.py
[2025-09-24T09:40:16.893+0000] {logging_mixin.py:188} INFO - [2025-09-24T09:40:16.892+0000] {dagbag.py:355} ERROR - Failed to import: /opt/airflow/dags/DAG_scraper.py
Traceback (most recent call last):
  File "/home/airflow/.local/lib/python3.10/site-packages/airflow/models/dagbag.py", line 351, in parse
    loader.exec_module(new_module)
  File "<frozen importlib._bootstrap_external>", line 883, in exec_module
  File "<frozen importlib._bootstrap>", line 241, in _call_with_frames_removed
  File "/opt/airflow/dags/DAG_scraper.py", line 10, in <module>
    from ProcessData.DataProcessor import DataProcessor
  File "/opt/airflow/dags/ProcessData/DataProcessor.py", line 6, in <module>
    from geopy.geocoders import Nominatim
ModuleNotFoundError: No module named 'geopy'
[2025-09-24T09:40:16.893+0000] {processor.py:842} WARNING - No viable dags retrieved from /opt/airflow/dags/DAG_scraper.py
[2025-09-24T09:40:16.909+0000] {processor.py:183} INFO - Processing /opt/airflow/dags/DAG_scraper.py took 0.035 seconds
[2025-09-24T09:40:47.243+0000] {processor.py:161} INFO - Started process (PID=148) to work on /opt/airflow/dags/DAG_scraper.py
[2025-09-24T09:40:47.245+0000] {processor.py:830} INFO - Processing file /opt/airflow/dags/DAG_scraper.py for tasks to queue
[2025-09-24T09:40:47.248+0000] {logging_mixin.py:188} INFO - [2025-09-24T09:40:47.247+0000] {dagbag.py:545} INFO - Filling up the DagBag from /opt/airflow/dags/DAG_scraper.py
[2025-09-24T09:40:47.261+0000] {logging_mixin.py:188} INFO - [2025-09-24T09:40:47.259+0000] {dagbag.py:355} ERROR - Failed to import: /opt/airflow/dags/DAG_scraper.py
Traceback (most recent call last):
  File "/home/airflow/.local/lib/python3.10/site-packages/airflow/models/dagbag.py", line 351, in parse
    loader.exec_module(new_module)
  File "<frozen importlib._bootstrap_external>", line 883, in exec_module
  File "<frozen importlib._bootstrap>", line 241, in _call_with_frames_removed
  File "/opt/airflow/dags/DAG_scraper.py", line 10, in <module>
    from ProcessData.DataProcessor import DataProcessor
  File "/opt/airflow/dags/ProcessData/DataProcessor.py", line 6, in <module>
    from geopy.geocoders import Nominatim
ModuleNotFoundError: No module named 'geopy'
[2025-09-24T09:40:47.261+0000] {processor.py:842} WARNING - No viable dags retrieved from /opt/airflow/dags/DAG_scraper.py
[2025-09-24T09:40:47.279+0000] {processor.py:183} INFO - Processing /opt/airflow/dags/DAG_scraper.py took 0.045 seconds
[2025-09-24T09:41:17.549+0000] {processor.py:161} INFO - Started process (PID=149) to work on /opt/airflow/dags/DAG_scraper.py
[2025-09-24T09:41:17.550+0000] {processor.py:830} INFO - Processing file /opt/airflow/dags/DAG_scraper.py for tasks to queue
[2025-09-24T09:41:17.552+0000] {logging_mixin.py:188} INFO - [2025-09-24T09:41:17.552+0000] {dagbag.py:545} INFO - Filling up the DagBag from /opt/airflow/dags/DAG_scraper.py
[2025-09-24T09:41:17.567+0000] {logging_mixin.py:188} INFO - [2025-09-24T09:41:17.566+0000] {dagbag.py:355} ERROR - Failed to import: /opt/airflow/dags/DAG_scraper.py
Traceback (most recent call last):
  File "/home/airflow/.local/lib/python3.10/site-packages/airflow/models/dagbag.py", line 351, in parse
    loader.exec_module(new_module)
  File "<frozen importlib._bootstrap_external>", line 883, in exec_module
  File "<frozen importlib._bootstrap>", line 241, in _call_with_frames_removed
  File "/opt/airflow/dags/DAG_scraper.py", line 10, in <module>
    from ProcessData.DataProcessor import DataProcessor
  File "/opt/airflow/dags/ProcessData/DataProcessor.py", line 6, in <module>
    from geopy.geocoders import Nominatim
ModuleNotFoundError: No module named 'geopy'
[2025-09-24T09:41:17.567+0000] {processor.py:842} WARNING - No viable dags retrieved from /opt/airflow/dags/DAG_scraper.py
[2025-09-24T09:41:17.587+0000] {processor.py:183} INFO - Processing /opt/airflow/dags/DAG_scraper.py took 0.044 seconds
[2025-09-24T09:41:47.867+0000] {processor.py:161} INFO - Started process (PID=150) to work on /opt/airflow/dags/DAG_scraper.py
[2025-09-24T09:41:47.868+0000] {processor.py:830} INFO - Processing file /opt/airflow/dags/DAG_scraper.py for tasks to queue
[2025-09-24T09:41:47.875+0000] {logging_mixin.py:188} INFO - [2025-09-24T09:41:47.874+0000] {dagbag.py:545} INFO - Filling up the DagBag from /opt/airflow/dags/DAG_scraper.py
[2025-09-24T09:41:47.890+0000] {logging_mixin.py:188} INFO - [2025-09-24T09:41:47.889+0000] {dagbag.py:355} ERROR - Failed to import: /opt/airflow/dags/DAG_scraper.py
Traceback (most recent call last):
  File "/home/airflow/.local/lib/python3.10/site-packages/airflow/models/dagbag.py", line 351, in parse
    loader.exec_module(new_module)
  File "<frozen importlib._bootstrap_external>", line 883, in exec_module
  File "<frozen importlib._bootstrap>", line 241, in _call_with_frames_removed
  File "/opt/airflow/dags/DAG_scraper.py", line 10, in <module>
    from ProcessData.DataProcessor import DataProcessor
  File "/opt/airflow/dags/ProcessData/DataProcessor.py", line 6, in <module>
    from geopy.geocoders import Nominatim
ModuleNotFoundError: No module named 'geopy'
[2025-09-24T09:41:47.890+0000] {processor.py:842} WARNING - No viable dags retrieved from /opt/airflow/dags/DAG_scraper.py
[2025-09-24T09:41:47.911+0000] {processor.py:183} INFO - Processing /opt/airflow/dags/DAG_scraper.py took 0.060 seconds
[2025-09-24T09:42:18.231+0000] {processor.py:161} INFO - Started process (PID=151) to work on /opt/airflow/dags/DAG_scraper.py
[2025-09-24T09:42:18.232+0000] {processor.py:830} INFO - Processing file /opt/airflow/dags/DAG_scraper.py for tasks to queue
[2025-09-24T09:42:18.234+0000] {logging_mixin.py:188} INFO - [2025-09-24T09:42:18.234+0000] {dagbag.py:545} INFO - Filling up the DagBag from /opt/airflow/dags/DAG_scraper.py
[2025-09-24T09:42:18.242+0000] {logging_mixin.py:188} INFO - [2025-09-24T09:42:18.241+0000] {dagbag.py:355} ERROR - Failed to import: /opt/airflow/dags/DAG_scraper.py
Traceback (most recent call last):
  File "/home/airflow/.local/lib/python3.10/site-packages/airflow/models/dagbag.py", line 351, in parse
    loader.exec_module(new_module)
  File "<frozen importlib._bootstrap_external>", line 883, in exec_module
  File "<frozen importlib._bootstrap>", line 241, in _call_with_frames_removed
  File "/opt/airflow/dags/DAG_scraper.py", line 10, in <module>
    from ProcessData.DataProcessor import DataProcessor
  File "/opt/airflow/dags/ProcessData/DataProcessor.py", line 6, in <module>
    from geopy.geocoders import Nominatim
ModuleNotFoundError: No module named 'geopy'
[2025-09-24T09:42:18.242+0000] {processor.py:842} WARNING - No viable dags retrieved from /opt/airflow/dags/DAG_scraper.py
[2025-09-24T09:42:18.259+0000] {processor.py:183} INFO - Processing /opt/airflow/dags/DAG_scraper.py took 0.039 seconds
[2025-09-24T09:42:48.586+0000] {processor.py:161} INFO - Started process (PID=152) to work on /opt/airflow/dags/DAG_scraper.py
[2025-09-24T09:42:48.587+0000] {processor.py:830} INFO - Processing file /opt/airflow/dags/DAG_scraper.py for tasks to queue
[2025-09-24T09:42:48.590+0000] {logging_mixin.py:188} INFO - [2025-09-24T09:42:48.590+0000] {dagbag.py:545} INFO - Filling up the DagBag from /opt/airflow/dags/DAG_scraper.py
[2025-09-24T09:42:48.597+0000] {logging_mixin.py:188} INFO - [2025-09-24T09:42:48.596+0000] {dagbag.py:355} ERROR - Failed to import: /opt/airflow/dags/DAG_scraper.py
Traceback (most recent call last):
  File "/home/airflow/.local/lib/python3.10/site-packages/airflow/models/dagbag.py", line 351, in parse
    loader.exec_module(new_module)
  File "<frozen importlib._bootstrap_external>", line 883, in exec_module
  File "<frozen importlib._bootstrap>", line 241, in _call_with_frames_removed
  File "/opt/airflow/dags/DAG_scraper.py", line 10, in <module>
    from ProcessData.DataProcessor import DataProcessor
  File "/opt/airflow/dags/ProcessData/DataProcessor.py", line 6, in <module>
    from geopy.geocoders import Nominatim
ModuleNotFoundError: No module named 'geopy'
[2025-09-24T09:42:48.598+0000] {processor.py:842} WARNING - No viable dags retrieved from /opt/airflow/dags/DAG_scraper.py
[2025-09-24T09:42:48.617+0000] {processor.py:183} INFO - Processing /opt/airflow/dags/DAG_scraper.py took 0.039 seconds
[2025-09-24T09:43:18.916+0000] {processor.py:161} INFO - Started process (PID=153) to work on /opt/airflow/dags/DAG_scraper.py
[2025-09-24T09:43:18.917+0000] {processor.py:830} INFO - Processing file /opt/airflow/dags/DAG_scraper.py for tasks to queue
[2025-09-24T09:43:18.920+0000] {logging_mixin.py:188} INFO - [2025-09-24T09:43:18.920+0000] {dagbag.py:545} INFO - Filling up the DagBag from /opt/airflow/dags/DAG_scraper.py
[2025-09-24T09:43:18.928+0000] {logging_mixin.py:188} INFO - [2025-09-24T09:43:18.927+0000] {dagbag.py:355} ERROR - Failed to import: /opt/airflow/dags/DAG_scraper.py
Traceback (most recent call last):
  File "/home/airflow/.local/lib/python3.10/site-packages/airflow/models/dagbag.py", line 351, in parse
    loader.exec_module(new_module)
  File "<frozen importlib._bootstrap_external>", line 883, in exec_module
  File "<frozen importlib._bootstrap>", line 241, in _call_with_frames_removed
  File "/opt/airflow/dags/DAG_scraper.py", line 10, in <module>
    from ProcessData.DataProcessor import DataProcessor
  File "/opt/airflow/dags/ProcessData/DataProcessor.py", line 6, in <module>
    from geopy.geocoders import Nominatim
ModuleNotFoundError: No module named 'geopy'
[2025-09-24T09:43:18.928+0000] {processor.py:842} WARNING - No viable dags retrieved from /opt/airflow/dags/DAG_scraper.py
[2025-09-24T09:43:18.945+0000] {processor.py:183} INFO - Processing /opt/airflow/dags/DAG_scraper.py took 0.038 seconds
[2025-09-24T09:43:49.270+0000] {processor.py:161} INFO - Started process (PID=154) to work on /opt/airflow/dags/DAG_scraper.py
[2025-09-24T09:43:49.271+0000] {processor.py:830} INFO - Processing file /opt/airflow/dags/DAG_scraper.py for tasks to queue
[2025-09-24T09:43:49.273+0000] {logging_mixin.py:188} INFO - [2025-09-24T09:43:49.273+0000] {dagbag.py:545} INFO - Filling up the DagBag from /opt/airflow/dags/DAG_scraper.py
[2025-09-24T09:43:49.279+0000] {logging_mixin.py:188} INFO - [2025-09-24T09:43:49.278+0000] {dagbag.py:355} ERROR - Failed to import: /opt/airflow/dags/DAG_scraper.py
Traceback (most recent call last):
  File "/home/airflow/.local/lib/python3.10/site-packages/airflow/models/dagbag.py", line 351, in parse
    loader.exec_module(new_module)
  File "<frozen importlib._bootstrap_external>", line 883, in exec_module
  File "<frozen importlib._bootstrap>", line 241, in _call_with_frames_removed
  File "/opt/airflow/dags/DAG_scraper.py", line 10, in <module>
    from ProcessData.DataProcessor import DataProcessor
  File "/opt/airflow/dags/ProcessData/DataProcessor.py", line 6, in <module>
    from geopy.geocoders import Nominatim
ModuleNotFoundError: No module named 'geopy'
[2025-09-24T09:43:49.279+0000] {processor.py:842} WARNING - No viable dags retrieved from /opt/airflow/dags/DAG_scraper.py
[2025-09-24T09:43:49.300+0000] {processor.py:183} INFO - Processing /opt/airflow/dags/DAG_scraper.py took 0.036 seconds
[2025-09-24T09:44:19.636+0000] {processor.py:161} INFO - Started process (PID=155) to work on /opt/airflow/dags/DAG_scraper.py
[2025-09-24T09:44:19.638+0000] {processor.py:830} INFO - Processing file /opt/airflow/dags/DAG_scraper.py for tasks to queue
[2025-09-24T09:44:19.641+0000] {logging_mixin.py:188} INFO - [2025-09-24T09:44:19.641+0000] {dagbag.py:545} INFO - Filling up the DagBag from /opt/airflow/dags/DAG_scraper.py
[2025-09-24T09:44:19.649+0000] {logging_mixin.py:188} INFO - [2025-09-24T09:44:19.648+0000] {dagbag.py:355} ERROR - Failed to import: /opt/airflow/dags/DAG_scraper.py
Traceback (most recent call last):
  File "/home/airflow/.local/lib/python3.10/site-packages/airflow/models/dagbag.py", line 351, in parse
    loader.exec_module(new_module)
  File "<frozen importlib._bootstrap_external>", line 883, in exec_module
  File "<frozen importlib._bootstrap>", line 241, in _call_with_frames_removed
  File "/opt/airflow/dags/DAG_scraper.py", line 10, in <module>
    from ProcessData.DataProcessor import DataProcessor
  File "/opt/airflow/dags/ProcessData/DataProcessor.py", line 6, in <module>
    from geopy.geocoders import Nominatim
ModuleNotFoundError: No module named 'geopy'
[2025-09-24T09:44:19.649+0000] {processor.py:842} WARNING - No viable dags retrieved from /opt/airflow/dags/DAG_scraper.py
[2025-09-24T09:44:19.667+0000] {processor.py:183} INFO - Processing /opt/airflow/dags/DAG_scraper.py took 0.051 seconds
[2025-09-24T09:44:49.933+0000] {processor.py:161} INFO - Started process (PID=156) to work on /opt/airflow/dags/DAG_scraper.py
[2025-09-24T09:44:49.934+0000] {processor.py:830} INFO - Processing file /opt/airflow/dags/DAG_scraper.py for tasks to queue
[2025-09-24T09:44:49.936+0000] {logging_mixin.py:188} INFO - [2025-09-24T09:44:49.936+0000] {dagbag.py:545} INFO - Filling up the DagBag from /opt/airflow/dags/DAG_scraper.py
[2025-09-24T09:44:49.943+0000] {logging_mixin.py:188} INFO - [2025-09-24T09:44:49.942+0000] {dagbag.py:355} ERROR - Failed to import: /opt/airflow/dags/DAG_scraper.py
Traceback (most recent call last):
  File "/home/airflow/.local/lib/python3.10/site-packages/airflow/models/dagbag.py", line 351, in parse
    loader.exec_module(new_module)
  File "<frozen importlib._bootstrap_external>", line 883, in exec_module
  File "<frozen importlib._bootstrap>", line 241, in _call_with_frames_removed
  File "/opt/airflow/dags/DAG_scraper.py", line 10, in <module>
    from ProcessData.DataProcessor import DataProcessor
  File "/opt/airflow/dags/ProcessData/DataProcessor.py", line 6, in <module>
    from geopy.geocoders import Nominatim
ModuleNotFoundError: No module named 'geopy'
[2025-09-24T09:44:49.943+0000] {processor.py:842} WARNING - No viable dags retrieved from /opt/airflow/dags/DAG_scraper.py
[2025-09-24T09:44:49.963+0000] {processor.py:183} INFO - Processing /opt/airflow/dags/DAG_scraper.py took 0.040 seconds
[2025-09-24T09:45:20.310+0000] {processor.py:161} INFO - Started process (PID=157) to work on /opt/airflow/dags/DAG_scraper.py
[2025-09-24T09:45:20.311+0000] {processor.py:830} INFO - Processing file /opt/airflow/dags/DAG_scraper.py for tasks to queue
[2025-09-24T09:45:20.314+0000] {logging_mixin.py:188} INFO - [2025-09-24T09:45:20.313+0000] {dagbag.py:545} INFO - Filling up the DagBag from /opt/airflow/dags/DAG_scraper.py
[2025-09-24T09:45:20.320+0000] {logging_mixin.py:188} INFO - [2025-09-24T09:45:20.319+0000] {dagbag.py:355} ERROR - Failed to import: /opt/airflow/dags/DAG_scraper.py
Traceback (most recent call last):
  File "/home/airflow/.local/lib/python3.10/site-packages/airflow/models/dagbag.py", line 351, in parse
    loader.exec_module(new_module)
  File "<frozen importlib._bootstrap_external>", line 883, in exec_module
  File "<frozen importlib._bootstrap>", line 241, in _call_with_frames_removed
  File "/opt/airflow/dags/DAG_scraper.py", line 10, in <module>
    from ProcessData.DataProcessor import DataProcessor
  File "/opt/airflow/dags/ProcessData/DataProcessor.py", line 6, in <module>
    from geopy.geocoders import Nominatim
ModuleNotFoundError: No module named 'geopy'
[2025-09-24T09:45:20.321+0000] {processor.py:842} WARNING - No viable dags retrieved from /opt/airflow/dags/DAG_scraper.py
[2025-09-24T09:45:20.347+0000] {processor.py:183} INFO - Processing /opt/airflow/dags/DAG_scraper.py took 0.062 seconds
[2025-09-24T09:45:50.652+0000] {processor.py:161} INFO - Started process (PID=158) to work on /opt/airflow/dags/DAG_scraper.py
[2025-09-24T09:45:50.653+0000] {processor.py:830} INFO - Processing file /opt/airflow/dags/DAG_scraper.py for tasks to queue
[2025-09-24T09:45:50.661+0000] {logging_mixin.py:188} INFO - [2025-09-24T09:45:50.660+0000] {dagbag.py:545} INFO - Filling up the DagBag from /opt/airflow/dags/DAG_scraper.py
[2025-09-24T09:45:50.672+0000] {logging_mixin.py:188} INFO - [2025-09-24T09:45:50.671+0000] {dagbag.py:355} ERROR - Failed to import: /opt/airflow/dags/DAG_scraper.py
Traceback (most recent call last):
  File "/home/airflow/.local/lib/python3.10/site-packages/airflow/models/dagbag.py", line 351, in parse
    loader.exec_module(new_module)
  File "<frozen importlib._bootstrap_external>", line 883, in exec_module
  File "<frozen importlib._bootstrap>", line 241, in _call_with_frames_removed
  File "/opt/airflow/dags/DAG_scraper.py", line 10, in <module>
    from ProcessData.DataProcessor import DataProcessor
  File "/opt/airflow/dags/ProcessData/DataProcessor.py", line 6, in <module>
    from geopy.geocoders import Nominatim
ModuleNotFoundError: No module named 'geopy'
[2025-09-24T09:45:50.673+0000] {processor.py:842} WARNING - No viable dags retrieved from /opt/airflow/dags/DAG_scraper.py
[2025-09-24T09:45:50.701+0000] {processor.py:183} INFO - Processing /opt/airflow/dags/DAG_scraper.py took 0.059 seconds
[2025-09-24T09:46:20.924+0000] {processor.py:161} INFO - Started process (PID=159) to work on /opt/airflow/dags/DAG_scraper.py
[2025-09-24T09:46:20.925+0000] {processor.py:830} INFO - Processing file /opt/airflow/dags/DAG_scraper.py for tasks to queue
[2025-09-24T09:46:20.928+0000] {logging_mixin.py:188} INFO - [2025-09-24T09:46:20.927+0000] {dagbag.py:545} INFO - Filling up the DagBag from /opt/airflow/dags/DAG_scraper.py
[2025-09-24T09:46:20.935+0000] {logging_mixin.py:188} INFO - [2025-09-24T09:46:20.934+0000] {dagbag.py:355} ERROR - Failed to import: /opt/airflow/dags/DAG_scraper.py
Traceback (most recent call last):
  File "/home/airflow/.local/lib/python3.10/site-packages/airflow/models/dagbag.py", line 351, in parse
    loader.exec_module(new_module)
  File "<frozen importlib._bootstrap_external>", line 883, in exec_module
  File "<frozen importlib._bootstrap>", line 241, in _call_with_frames_removed
  File "/opt/airflow/dags/DAG_scraper.py", line 10, in <module>
    from ProcessData.DataProcessor import DataProcessor
  File "/opt/airflow/dags/ProcessData/DataProcessor.py", line 6, in <module>
    from geopy.geocoders import Nominatim
ModuleNotFoundError: No module named 'geopy'
[2025-09-24T09:46:20.935+0000] {processor.py:842} WARNING - No viable dags retrieved from /opt/airflow/dags/DAG_scraper.py
[2025-09-24T09:46:20.957+0000] {processor.py:183} INFO - Processing /opt/airflow/dags/DAG_scraper.py took 0.040 seconds
[2025-09-24T09:46:51.234+0000] {processor.py:161} INFO - Started process (PID=160) to work on /opt/airflow/dags/DAG_scraper.py
[2025-09-24T09:46:51.235+0000] {processor.py:830} INFO - Processing file /opt/airflow/dags/DAG_scraper.py for tasks to queue
[2025-09-24T09:46:51.238+0000] {logging_mixin.py:188} INFO - [2025-09-24T09:46:51.238+0000] {dagbag.py:545} INFO - Filling up the DagBag from /opt/airflow/dags/DAG_scraper.py
[2025-09-24T09:46:51.245+0000] {logging_mixin.py:188} INFO - [2025-09-24T09:46:51.245+0000] {dagbag.py:355} ERROR - Failed to import: /opt/airflow/dags/DAG_scraper.py
Traceback (most recent call last):
  File "/home/airflow/.local/lib/python3.10/site-packages/airflow/models/dagbag.py", line 351, in parse
    loader.exec_module(new_module)
  File "<frozen importlib._bootstrap_external>", line 883, in exec_module
  File "<frozen importlib._bootstrap>", line 241, in _call_with_frames_removed
  File "/opt/airflow/dags/DAG_scraper.py", line 10, in <module>
    from ProcessData.DataProcessor import DataProcessor
  File "/opt/airflow/dags/ProcessData/DataProcessor.py", line 6, in <module>
    from geopy.geocoders import Nominatim
ModuleNotFoundError: No module named 'geopy'
[2025-09-24T09:46:51.246+0000] {processor.py:842} WARNING - No viable dags retrieved from /opt/airflow/dags/DAG_scraper.py
[2025-09-24T09:46:51.284+0000] {processor.py:183} INFO - Processing /opt/airflow/dags/DAG_scraper.py took 0.061 seconds
[2025-09-24T09:47:21.593+0000] {processor.py:161} INFO - Started process (PID=161) to work on /opt/airflow/dags/DAG_scraper.py
[2025-09-24T09:47:21.594+0000] {processor.py:830} INFO - Processing file /opt/airflow/dags/DAG_scraper.py for tasks to queue
[2025-09-24T09:47:21.596+0000] {logging_mixin.py:188} INFO - [2025-09-24T09:47:21.596+0000] {dagbag.py:545} INFO - Filling up the DagBag from /opt/airflow/dags/DAG_scraper.py
[2025-09-24T09:47:21.602+0000] {logging_mixin.py:188} INFO - [2025-09-24T09:47:21.602+0000] {dagbag.py:355} ERROR - Failed to import: /opt/airflow/dags/DAG_scraper.py
Traceback (most recent call last):
  File "/home/airflow/.local/lib/python3.10/site-packages/airflow/models/dagbag.py", line 351, in parse
    loader.exec_module(new_module)
  File "<frozen importlib._bootstrap_external>", line 883, in exec_module
  File "<frozen importlib._bootstrap>", line 241, in _call_with_frames_removed
  File "/opt/airflow/dags/DAG_scraper.py", line 10, in <module>
    from ProcessData.DataProcessor import DataProcessor
  File "/opt/airflow/dags/ProcessData/DataProcessor.py", line 6, in <module>
    from geopy.geocoders import Nominatim
ModuleNotFoundError: No module named 'geopy'
[2025-09-24T09:47:21.603+0000] {processor.py:842} WARNING - No viable dags retrieved from /opt/airflow/dags/DAG_scraper.py
[2025-09-24T09:47:21.623+0000] {processor.py:183} INFO - Processing /opt/airflow/dags/DAG_scraper.py took 0.037 seconds
[2025-09-24T09:47:51.907+0000] {processor.py:161} INFO - Started process (PID=162) to work on /opt/airflow/dags/DAG_scraper.py
[2025-09-24T09:47:51.909+0000] {processor.py:830} INFO - Processing file /opt/airflow/dags/DAG_scraper.py for tasks to queue
[2025-09-24T09:47:51.911+0000] {logging_mixin.py:188} INFO - [2025-09-24T09:47:51.911+0000] {dagbag.py:545} INFO - Filling up the DagBag from /opt/airflow/dags/DAG_scraper.py
[2025-09-24T09:47:51.918+0000] {logging_mixin.py:188} INFO - [2025-09-24T09:47:51.917+0000] {dagbag.py:355} ERROR - Failed to import: /opt/airflow/dags/DAG_scraper.py
Traceback (most recent call last):
  File "/home/airflow/.local/lib/python3.10/site-packages/airflow/models/dagbag.py", line 351, in parse
    loader.exec_module(new_module)
  File "<frozen importlib._bootstrap_external>", line 883, in exec_module
  File "<frozen importlib._bootstrap>", line 241, in _call_with_frames_removed
  File "/opt/airflow/dags/DAG_scraper.py", line 10, in <module>
    from ProcessData.DataProcessor import DataProcessor
  File "/opt/airflow/dags/ProcessData/DataProcessor.py", line 6, in <module>
    from geopy.geocoders import Nominatim
ModuleNotFoundError: No module named 'geopy'
[2025-09-24T09:47:51.919+0000] {processor.py:842} WARNING - No viable dags retrieved from /opt/airflow/dags/DAG_scraper.py
[2025-09-24T09:47:51.955+0000] {processor.py:183} INFO - Processing /opt/airflow/dags/DAG_scraper.py took 0.057 seconds
[2025-09-24T09:48:22.273+0000] {processor.py:161} INFO - Started process (PID=163) to work on /opt/airflow/dags/DAG_scraper.py
[2025-09-24T09:48:22.273+0000] {processor.py:830} INFO - Processing file /opt/airflow/dags/DAG_scraper.py for tasks to queue
[2025-09-24T09:48:22.276+0000] {logging_mixin.py:188} INFO - [2025-09-24T09:48:22.276+0000] {dagbag.py:545} INFO - Filling up the DagBag from /opt/airflow/dags/DAG_scraper.py
[2025-09-24T09:48:22.285+0000] {logging_mixin.py:188} INFO - [2025-09-24T09:48:22.283+0000] {dagbag.py:355} ERROR - Failed to import: /opt/airflow/dags/DAG_scraper.py
Traceback (most recent call last):
  File "/home/airflow/.local/lib/python3.10/site-packages/airflow/models/dagbag.py", line 351, in parse
    loader.exec_module(new_module)
  File "<frozen importlib._bootstrap_external>", line 883, in exec_module
  File "<frozen importlib._bootstrap>", line 241, in _call_with_frames_removed
  File "/opt/airflow/dags/DAG_scraper.py", line 10, in <module>
    from ProcessData.DataProcessor import DataProcessor
  File "/opt/airflow/dags/ProcessData/DataProcessor.py", line 6, in <module>
    from geopy.geocoders import Nominatim
ModuleNotFoundError: No module named 'geopy'
[2025-09-24T09:48:22.286+0000] {processor.py:842} WARNING - No viable dags retrieved from /opt/airflow/dags/DAG_scraper.py
[2025-09-24T09:48:22.325+0000] {processor.py:183} INFO - Processing /opt/airflow/dags/DAG_scraper.py took 0.062 seconds
[2025-09-24T09:48:52.673+0000] {processor.py:161} INFO - Started process (PID=164) to work on /opt/airflow/dags/DAG_scraper.py
[2025-09-24T09:48:52.674+0000] {processor.py:830} INFO - Processing file /opt/airflow/dags/DAG_scraper.py for tasks to queue
[2025-09-24T09:48:52.683+0000] {logging_mixin.py:188} INFO - [2025-09-24T09:48:52.682+0000] {dagbag.py:545} INFO - Filling up the DagBag from /opt/airflow/dags/DAG_scraper.py
[2025-09-24T09:48:52.700+0000] {logging_mixin.py:188} INFO - [2025-09-24T09:48:52.699+0000] {dagbag.py:355} ERROR - Failed to import: /opt/airflow/dags/DAG_scraper.py
Traceback (most recent call last):
  File "/home/airflow/.local/lib/python3.10/site-packages/airflow/models/dagbag.py", line 351, in parse
    loader.exec_module(new_module)
  File "<frozen importlib._bootstrap_external>", line 883, in exec_module
  File "<frozen importlib._bootstrap>", line 241, in _call_with_frames_removed
  File "/opt/airflow/dags/DAG_scraper.py", line 10, in <module>
    from ProcessData.DataProcessor import DataProcessor
  File "/opt/airflow/dags/ProcessData/DataProcessor.py", line 6, in <module>
    from geopy.geocoders import Nominatim
ModuleNotFoundError: No module named 'geopy'
[2025-09-24T09:48:52.701+0000] {processor.py:842} WARNING - No viable dags retrieved from /opt/airflow/dags/DAG_scraper.py
[2025-09-24T09:48:52.721+0000] {processor.py:183} INFO - Processing /opt/airflow/dags/DAG_scraper.py took 0.056 seconds
[2025-09-24T09:49:23.009+0000] {processor.py:161} INFO - Started process (PID=165) to work on /opt/airflow/dags/DAG_scraper.py
[2025-09-24T09:49:23.009+0000] {processor.py:830} INFO - Processing file /opt/airflow/dags/DAG_scraper.py for tasks to queue
[2025-09-24T09:49:23.012+0000] {logging_mixin.py:188} INFO - [2025-09-24T09:49:23.012+0000] {dagbag.py:545} INFO - Filling up the DagBag from /opt/airflow/dags/DAG_scraper.py
[2025-09-24T09:49:23.019+0000] {logging_mixin.py:188} INFO - [2025-09-24T09:49:23.018+0000] {dagbag.py:355} ERROR - Failed to import: /opt/airflow/dags/DAG_scraper.py
Traceback (most recent call last):
  File "/home/airflow/.local/lib/python3.10/site-packages/airflow/models/dagbag.py", line 351, in parse
    loader.exec_module(new_module)
  File "<frozen importlib._bootstrap_external>", line 883, in exec_module
  File "<frozen importlib._bootstrap>", line 241, in _call_with_frames_removed
  File "/opt/airflow/dags/DAG_scraper.py", line 10, in <module>
    from ProcessData.DataProcessor import DataProcessor
  File "/opt/airflow/dags/ProcessData/DataProcessor.py", line 6, in <module>
    from geopy.geocoders import Nominatim
ModuleNotFoundError: No module named 'geopy'
[2025-09-24T09:49:23.019+0000] {processor.py:842} WARNING - No viable dags retrieved from /opt/airflow/dags/DAG_scraper.py
[2025-09-24T09:49:23.052+0000] {processor.py:183} INFO - Processing /opt/airflow/dags/DAG_scraper.py took 0.051 seconds
[2025-09-24T09:49:53.322+0000] {processor.py:161} INFO - Started process (PID=166) to work on /opt/airflow/dags/DAG_scraper.py
[2025-09-24T09:49:53.323+0000] {processor.py:830} INFO - Processing file /opt/airflow/dags/DAG_scraper.py for tasks to queue
[2025-09-24T09:49:53.325+0000] {logging_mixin.py:188} INFO - [2025-09-24T09:49:53.325+0000] {dagbag.py:545} INFO - Filling up the DagBag from /opt/airflow/dags/DAG_scraper.py
[2025-09-24T09:49:53.333+0000] {logging_mixin.py:188} INFO - [2025-09-24T09:49:53.332+0000] {dagbag.py:355} ERROR - Failed to import: /opt/airflow/dags/DAG_scraper.py
Traceback (most recent call last):
  File "/home/airflow/.local/lib/python3.10/site-packages/airflow/models/dagbag.py", line 351, in parse
    loader.exec_module(new_module)
  File "<frozen importlib._bootstrap_external>", line 883, in exec_module
  File "<frozen importlib._bootstrap>", line 241, in _call_with_frames_removed
  File "/opt/airflow/dags/DAG_scraper.py", line 10, in <module>
    from ProcessData.DataProcessor import DataProcessor
  File "/opt/airflow/dags/ProcessData/DataProcessor.py", line 6, in <module>
    from geopy.geocoders import Nominatim
ModuleNotFoundError: No module named 'geopy'
[2025-09-24T09:49:53.333+0000] {processor.py:842} WARNING - No viable dags retrieved from /opt/airflow/dags/DAG_scraper.py
[2025-09-24T09:49:53.353+0000] {processor.py:183} INFO - Processing /opt/airflow/dags/DAG_scraper.py took 0.036 seconds
[2025-09-24T09:50:23.658+0000] {processor.py:161} INFO - Started process (PID=167) to work on /opt/airflow/dags/DAG_scraper.py
[2025-09-24T09:50:23.659+0000] {processor.py:830} INFO - Processing file /opt/airflow/dags/DAG_scraper.py for tasks to queue
[2025-09-24T09:50:23.663+0000] {logging_mixin.py:188} INFO - [2025-09-24T09:50:23.663+0000] {dagbag.py:545} INFO - Filling up the DagBag from /opt/airflow/dags/DAG_scraper.py
[2025-09-24T09:50:23.670+0000] {logging_mixin.py:188} INFO - [2025-09-24T09:50:23.669+0000] {dagbag.py:355} ERROR - Failed to import: /opt/airflow/dags/DAG_scraper.py
Traceback (most recent call last):
  File "/home/airflow/.local/lib/python3.10/site-packages/airflow/models/dagbag.py", line 351, in parse
    loader.exec_module(new_module)
  File "<frozen importlib._bootstrap_external>", line 883, in exec_module
  File "<frozen importlib._bootstrap>", line 241, in _call_with_frames_removed
  File "/opt/airflow/dags/DAG_scraper.py", line 10, in <module>
    from ProcessData.DataProcessor import DataProcessor
  File "/opt/airflow/dags/ProcessData/DataProcessor.py", line 6, in <module>
    from geopy.geocoders import Nominatim
ModuleNotFoundError: No module named 'geopy'
[2025-09-24T09:50:23.670+0000] {processor.py:842} WARNING - No viable dags retrieved from /opt/airflow/dags/DAG_scraper.py
[2025-09-24T09:50:23.689+0000] {processor.py:183} INFO - Processing /opt/airflow/dags/DAG_scraper.py took 0.051 seconds
[2025-09-24T09:50:54.027+0000] {processor.py:161} INFO - Started process (PID=168) to work on /opt/airflow/dags/DAG_scraper.py
[2025-09-24T09:50:54.028+0000] {processor.py:830} INFO - Processing file /opt/airflow/dags/DAG_scraper.py for tasks to queue
[2025-09-24T09:50:54.030+0000] {logging_mixin.py:188} INFO - [2025-09-24T09:50:54.030+0000] {dagbag.py:545} INFO - Filling up the DagBag from /opt/airflow/dags/DAG_scraper.py
[2025-09-24T09:50:54.037+0000] {logging_mixin.py:188} INFO - [2025-09-24T09:50:54.036+0000] {dagbag.py:355} ERROR - Failed to import: /opt/airflow/dags/DAG_scraper.py
Traceback (most recent call last):
  File "/home/airflow/.local/lib/python3.10/site-packages/airflow/models/dagbag.py", line 351, in parse
    loader.exec_module(new_module)
  File "<frozen importlib._bootstrap_external>", line 883, in exec_module
  File "<frozen importlib._bootstrap>", line 241, in _call_with_frames_removed
  File "/opt/airflow/dags/DAG_scraper.py", line 10, in <module>
    from ProcessData.DataProcessor import DataProcessor
  File "/opt/airflow/dags/ProcessData/DataProcessor.py", line 6, in <module>
    from geopy.geocoders import Nominatim
ModuleNotFoundError: No module named 'geopy'
[2025-09-24T09:50:54.038+0000] {processor.py:842} WARNING - No viable dags retrieved from /opt/airflow/dags/DAG_scraper.py
[2025-09-24T09:50:54.055+0000] {processor.py:183} INFO - Processing /opt/airflow/dags/DAG_scraper.py took 0.035 seconds
[2025-09-24T09:51:24.359+0000] {processor.py:161} INFO - Started process (PID=169) to work on /opt/airflow/dags/DAG_scraper.py
[2025-09-24T09:51:24.360+0000] {processor.py:830} INFO - Processing file /opt/airflow/dags/DAG_scraper.py for tasks to queue
[2025-09-24T09:51:24.362+0000] {logging_mixin.py:188} INFO - [2025-09-24T09:51:24.362+0000] {dagbag.py:545} INFO - Filling up the DagBag from /opt/airflow/dags/DAG_scraper.py
[2025-09-24T09:51:24.367+0000] {logging_mixin.py:188} INFO - [2025-09-24T09:51:24.366+0000] {dagbag.py:355} ERROR - Failed to import: /opt/airflow/dags/DAG_scraper.py
Traceback (most recent call last):
  File "/home/airflow/.local/lib/python3.10/site-packages/airflow/models/dagbag.py", line 351, in parse
    loader.exec_module(new_module)
  File "<frozen importlib._bootstrap_external>", line 883, in exec_module
  File "<frozen importlib._bootstrap>", line 241, in _call_with_frames_removed
  File "/opt/airflow/dags/DAG_scraper.py", line 10, in <module>
    from ProcessData.DataProcessor import DataProcessor
  File "/opt/airflow/dags/ProcessData/DataProcessor.py", line 6, in <module>
    from geopy.geocoders import Nominatim
ModuleNotFoundError: No module named 'geopy'
[2025-09-24T09:51:24.367+0000] {processor.py:842} WARNING - No viable dags retrieved from /opt/airflow/dags/DAG_scraper.py
[2025-09-24T09:51:24.381+0000] {processor.py:183} INFO - Processing /opt/airflow/dags/DAG_scraper.py took 0.028 seconds
[2025-09-24T09:51:54.651+0000] {processor.py:161} INFO - Started process (PID=170) to work on /opt/airflow/dags/DAG_scraper.py
[2025-09-24T09:51:54.652+0000] {processor.py:830} INFO - Processing file /opt/airflow/dags/DAG_scraper.py for tasks to queue
[2025-09-24T09:51:54.655+0000] {logging_mixin.py:188} INFO - [2025-09-24T09:51:54.654+0000] {dagbag.py:545} INFO - Filling up the DagBag from /opt/airflow/dags/DAG_scraper.py
[2025-09-24T09:51:54.666+0000] {logging_mixin.py:188} INFO - [2025-09-24T09:51:54.664+0000] {dagbag.py:355} ERROR - Failed to import: /opt/airflow/dags/DAG_scraper.py
Traceback (most recent call last):
  File "/home/airflow/.local/lib/python3.10/site-packages/airflow/models/dagbag.py", line 351, in parse
    loader.exec_module(new_module)
  File "<frozen importlib._bootstrap_external>", line 883, in exec_module
  File "<frozen importlib._bootstrap>", line 241, in _call_with_frames_removed
  File "/opt/airflow/dags/DAG_scraper.py", line 10, in <module>
    from ProcessData.DataProcessor import DataProcessor
  File "/opt/airflow/dags/ProcessData/DataProcessor.py", line 6, in <module>
    from geopy.geocoders import Nominatim
ModuleNotFoundError: No module named 'geopy'
[2025-09-24T09:51:54.667+0000] {processor.py:842} WARNING - No viable dags retrieved from /opt/airflow/dags/DAG_scraper.py
[2025-09-24T09:51:54.706+0000] {processor.py:183} INFO - Processing /opt/airflow/dags/DAG_scraper.py took 0.063 seconds
[2025-09-24T09:52:24.961+0000] {processor.py:161} INFO - Started process (PID=171) to work on /opt/airflow/dags/DAG_scraper.py
[2025-09-24T09:52:24.961+0000] {processor.py:830} INFO - Processing file /opt/airflow/dags/DAG_scraper.py for tasks to queue
[2025-09-24T09:52:24.964+0000] {logging_mixin.py:188} INFO - [2025-09-24T09:52:24.963+0000] {dagbag.py:545} INFO - Filling up the DagBag from /opt/airflow/dags/DAG_scraper.py
[2025-09-24T09:52:24.970+0000] {logging_mixin.py:188} INFO - [2025-09-24T09:52:24.969+0000] {dagbag.py:355} ERROR - Failed to import: /opt/airflow/dags/DAG_scraper.py
Traceback (most recent call last):
  File "/home/airflow/.local/lib/python3.10/site-packages/airflow/models/dagbag.py", line 351, in parse
    loader.exec_module(new_module)
  File "<frozen importlib._bootstrap_external>", line 883, in exec_module
  File "<frozen importlib._bootstrap>", line 241, in _call_with_frames_removed
  File "/opt/airflow/dags/DAG_scraper.py", line 10, in <module>
    from ProcessData.DataProcessor import DataProcessor
  File "/opt/airflow/dags/ProcessData/DataProcessor.py", line 6, in <module>
    from geopy.geocoders import Nominatim
ModuleNotFoundError: No module named 'geopy'
[2025-09-24T09:52:24.970+0000] {processor.py:842} WARNING - No viable dags retrieved from /opt/airflow/dags/DAG_scraper.py
[2025-09-24T09:52:24.984+0000] {processor.py:183} INFO - Processing /opt/airflow/dags/DAG_scraper.py took 0.030 seconds
[2025-09-24T09:52:55.251+0000] {processor.py:161} INFO - Started process (PID=172) to work on /opt/airflow/dags/DAG_scraper.py
[2025-09-24T09:52:55.252+0000] {processor.py:830} INFO - Processing file /opt/airflow/dags/DAG_scraper.py for tasks to queue
[2025-09-24T09:52:55.253+0000] {logging_mixin.py:188} INFO - [2025-09-24T09:52:55.253+0000] {dagbag.py:545} INFO - Filling up the DagBag from /opt/airflow/dags/DAG_scraper.py
[2025-09-24T09:52:55.260+0000] {logging_mixin.py:188} INFO - [2025-09-24T09:52:55.258+0000] {dagbag.py:355} ERROR - Failed to import: /opt/airflow/dags/DAG_scraper.py
Traceback (most recent call last):
  File "/home/airflow/.local/lib/python3.10/site-packages/airflow/models/dagbag.py", line 351, in parse
    loader.exec_module(new_module)
  File "<frozen importlib._bootstrap_external>", line 883, in exec_module
  File "<frozen importlib._bootstrap>", line 241, in _call_with_frames_removed
  File "/opt/airflow/dags/DAG_scraper.py", line 10, in <module>
    from ProcessData.DataProcessor import DataProcessor
  File "/opt/airflow/dags/ProcessData/DataProcessor.py", line 6, in <module>
    from geopy.geocoders import Nominatim
ModuleNotFoundError: No module named 'geopy'
[2025-09-24T09:52:55.260+0000] {processor.py:842} WARNING - No viable dags retrieved from /opt/airflow/dags/DAG_scraper.py
[2025-09-24T09:52:55.274+0000] {processor.py:183} INFO - Processing /opt/airflow/dags/DAG_scraper.py took 0.030 seconds
[2025-09-24T09:53:25.568+0000] {processor.py:161} INFO - Started process (PID=173) to work on /opt/airflow/dags/DAG_scraper.py
[2025-09-24T09:53:25.568+0000] {processor.py:830} INFO - Processing file /opt/airflow/dags/DAG_scraper.py for tasks to queue
[2025-09-24T09:53:25.571+0000] {logging_mixin.py:188} INFO - [2025-09-24T09:53:25.571+0000] {dagbag.py:545} INFO - Filling up the DagBag from /opt/airflow/dags/DAG_scraper.py
[2025-09-24T09:53:25.579+0000] {logging_mixin.py:188} INFO - [2025-09-24T09:53:25.578+0000] {dagbag.py:355} ERROR - Failed to import: /opt/airflow/dags/DAG_scraper.py
Traceback (most recent call last):
  File "/home/airflow/.local/lib/python3.10/site-packages/airflow/models/dagbag.py", line 351, in parse
    loader.exec_module(new_module)
  File "<frozen importlib._bootstrap_external>", line 883, in exec_module
  File "<frozen importlib._bootstrap>", line 241, in _call_with_frames_removed
  File "/opt/airflow/dags/DAG_scraper.py", line 10, in <module>
    from ProcessData.DataProcessor import DataProcessor
  File "/opt/airflow/dags/ProcessData/DataProcessor.py", line 6, in <module>
    from geopy.geocoders import Nominatim
ModuleNotFoundError: No module named 'geopy'
[2025-09-24T09:53:25.580+0000] {processor.py:842} WARNING - No viable dags retrieved from /opt/airflow/dags/DAG_scraper.py
[2025-09-24T09:53:25.596+0000] {processor.py:183} INFO - Processing /opt/airflow/dags/DAG_scraper.py took 0.036 seconds
[2025-09-24T09:53:55.831+0000] {processor.py:161} INFO - Started process (PID=174) to work on /opt/airflow/dags/DAG_scraper.py
[2025-09-24T09:53:55.831+0000] {processor.py:830} INFO - Processing file /opt/airflow/dags/DAG_scraper.py for tasks to queue
[2025-09-24T09:53:55.833+0000] {logging_mixin.py:188} INFO - [2025-09-24T09:53:55.833+0000] {dagbag.py:545} INFO - Filling up the DagBag from /opt/airflow/dags/DAG_scraper.py
[2025-09-24T09:53:55.838+0000] {logging_mixin.py:188} INFO - [2025-09-24T09:53:55.837+0000] {dagbag.py:355} ERROR - Failed to import: /opt/airflow/dags/DAG_scraper.py
Traceback (most recent call last):
  File "/home/airflow/.local/lib/python3.10/site-packages/airflow/models/dagbag.py", line 351, in parse
    loader.exec_module(new_module)
  File "<frozen importlib._bootstrap_external>", line 883, in exec_module
  File "<frozen importlib._bootstrap>", line 241, in _call_with_frames_removed
  File "/opt/airflow/dags/DAG_scraper.py", line 10, in <module>
    from ProcessData.DataProcessor import DataProcessor
  File "/opt/airflow/dags/ProcessData/DataProcessor.py", line 6, in <module>
    from geopy.geocoders import Nominatim
ModuleNotFoundError: No module named 'geopy'
[2025-09-24T09:53:55.838+0000] {processor.py:842} WARNING - No viable dags retrieved from /opt/airflow/dags/DAG_scraper.py
[2025-09-24T09:53:55.852+0000] {processor.py:183} INFO - Processing /opt/airflow/dags/DAG_scraper.py took 0.028 seconds
[2025-09-24T09:54:26.187+0000] {processor.py:161} INFO - Started process (PID=175) to work on /opt/airflow/dags/DAG_scraper.py
[2025-09-24T09:54:26.188+0000] {processor.py:830} INFO - Processing file /opt/airflow/dags/DAG_scraper.py for tasks to queue
[2025-09-24T09:54:26.190+0000] {logging_mixin.py:188} INFO - [2025-09-24T09:54:26.190+0000] {dagbag.py:545} INFO - Filling up the DagBag from /opt/airflow/dags/DAG_scraper.py
[2025-09-24T09:54:26.197+0000] {logging_mixin.py:188} INFO - [2025-09-24T09:54:26.196+0000] {dagbag.py:355} ERROR - Failed to import: /opt/airflow/dags/DAG_scraper.py
Traceback (most recent call last):
  File "/home/airflow/.local/lib/python3.10/site-packages/airflow/models/dagbag.py", line 351, in parse
    loader.exec_module(new_module)
  File "<frozen importlib._bootstrap_external>", line 883, in exec_module
  File "<frozen importlib._bootstrap>", line 241, in _call_with_frames_removed
  File "/opt/airflow/dags/DAG_scraper.py", line 10, in <module>
    from ProcessData.DataProcessor import DataProcessor
  File "/opt/airflow/dags/ProcessData/DataProcessor.py", line 6, in <module>
    from geopy.geocoders import Nominatim
ModuleNotFoundError: No module named 'geopy'
[2025-09-24T09:54:26.197+0000] {processor.py:842} WARNING - No viable dags retrieved from /opt/airflow/dags/DAG_scraper.py
[2025-09-24T09:54:26.212+0000] {processor.py:183} INFO - Processing /opt/airflow/dags/DAG_scraper.py took 0.034 seconds
[2025-09-24T10:32:19.449+0000] {processor.py:161} INFO - Started process (PID=176) to work on /opt/airflow/dags/DAG_scraper.py
[2025-09-24T10:32:19.451+0000] {processor.py:830} INFO - Processing file /opt/airflow/dags/DAG_scraper.py for tasks to queue
[2025-09-24T10:32:19.452+0000] {logging_mixin.py:188} INFO - [2025-09-24T10:32:19.452+0000] {dagbag.py:545} INFO - Filling up the DagBag from /opt/airflow/dags/DAG_scraper.py
[2025-09-24T10:32:19.455+0000] {logging_mixin.py:188} INFO - [2025-09-24T10:32:19.454+0000] {dagbag.py:355} ERROR - Failed to import: /opt/airflow/dags/DAG_scraper.py
Traceback (most recent call last):
  File "/home/airflow/.local/lib/python3.10/site-packages/airflow/models/dagbag.py", line 351, in parse
    loader.exec_module(new_module)
  File "<frozen importlib._bootstrap_external>", line 883, in exec_module
  File "<frozen importlib._bootstrap>", line 241, in _call_with_frames_removed
  File "/opt/airflow/dags/DAG_scraper.py", line 10, in <module>
    from ProcessData.DataProcessor import DataProcessor
  File "/opt/airflow/dags/ProcessData/DataProcessor.py", line 6, in <module>
    from geopy.geocoders import Nominatim
ModuleNotFoundError: No module named 'geopy'
[2025-09-24T10:32:19.455+0000] {processor.py:842} WARNING - No viable dags retrieved from /opt/airflow/dags/DAG_scraper.py
[2025-09-24T10:32:19.472+0000] {processor.py:183} INFO - Processing /opt/airflow/dags/DAG_scraper.py took 0.030 seconds
[2025-09-24T10:32:49.757+0000] {processor.py:161} INFO - Started process (PID=177) to work on /opt/airflow/dags/DAG_scraper.py
[2025-09-24T10:32:49.759+0000] {processor.py:830} INFO - Processing file /opt/airflow/dags/DAG_scraper.py for tasks to queue
[2025-09-24T10:32:49.761+0000] {logging_mixin.py:188} INFO - [2025-09-24T10:32:49.761+0000] {dagbag.py:545} INFO - Filling up the DagBag from /opt/airflow/dags/DAG_scraper.py
[2025-09-24T10:32:49.771+0000] {logging_mixin.py:188} INFO - [2025-09-24T10:32:49.769+0000] {dagbag.py:355} ERROR - Failed to import: /opt/airflow/dags/DAG_scraper.py
Traceback (most recent call last):
  File "/home/airflow/.local/lib/python3.10/site-packages/airflow/models/dagbag.py", line 351, in parse
    loader.exec_module(new_module)
  File "<frozen importlib._bootstrap_external>", line 883, in exec_module
  File "<frozen importlib._bootstrap>", line 241, in _call_with_frames_removed
  File "/opt/airflow/dags/DAG_scraper.py", line 10, in <module>
    from ProcessData.DataProcessor import DataProcessor
  File "/opt/airflow/dags/ProcessData/DataProcessor.py", line 6, in <module>
    from geopy.geocoders import Nominatim
ModuleNotFoundError: No module named 'geopy'
[2025-09-24T10:32:49.771+0000] {processor.py:842} WARNING - No viable dags retrieved from /opt/airflow/dags/DAG_scraper.py
[2025-09-24T10:32:49.792+0000] {processor.py:183} INFO - Processing /opt/airflow/dags/DAG_scraper.py took 0.042 seconds
[2025-09-24T10:33:20.070+0000] {processor.py:161} INFO - Started process (PID=178) to work on /opt/airflow/dags/DAG_scraper.py
[2025-09-24T10:33:20.072+0000] {processor.py:830} INFO - Processing file /opt/airflow/dags/DAG_scraper.py for tasks to queue
[2025-09-24T10:33:20.076+0000] {logging_mixin.py:188} INFO - [2025-09-24T10:33:20.075+0000] {dagbag.py:545} INFO - Filling up the DagBag from /opt/airflow/dags/DAG_scraper.py
[2025-09-24T10:33:20.085+0000] {logging_mixin.py:188} INFO - [2025-09-24T10:33:20.084+0000] {dagbag.py:355} ERROR - Failed to import: /opt/airflow/dags/DAG_scraper.py
Traceback (most recent call last):
  File "/home/airflow/.local/lib/python3.10/site-packages/airflow/models/dagbag.py", line 351, in parse
    loader.exec_module(new_module)
  File "<frozen importlib._bootstrap_external>", line 883, in exec_module
  File "<frozen importlib._bootstrap>", line 241, in _call_with_frames_removed
  File "/opt/airflow/dags/DAG_scraper.py", line 10, in <module>
    from ProcessData.DataProcessor import DataProcessor
  File "/opt/airflow/dags/ProcessData/DataProcessor.py", line 6, in <module>
    from geopy.geocoders import Nominatim
ModuleNotFoundError: No module named 'geopy'
[2025-09-24T10:33:20.085+0000] {processor.py:842} WARNING - No viable dags retrieved from /opt/airflow/dags/DAG_scraper.py
[2025-09-24T10:33:20.100+0000] {processor.py:183} INFO - Processing /opt/airflow/dags/DAG_scraper.py took 0.040 seconds
[2025-09-24T10:33:50.327+0000] {processor.py:161} INFO - Started process (PID=179) to work on /opt/airflow/dags/DAG_scraper.py
[2025-09-24T10:33:50.329+0000] {processor.py:830} INFO - Processing file /opt/airflow/dags/DAG_scraper.py for tasks to queue
[2025-09-24T10:33:50.331+0000] {logging_mixin.py:188} INFO - [2025-09-24T10:33:50.331+0000] {dagbag.py:545} INFO - Filling up the DagBag from /opt/airflow/dags/DAG_scraper.py
[2025-09-24T10:33:50.340+0000] {logging_mixin.py:188} INFO - [2025-09-24T10:33:50.339+0000] {dagbag.py:355} ERROR - Failed to import: /opt/airflow/dags/DAG_scraper.py
Traceback (most recent call last):
  File "/home/airflow/.local/lib/python3.10/site-packages/airflow/models/dagbag.py", line 351, in parse
    loader.exec_module(new_module)
  File "<frozen importlib._bootstrap_external>", line 883, in exec_module
  File "<frozen importlib._bootstrap>", line 241, in _call_with_frames_removed
  File "/opt/airflow/dags/DAG_scraper.py", line 10, in <module>
    from ProcessData.DataProcessor import DataProcessor
  File "/opt/airflow/dags/ProcessData/DataProcessor.py", line 6, in <module>
    from geopy.geocoders import Nominatim
ModuleNotFoundError: No module named 'geopy'
[2025-09-24T10:33:50.340+0000] {processor.py:842} WARNING - No viable dags retrieved from /opt/airflow/dags/DAG_scraper.py
[2025-09-24T10:33:50.358+0000] {processor.py:183} INFO - Processing /opt/airflow/dags/DAG_scraper.py took 0.040 seconds
[2025-09-24T10:34:20.618+0000] {processor.py:161} INFO - Started process (PID=180) to work on /opt/airflow/dags/DAG_scraper.py
[2025-09-24T10:34:20.620+0000] {processor.py:830} INFO - Processing file /opt/airflow/dags/DAG_scraper.py for tasks to queue
[2025-09-24T10:34:20.622+0000] {logging_mixin.py:188} INFO - [2025-09-24T10:34:20.622+0000] {dagbag.py:545} INFO - Filling up the DagBag from /opt/airflow/dags/DAG_scraper.py
[2025-09-24T10:34:20.629+0000] {logging_mixin.py:188} INFO - [2025-09-24T10:34:20.628+0000] {dagbag.py:355} ERROR - Failed to import: /opt/airflow/dags/DAG_scraper.py
Traceback (most recent call last):
  File "/home/airflow/.local/lib/python3.10/site-packages/airflow/models/dagbag.py", line 351, in parse
    loader.exec_module(new_module)
  File "<frozen importlib._bootstrap_external>", line 883, in exec_module
  File "<frozen importlib._bootstrap>", line 241, in _call_with_frames_removed
  File "/opt/airflow/dags/DAG_scraper.py", line 10, in <module>
    from ProcessData.DataProcessor import DataProcessor
  File "/opt/airflow/dags/ProcessData/DataProcessor.py", line 6, in <module>
    from geopy.geocoders import Nominatim
ModuleNotFoundError: No module named 'geopy'
[2025-09-24T10:34:20.629+0000] {processor.py:842} WARNING - No viable dags retrieved from /opt/airflow/dags/DAG_scraper.py
[2025-09-24T10:34:20.645+0000] {processor.py:183} INFO - Processing /opt/airflow/dags/DAG_scraper.py took 0.034 seconds
[2025-09-24T10:34:50.920+0000] {processor.py:161} INFO - Started process (PID=181) to work on /opt/airflow/dags/DAG_scraper.py
[2025-09-24T10:34:50.921+0000] {processor.py:830} INFO - Processing file /opt/airflow/dags/DAG_scraper.py for tasks to queue
[2025-09-24T10:34:50.923+0000] {logging_mixin.py:188} INFO - [2025-09-24T10:34:50.922+0000] {dagbag.py:545} INFO - Filling up the DagBag from /opt/airflow/dags/DAG_scraper.py
[2025-09-24T10:34:50.929+0000] {logging_mixin.py:188} INFO - [2025-09-24T10:34:50.928+0000] {dagbag.py:355} ERROR - Failed to import: /opt/airflow/dags/DAG_scraper.py
Traceback (most recent call last):
  File "/home/airflow/.local/lib/python3.10/site-packages/airflow/models/dagbag.py", line 351, in parse
    loader.exec_module(new_module)
  File "<frozen importlib._bootstrap_external>", line 883, in exec_module
  File "<frozen importlib._bootstrap>", line 241, in _call_with_frames_removed
  File "/opt/airflow/dags/DAG_scraper.py", line 10, in <module>
    from ProcessData.DataProcessor import DataProcessor
  File "/opt/airflow/dags/ProcessData/DataProcessor.py", line 6, in <module>
    from geopy.geocoders import Nominatim
ModuleNotFoundError: No module named 'geopy'
[2025-09-24T10:34:50.929+0000] {processor.py:842} WARNING - No viable dags retrieved from /opt/airflow/dags/DAG_scraper.py
[2025-09-24T10:34:50.941+0000] {processor.py:183} INFO - Processing /opt/airflow/dags/DAG_scraper.py took 0.027 seconds
[2025-09-24T10:35:21.275+0000] {processor.py:161} INFO - Started process (PID=182) to work on /opt/airflow/dags/DAG_scraper.py
[2025-09-24T10:35:21.277+0000] {processor.py:830} INFO - Processing file /opt/airflow/dags/DAG_scraper.py for tasks to queue
[2025-09-24T10:35:21.281+0000] {logging_mixin.py:188} INFO - [2025-09-24T10:35:21.281+0000] {dagbag.py:545} INFO - Filling up the DagBag from /opt/airflow/dags/DAG_scraper.py
[2025-09-24T10:35:21.292+0000] {logging_mixin.py:188} INFO - [2025-09-24T10:35:21.291+0000] {dagbag.py:355} ERROR - Failed to import: /opt/airflow/dags/DAG_scraper.py
Traceback (most recent call last):
  File "/home/airflow/.local/lib/python3.10/site-packages/airflow/models/dagbag.py", line 351, in parse
    loader.exec_module(new_module)
  File "<frozen importlib._bootstrap_external>", line 883, in exec_module
  File "<frozen importlib._bootstrap>", line 241, in _call_with_frames_removed
  File "/opt/airflow/dags/DAG_scraper.py", line 10, in <module>
    from ProcessData.DataProcessor import DataProcessor
  File "/opt/airflow/dags/ProcessData/DataProcessor.py", line 6, in <module>
    from geopy.geocoders import Nominatim
ModuleNotFoundError: No module named 'geopy'
[2025-09-24T10:35:21.292+0000] {processor.py:842} WARNING - No viable dags retrieved from /opt/airflow/dags/DAG_scraper.py
[2025-09-24T10:35:21.316+0000] {processor.py:183} INFO - Processing /opt/airflow/dags/DAG_scraper.py took 0.054 seconds
[2025-09-24T10:35:51.582+0000] {processor.py:161} INFO - Started process (PID=183) to work on /opt/airflow/dags/DAG_scraper.py
[2025-09-24T10:35:51.583+0000] {processor.py:830} INFO - Processing file /opt/airflow/dags/DAG_scraper.py for tasks to queue
[2025-09-24T10:35:51.586+0000] {logging_mixin.py:188} INFO - [2025-09-24T10:35:51.586+0000] {dagbag.py:545} INFO - Filling up the DagBag from /opt/airflow/dags/DAG_scraper.py
[2025-09-24T10:35:51.595+0000] {logging_mixin.py:188} INFO - [2025-09-24T10:35:51.594+0000] {dagbag.py:355} ERROR - Failed to import: /opt/airflow/dags/DAG_scraper.py
Traceback (most recent call last):
  File "/home/airflow/.local/lib/python3.10/site-packages/airflow/models/dagbag.py", line 351, in parse
    loader.exec_module(new_module)
  File "<frozen importlib._bootstrap_external>", line 883, in exec_module
  File "<frozen importlib._bootstrap>", line 241, in _call_with_frames_removed
  File "/opt/airflow/dags/DAG_scraper.py", line 10, in <module>
    from ProcessData.DataProcessor import DataProcessor
  File "/opt/airflow/dags/ProcessData/DataProcessor.py", line 6, in <module>
    from geopy.geocoders import Nominatim
ModuleNotFoundError: No module named 'geopy'
[2025-09-24T10:35:51.596+0000] {processor.py:842} WARNING - No viable dags retrieved from /opt/airflow/dags/DAG_scraper.py
[2025-09-24T10:35:51.614+0000] {processor.py:183} INFO - Processing /opt/airflow/dags/DAG_scraper.py took 0.042 seconds
[2025-09-24T10:36:21.901+0000] {processor.py:161} INFO - Started process (PID=184) to work on /opt/airflow/dags/DAG_scraper.py
[2025-09-24T10:36:21.902+0000] {processor.py:830} INFO - Processing file /opt/airflow/dags/DAG_scraper.py for tasks to queue
[2025-09-24T10:36:21.905+0000] {logging_mixin.py:188} INFO - [2025-09-24T10:36:21.905+0000] {dagbag.py:545} INFO - Filling up the DagBag from /opt/airflow/dags/DAG_scraper.py
[2025-09-24T10:36:21.911+0000] {logging_mixin.py:188} INFO - [2025-09-24T10:36:21.911+0000] {dagbag.py:355} ERROR - Failed to import: /opt/airflow/dags/DAG_scraper.py
Traceback (most recent call last):
  File "/home/airflow/.local/lib/python3.10/site-packages/airflow/models/dagbag.py", line 351, in parse
    loader.exec_module(new_module)
  File "<frozen importlib._bootstrap_external>", line 883, in exec_module
  File "<frozen importlib._bootstrap>", line 241, in _call_with_frames_removed
  File "/opt/airflow/dags/DAG_scraper.py", line 10, in <module>
    from ProcessData.DataProcessor import DataProcessor
  File "/opt/airflow/dags/ProcessData/DataProcessor.py", line 6, in <module>
    from geopy.geocoders import Nominatim
ModuleNotFoundError: No module named 'geopy'
[2025-09-24T10:36:21.912+0000] {processor.py:842} WARNING - No viable dags retrieved from /opt/airflow/dags/DAG_scraper.py
[2025-09-24T10:36:21.926+0000] {processor.py:183} INFO - Processing /opt/airflow/dags/DAG_scraper.py took 0.034 seconds
[2025-09-24T10:36:52.218+0000] {processor.py:161} INFO - Started process (PID=185) to work on /opt/airflow/dags/DAG_scraper.py
[2025-09-24T10:36:52.219+0000] {processor.py:830} INFO - Processing file /opt/airflow/dags/DAG_scraper.py for tasks to queue
[2025-09-24T10:36:52.222+0000] {logging_mixin.py:188} INFO - [2025-09-24T10:36:52.221+0000] {dagbag.py:545} INFO - Filling up the DagBag from /opt/airflow/dags/DAG_scraper.py
[2025-09-24T10:36:52.228+0000] {logging_mixin.py:188} INFO - [2025-09-24T10:36:52.227+0000] {dagbag.py:355} ERROR - Failed to import: /opt/airflow/dags/DAG_scraper.py
Traceback (most recent call last):
  File "/home/airflow/.local/lib/python3.10/site-packages/airflow/models/dagbag.py", line 351, in parse
    loader.exec_module(new_module)
  File "<frozen importlib._bootstrap_external>", line 883, in exec_module
  File "<frozen importlib._bootstrap>", line 241, in _call_with_frames_removed
  File "/opt/airflow/dags/DAG_scraper.py", line 10, in <module>
    from ProcessData.DataProcessor import DataProcessor
  File "/opt/airflow/dags/ProcessData/DataProcessor.py", line 6, in <module>
    from geopy.geocoders import Nominatim
ModuleNotFoundError: No module named 'geopy'
[2025-09-24T10:36:52.229+0000] {processor.py:842} WARNING - No viable dags retrieved from /opt/airflow/dags/DAG_scraper.py
[2025-09-24T10:36:52.246+0000] {processor.py:183} INFO - Processing /opt/airflow/dags/DAG_scraper.py took 0.037 seconds
[2025-09-24T10:37:22.587+0000] {processor.py:161} INFO - Started process (PID=186) to work on /opt/airflow/dags/DAG_scraper.py
[2025-09-24T10:37:22.589+0000] {processor.py:830} INFO - Processing file /opt/airflow/dags/DAG_scraper.py for tasks to queue
[2025-09-24T10:37:22.595+0000] {logging_mixin.py:188} INFO - [2025-09-24T10:37:22.594+0000] {dagbag.py:545} INFO - Filling up the DagBag from /opt/airflow/dags/DAG_scraper.py
[2025-09-24T10:37:22.604+0000] {logging_mixin.py:188} INFO - [2025-09-24T10:37:22.603+0000] {dagbag.py:355} ERROR - Failed to import: /opt/airflow/dags/DAG_scraper.py
Traceback (most recent call last):
  File "/home/airflow/.local/lib/python3.10/site-packages/airflow/models/dagbag.py", line 351, in parse
    loader.exec_module(new_module)
  File "<frozen importlib._bootstrap_external>", line 883, in exec_module
  File "<frozen importlib._bootstrap>", line 241, in _call_with_frames_removed
  File "/opt/airflow/dags/DAG_scraper.py", line 10, in <module>
    from ProcessData.DataProcessor import DataProcessor
  File "/opt/airflow/dags/ProcessData/DataProcessor.py", line 6, in <module>
    from geopy.geocoders import Nominatim
ModuleNotFoundError: No module named 'geopy'
[2025-09-24T10:37:22.604+0000] {processor.py:842} WARNING - No viable dags retrieved from /opt/airflow/dags/DAG_scraper.py
[2025-09-24T10:37:22.620+0000] {processor.py:183} INFO - Processing /opt/airflow/dags/DAG_scraper.py took 0.042 seconds
[2025-09-24T10:37:52.951+0000] {processor.py:161} INFO - Started process (PID=187) to work on /opt/airflow/dags/DAG_scraper.py
[2025-09-24T10:37:52.954+0000] {processor.py:830} INFO - Processing file /opt/airflow/dags/DAG_scraper.py for tasks to queue
[2025-09-24T10:37:52.960+0000] {logging_mixin.py:188} INFO - [2025-09-24T10:37:52.960+0000] {dagbag.py:545} INFO - Filling up the DagBag from /opt/airflow/dags/DAG_scraper.py
[2025-09-24T10:37:52.969+0000] {logging_mixin.py:188} INFO - [2025-09-24T10:37:52.968+0000] {dagbag.py:355} ERROR - Failed to import: /opt/airflow/dags/DAG_scraper.py
Traceback (most recent call last):
  File "/home/airflow/.local/lib/python3.10/site-packages/airflow/models/dagbag.py", line 351, in parse
    loader.exec_module(new_module)
  File "<frozen importlib._bootstrap_external>", line 883, in exec_module
  File "<frozen importlib._bootstrap>", line 241, in _call_with_frames_removed
  File "/opt/airflow/dags/DAG_scraper.py", line 10, in <module>
    from ProcessData.DataProcessor import DataProcessor
  File "/opt/airflow/dags/ProcessData/DataProcessor.py", line 6, in <module>
    from geopy.geocoders import Nominatim
ModuleNotFoundError: No module named 'geopy'
[2025-09-24T10:37:52.969+0000] {processor.py:842} WARNING - No viable dags retrieved from /opt/airflow/dags/DAG_scraper.py
[2025-09-24T10:37:52.989+0000] {processor.py:183} INFO - Processing /opt/airflow/dags/DAG_scraper.py took 0.048 seconds
[2025-09-24T10:38:23.280+0000] {processor.py:161} INFO - Started process (PID=188) to work on /opt/airflow/dags/DAG_scraper.py
[2025-09-24T10:38:23.281+0000] {processor.py:830} INFO - Processing file /opt/airflow/dags/DAG_scraper.py for tasks to queue
[2025-09-24T10:38:23.284+0000] {logging_mixin.py:188} INFO - [2025-09-24T10:38:23.283+0000] {dagbag.py:545} INFO - Filling up the DagBag from /opt/airflow/dags/DAG_scraper.py
[2025-09-24T10:38:23.290+0000] {logging_mixin.py:188} INFO - [2025-09-24T10:38:23.289+0000] {dagbag.py:355} ERROR - Failed to import: /opt/airflow/dags/DAG_scraper.py
Traceback (most recent call last):
  File "/home/airflow/.local/lib/python3.10/site-packages/airflow/models/dagbag.py", line 351, in parse
    loader.exec_module(new_module)
  File "<frozen importlib._bootstrap_external>", line 883, in exec_module
  File "<frozen importlib._bootstrap>", line 241, in _call_with_frames_removed
  File "/opt/airflow/dags/DAG_scraper.py", line 10, in <module>
    from ProcessData.DataProcessor import DataProcessor
  File "/opt/airflow/dags/ProcessData/DataProcessor.py", line 6, in <module>
    from geopy.geocoders import Nominatim
ModuleNotFoundError: No module named 'geopy'
[2025-09-24T10:38:23.290+0000] {processor.py:842} WARNING - No viable dags retrieved from /opt/airflow/dags/DAG_scraper.py
[2025-09-24T10:38:23.308+0000] {processor.py:183} INFO - Processing /opt/airflow/dags/DAG_scraper.py took 0.050 seconds
[2025-09-24T10:38:53.570+0000] {processor.py:161} INFO - Started process (PID=189) to work on /opt/airflow/dags/DAG_scraper.py
[2025-09-24T10:38:53.571+0000] {processor.py:830} INFO - Processing file /opt/airflow/dags/DAG_scraper.py for tasks to queue
[2025-09-24T10:38:53.574+0000] {logging_mixin.py:188} INFO - [2025-09-24T10:38:53.573+0000] {dagbag.py:545} INFO - Filling up the DagBag from /opt/airflow/dags/DAG_scraper.py
[2025-09-24T10:38:53.580+0000] {logging_mixin.py:188} INFO - [2025-09-24T10:38:53.579+0000] {dagbag.py:355} ERROR - Failed to import: /opt/airflow/dags/DAG_scraper.py
Traceback (most recent call last):
  File "/home/airflow/.local/lib/python3.10/site-packages/airflow/models/dagbag.py", line 351, in parse
    loader.exec_module(new_module)
  File "<frozen importlib._bootstrap_external>", line 883, in exec_module
  File "<frozen importlib._bootstrap>", line 241, in _call_with_frames_removed
  File "/opt/airflow/dags/DAG_scraper.py", line 10, in <module>
    from ProcessData.DataProcessor import DataProcessor
  File "/opt/airflow/dags/ProcessData/DataProcessor.py", line 6, in <module>
    from geopy.geocoders import Nominatim
ModuleNotFoundError: No module named 'geopy'
[2025-09-24T10:38:53.580+0000] {processor.py:842} WARNING - No viable dags retrieved from /opt/airflow/dags/DAG_scraper.py
[2025-09-24T10:38:53.615+0000] {processor.py:183} INFO - Processing /opt/airflow/dags/DAG_scraper.py took 0.052 seconds
[2025-09-24T10:39:23.908+0000] {processor.py:161} INFO - Started process (PID=190) to work on /opt/airflow/dags/DAG_scraper.py
[2025-09-24T10:39:23.910+0000] {processor.py:830} INFO - Processing file /opt/airflow/dags/DAG_scraper.py for tasks to queue
[2025-09-24T10:39:23.914+0000] {logging_mixin.py:188} INFO - [2025-09-24T10:39:23.913+0000] {dagbag.py:545} INFO - Filling up the DagBag from /opt/airflow/dags/DAG_scraper.py
[2025-09-24T10:39:23.920+0000] {logging_mixin.py:188} INFO - [2025-09-24T10:39:23.920+0000] {dagbag.py:355} ERROR - Failed to import: /opt/airflow/dags/DAG_scraper.py
Traceback (most recent call last):
  File "/home/airflow/.local/lib/python3.10/site-packages/airflow/models/dagbag.py", line 351, in parse
    loader.exec_module(new_module)
  File "<frozen importlib._bootstrap_external>", line 883, in exec_module
  File "<frozen importlib._bootstrap>", line 241, in _call_with_frames_removed
  File "/opt/airflow/dags/DAG_scraper.py", line 10, in <module>
    from ProcessData.DataProcessor import DataProcessor
  File "/opt/airflow/dags/ProcessData/DataProcessor.py", line 6, in <module>
    from geopy.geocoders import Nominatim
ModuleNotFoundError: No module named 'geopy'
[2025-09-24T10:39:23.921+0000] {processor.py:842} WARNING - No viable dags retrieved from /opt/airflow/dags/DAG_scraper.py
[2025-09-24T10:39:23.937+0000] {processor.py:183} INFO - Processing /opt/airflow/dags/DAG_scraper.py took 0.038 seconds
[2025-09-24T10:39:54.192+0000] {processor.py:161} INFO - Started process (PID=191) to work on /opt/airflow/dags/DAG_scraper.py
[2025-09-24T10:39:54.193+0000] {processor.py:830} INFO - Processing file /opt/airflow/dags/DAG_scraper.py for tasks to queue
[2025-09-24T10:39:54.194+0000] {logging_mixin.py:188} INFO - [2025-09-24T10:39:54.194+0000] {dagbag.py:545} INFO - Filling up the DagBag from /opt/airflow/dags/DAG_scraper.py
[2025-09-24T10:39:54.198+0000] {logging_mixin.py:188} INFO - [2025-09-24T10:39:54.198+0000] {dagbag.py:355} ERROR - Failed to import: /opt/airflow/dags/DAG_scraper.py
Traceback (most recent call last):
  File "/home/airflow/.local/lib/python3.10/site-packages/airflow/models/dagbag.py", line 351, in parse
    loader.exec_module(new_module)
  File "<frozen importlib._bootstrap_external>", line 883, in exec_module
  File "<frozen importlib._bootstrap>", line 241, in _call_with_frames_removed
  File "/opt/airflow/dags/DAG_scraper.py", line 10, in <module>
    from ProcessData.DataProcessor import DataProcessor
  File "/opt/airflow/dags/ProcessData/DataProcessor.py", line 6, in <module>
    from geopy.geocoders import Nominatim
ModuleNotFoundError: No module named 'geopy'
[2025-09-24T10:39:54.199+0000] {processor.py:842} WARNING - No viable dags retrieved from /opt/airflow/dags/DAG_scraper.py
[2025-09-24T10:39:54.210+0000] {processor.py:183} INFO - Processing /opt/airflow/dags/DAG_scraper.py took 0.023 seconds
[2025-09-24T10:40:24.485+0000] {processor.py:161} INFO - Started process (PID=192) to work on /opt/airflow/dags/DAG_scraper.py
[2025-09-24T10:40:24.486+0000] {processor.py:830} INFO - Processing file /opt/airflow/dags/DAG_scraper.py for tasks to queue
[2025-09-24T10:40:24.488+0000] {logging_mixin.py:188} INFO - [2025-09-24T10:40:24.488+0000] {dagbag.py:545} INFO - Filling up the DagBag from /opt/airflow/dags/DAG_scraper.py
[2025-09-24T10:40:24.494+0000] {logging_mixin.py:188} INFO - [2025-09-24T10:40:24.494+0000] {dagbag.py:355} ERROR - Failed to import: /opt/airflow/dags/DAG_scraper.py
Traceback (most recent call last):
  File "/home/airflow/.local/lib/python3.10/site-packages/airflow/models/dagbag.py", line 351, in parse
    loader.exec_module(new_module)
  File "<frozen importlib._bootstrap_external>", line 883, in exec_module
  File "<frozen importlib._bootstrap>", line 241, in _call_with_frames_removed
  File "/opt/airflow/dags/DAG_scraper.py", line 10, in <module>
    from ProcessData.DataProcessor import DataProcessor
  File "/opt/airflow/dags/ProcessData/DataProcessor.py", line 6, in <module>
    from geopy.geocoders import Nominatim
ModuleNotFoundError: No module named 'geopy'
[2025-09-24T10:40:24.495+0000] {processor.py:842} WARNING - No viable dags retrieved from /opt/airflow/dags/DAG_scraper.py
[2025-09-24T10:40:24.512+0000] {processor.py:183} INFO - Processing /opt/airflow/dags/DAG_scraper.py took 0.035 seconds
[2025-09-24T10:40:54.760+0000] {processor.py:161} INFO - Started process (PID=193) to work on /opt/airflow/dags/DAG_scraper.py
[2025-09-24T10:40:54.762+0000] {processor.py:830} INFO - Processing file /opt/airflow/dags/DAG_scraper.py for tasks to queue
[2025-09-24T10:40:54.765+0000] {logging_mixin.py:188} INFO - [2025-09-24T10:40:54.764+0000] {dagbag.py:545} INFO - Filling up the DagBag from /opt/airflow/dags/DAG_scraper.py
[2025-09-24T10:40:54.773+0000] {logging_mixin.py:188} INFO - [2025-09-24T10:40:54.772+0000] {dagbag.py:355} ERROR - Failed to import: /opt/airflow/dags/DAG_scraper.py
Traceback (most recent call last):
  File "/home/airflow/.local/lib/python3.10/site-packages/airflow/models/dagbag.py", line 351, in parse
    loader.exec_module(new_module)
  File "<frozen importlib._bootstrap_external>", line 883, in exec_module
  File "<frozen importlib._bootstrap>", line 241, in _call_with_frames_removed
  File "/opt/airflow/dags/DAG_scraper.py", line 10, in <module>
    from ProcessData.DataProcessor import DataProcessor
  File "/opt/airflow/dags/ProcessData/DataProcessor.py", line 6, in <module>
    from geopy.geocoders import Nominatim
ModuleNotFoundError: No module named 'geopy'
[2025-09-24T10:40:54.773+0000] {processor.py:842} WARNING - No viable dags retrieved from /opt/airflow/dags/DAG_scraper.py
[2025-09-24T10:40:54.790+0000] {processor.py:183} INFO - Processing /opt/airflow/dags/DAG_scraper.py took 0.042 seconds
[2025-09-24T10:41:25.063+0000] {processor.py:161} INFO - Started process (PID=194) to work on /opt/airflow/dags/DAG_scraper.py
[2025-09-24T10:41:25.064+0000] {processor.py:830} INFO - Processing file /opt/airflow/dags/DAG_scraper.py for tasks to queue
[2025-09-24T10:41:25.066+0000] {logging_mixin.py:188} INFO - [2025-09-24T10:41:25.066+0000] {dagbag.py:545} INFO - Filling up the DagBag from /opt/airflow/dags/DAG_scraper.py
[2025-09-24T10:41:25.072+0000] {logging_mixin.py:188} INFO - [2025-09-24T10:41:25.072+0000] {dagbag.py:355} ERROR - Failed to import: /opt/airflow/dags/DAG_scraper.py
Traceback (most recent call last):
  File "/home/airflow/.local/lib/python3.10/site-packages/airflow/models/dagbag.py", line 351, in parse
    loader.exec_module(new_module)
  File "<frozen importlib._bootstrap_external>", line 883, in exec_module
  File "<frozen importlib._bootstrap>", line 241, in _call_with_frames_removed
  File "/opt/airflow/dags/DAG_scraper.py", line 10, in <module>
    from ProcessData.DataProcessor import DataProcessor
  File "/opt/airflow/dags/ProcessData/DataProcessor.py", line 6, in <module>
    from geopy.geocoders import Nominatim
ModuleNotFoundError: No module named 'geopy'
[2025-09-24T10:41:25.073+0000] {processor.py:842} WARNING - No viable dags retrieved from /opt/airflow/dags/DAG_scraper.py
[2025-09-24T10:41:25.088+0000] {processor.py:183} INFO - Processing /opt/airflow/dags/DAG_scraper.py took 0.032 seconds
[2025-09-24T10:41:55.350+0000] {processor.py:161} INFO - Started process (PID=195) to work on /opt/airflow/dags/DAG_scraper.py
[2025-09-24T10:41:55.354+0000] {processor.py:830} INFO - Processing file /opt/airflow/dags/DAG_scraper.py for tasks to queue
[2025-09-24T10:41:55.359+0000] {logging_mixin.py:188} INFO - [2025-09-24T10:41:55.358+0000] {dagbag.py:545} INFO - Filling up the DagBag from /opt/airflow/dags/DAG_scraper.py
[2025-09-24T10:41:55.373+0000] {logging_mixin.py:188} INFO - [2025-09-24T10:41:55.371+0000] {dagbag.py:355} ERROR - Failed to import: /opt/airflow/dags/DAG_scraper.py
Traceback (most recent call last):
  File "/home/airflow/.local/lib/python3.10/site-packages/airflow/models/dagbag.py", line 351, in parse
    loader.exec_module(new_module)
  File "<frozen importlib._bootstrap_external>", line 883, in exec_module
  File "<frozen importlib._bootstrap>", line 241, in _call_with_frames_removed
  File "/opt/airflow/dags/DAG_scraper.py", line 10, in <module>
    from ProcessData.DataProcessor import DataProcessor
  File "/opt/airflow/dags/ProcessData/DataProcessor.py", line 6, in <module>
    from geopy.geocoders import Nominatim
ModuleNotFoundError: No module named 'geopy'
[2025-09-24T10:41:55.373+0000] {processor.py:842} WARNING - No viable dags retrieved from /opt/airflow/dags/DAG_scraper.py
[2025-09-24T10:41:55.395+0000] {processor.py:183} INFO - Processing /opt/airflow/dags/DAG_scraper.py took 0.056 seconds
[2025-09-24T10:42:25.652+0000] {processor.py:161} INFO - Started process (PID=196) to work on /opt/airflow/dags/DAG_scraper.py
[2025-09-24T10:42:25.654+0000] {processor.py:830} INFO - Processing file /opt/airflow/dags/DAG_scraper.py for tasks to queue
[2025-09-24T10:42:25.658+0000] {logging_mixin.py:188} INFO - [2025-09-24T10:42:25.657+0000] {dagbag.py:545} INFO - Filling up the DagBag from /opt/airflow/dags/DAG_scraper.py
[2025-09-24T10:42:25.667+0000] {logging_mixin.py:188} INFO - [2025-09-24T10:42:25.666+0000] {dagbag.py:355} ERROR - Failed to import: /opt/airflow/dags/DAG_scraper.py
Traceback (most recent call last):
  File "/home/airflow/.local/lib/python3.10/site-packages/airflow/models/dagbag.py", line 351, in parse
    loader.exec_module(new_module)
  File "<frozen importlib._bootstrap_external>", line 883, in exec_module
  File "<frozen importlib._bootstrap>", line 241, in _call_with_frames_removed
  File "/opt/airflow/dags/DAG_scraper.py", line 10, in <module>
    from ProcessData.DataProcessor import DataProcessor
  File "/opt/airflow/dags/ProcessData/DataProcessor.py", line 6, in <module>
    from geopy.geocoders import Nominatim
ModuleNotFoundError: No module named 'geopy'
[2025-09-24T10:42:25.667+0000] {processor.py:842} WARNING - No viable dags retrieved from /opt/airflow/dags/DAG_scraper.py
[2025-09-24T10:42:25.683+0000] {processor.py:183} INFO - Processing /opt/airflow/dags/DAG_scraper.py took 0.042 seconds
[2025-09-24T10:42:55.924+0000] {processor.py:161} INFO - Started process (PID=197) to work on /opt/airflow/dags/DAG_scraper.py
[2025-09-24T10:42:55.925+0000] {processor.py:830} INFO - Processing file /opt/airflow/dags/DAG_scraper.py for tasks to queue
[2025-09-24T10:42:55.928+0000] {logging_mixin.py:188} INFO - [2025-09-24T10:42:55.928+0000] {dagbag.py:545} INFO - Filling up the DagBag from /opt/airflow/dags/DAG_scraper.py
[2025-09-24T10:42:55.936+0000] {logging_mixin.py:188} INFO - [2025-09-24T10:42:55.936+0000] {dagbag.py:355} ERROR - Failed to import: /opt/airflow/dags/DAG_scraper.py
Traceback (most recent call last):
  File "/home/airflow/.local/lib/python3.10/site-packages/airflow/models/dagbag.py", line 351, in parse
    loader.exec_module(new_module)
  File "<frozen importlib._bootstrap_external>", line 883, in exec_module
  File "<frozen importlib._bootstrap>", line 241, in _call_with_frames_removed
  File "/opt/airflow/dags/DAG_scraper.py", line 10, in <module>
    from ProcessData.DataProcessor import DataProcessor
  File "/opt/airflow/dags/ProcessData/DataProcessor.py", line 6, in <module>
    from geopy.geocoders import Nominatim
ModuleNotFoundError: No module named 'geopy'
[2025-09-24T10:42:55.937+0000] {processor.py:842} WARNING - No viable dags retrieved from /opt/airflow/dags/DAG_scraper.py
[2025-09-24T10:42:55.954+0000] {processor.py:183} INFO - Processing /opt/airflow/dags/DAG_scraper.py took 0.039 seconds
[2025-09-24T10:43:26.229+0000] {processor.py:161} INFO - Started process (PID=198) to work on /opt/airflow/dags/DAG_scraper.py
[2025-09-24T10:43:26.230+0000] {processor.py:830} INFO - Processing file /opt/airflow/dags/DAG_scraper.py for tasks to queue
[2025-09-24T10:43:26.232+0000] {logging_mixin.py:188} INFO - [2025-09-24T10:43:26.232+0000] {dagbag.py:545} INFO - Filling up the DagBag from /opt/airflow/dags/DAG_scraper.py
[2025-09-24T10:43:26.239+0000] {logging_mixin.py:188} INFO - [2025-09-24T10:43:26.238+0000] {dagbag.py:355} ERROR - Failed to import: /opt/airflow/dags/DAG_scraper.py
Traceback (most recent call last):
  File "/home/airflow/.local/lib/python3.10/site-packages/airflow/models/dagbag.py", line 351, in parse
    loader.exec_module(new_module)
  File "<frozen importlib._bootstrap_external>", line 883, in exec_module
  File "<frozen importlib._bootstrap>", line 241, in _call_with_frames_removed
  File "/opt/airflow/dags/DAG_scraper.py", line 10, in <module>
    from ProcessData.DataProcessor import DataProcessor
  File "/opt/airflow/dags/ProcessData/DataProcessor.py", line 6, in <module>
    from geopy.geocoders import Nominatim
ModuleNotFoundError: No module named 'geopy'
[2025-09-24T10:43:26.239+0000] {processor.py:842} WARNING - No viable dags retrieved from /opt/airflow/dags/DAG_scraper.py
[2025-09-24T10:43:26.268+0000] {processor.py:183} INFO - Processing /opt/airflow/dags/DAG_scraper.py took 0.046 seconds
[2025-09-24T10:43:56.511+0000] {processor.py:161} INFO - Started process (PID=199) to work on /opt/airflow/dags/DAG_scraper.py
[2025-09-24T10:43:56.513+0000] {processor.py:830} INFO - Processing file /opt/airflow/dags/DAG_scraper.py for tasks to queue
[2025-09-24T10:43:56.515+0000] {logging_mixin.py:188} INFO - [2025-09-24T10:43:56.514+0000] {dagbag.py:545} INFO - Filling up the DagBag from /opt/airflow/dags/DAG_scraper.py
[2025-09-24T10:43:56.521+0000] {logging_mixin.py:188} INFO - [2025-09-24T10:43:56.520+0000] {dagbag.py:355} ERROR - Failed to import: /opt/airflow/dags/DAG_scraper.py
Traceback (most recent call last):
  File "/home/airflow/.local/lib/python3.10/site-packages/airflow/models/dagbag.py", line 351, in parse
    loader.exec_module(new_module)
  File "<frozen importlib._bootstrap_external>", line 883, in exec_module
  File "<frozen importlib._bootstrap>", line 241, in _call_with_frames_removed
  File "/opt/airflow/dags/DAG_scraper.py", line 10, in <module>
    from ProcessData.DataProcessor import DataProcessor
  File "/opt/airflow/dags/ProcessData/DataProcessor.py", line 6, in <module>
    from geopy.geocoders import Nominatim
ModuleNotFoundError: No module named 'geopy'
[2025-09-24T10:43:56.521+0000] {processor.py:842} WARNING - No viable dags retrieved from /opt/airflow/dags/DAG_scraper.py
[2025-09-24T10:43:56.538+0000] {processor.py:183} INFO - Processing /opt/airflow/dags/DAG_scraper.py took 0.034 seconds
[2025-09-24T10:44:26.876+0000] {processor.py:161} INFO - Started process (PID=200) to work on /opt/airflow/dags/DAG_scraper.py
[2025-09-24T10:44:26.879+0000] {processor.py:830} INFO - Processing file /opt/airflow/dags/DAG_scraper.py for tasks to queue
[2025-09-24T10:44:26.883+0000] {logging_mixin.py:188} INFO - [2025-09-24T10:44:26.883+0000] {dagbag.py:545} INFO - Filling up the DagBag from /opt/airflow/dags/DAG_scraper.py
[2025-09-24T10:44:26.894+0000] {logging_mixin.py:188} INFO - [2025-09-24T10:44:26.893+0000] {dagbag.py:355} ERROR - Failed to import: /opt/airflow/dags/DAG_scraper.py
Traceback (most recent call last):
  File "/home/airflow/.local/lib/python3.10/site-packages/airflow/models/dagbag.py", line 351, in parse
    loader.exec_module(new_module)
  File "<frozen importlib._bootstrap_external>", line 883, in exec_module
  File "<frozen importlib._bootstrap>", line 241, in _call_with_frames_removed
  File "/opt/airflow/dags/DAG_scraper.py", line 10, in <module>
    from ProcessData.DataProcessor import DataProcessor
  File "/opt/airflow/dags/ProcessData/DataProcessor.py", line 6, in <module>
    from geopy.geocoders import Nominatim
ModuleNotFoundError: No module named 'geopy'
[2025-09-24T10:44:26.894+0000] {processor.py:842} WARNING - No viable dags retrieved from /opt/airflow/dags/DAG_scraper.py
[2025-09-24T10:44:26.912+0000] {processor.py:183} INFO - Processing /opt/airflow/dags/DAG_scraper.py took 0.046 seconds
[2025-09-24T10:44:57.212+0000] {processor.py:161} INFO - Started process (PID=201) to work on /opt/airflow/dags/DAG_scraper.py
[2025-09-24T10:44:57.213+0000] {processor.py:830} INFO - Processing file /opt/airflow/dags/DAG_scraper.py for tasks to queue
[2025-09-24T10:44:57.225+0000] {logging_mixin.py:188} INFO - [2025-09-24T10:44:57.224+0000] {dagbag.py:545} INFO - Filling up the DagBag from /opt/airflow/dags/DAG_scraper.py
[2025-09-24T10:44:57.244+0000] {logging_mixin.py:188} INFO - [2025-09-24T10:44:57.243+0000] {dagbag.py:355} ERROR - Failed to import: /opt/airflow/dags/DAG_scraper.py
Traceback (most recent call last):
  File "/home/airflow/.local/lib/python3.10/site-packages/airflow/models/dagbag.py", line 351, in parse
    loader.exec_module(new_module)
  File "<frozen importlib._bootstrap_external>", line 883, in exec_module
  File "<frozen importlib._bootstrap>", line 241, in _call_with_frames_removed
  File "/opt/airflow/dags/DAG_scraper.py", line 10, in <module>
    from ProcessData.DataProcessor import DataProcessor
  File "/opt/airflow/dags/ProcessData/DataProcessor.py", line 6, in <module>
    from geopy.geocoders import Nominatim
ModuleNotFoundError: No module named 'geopy'
[2025-09-24T10:44:57.245+0000] {processor.py:842} WARNING - No viable dags retrieved from /opt/airflow/dags/DAG_scraper.py
[2025-09-24T10:44:57.262+0000] {processor.py:183} INFO - Processing /opt/airflow/dags/DAG_scraper.py took 0.064 seconds
[2025-09-24T10:45:27.527+0000] {processor.py:161} INFO - Started process (PID=202) to work on /opt/airflow/dags/DAG_scraper.py
[2025-09-24T10:45:27.528+0000] {processor.py:830} INFO - Processing file /opt/airflow/dags/DAG_scraper.py for tasks to queue
[2025-09-24T10:45:27.530+0000] {logging_mixin.py:188} INFO - [2025-09-24T10:45:27.530+0000] {dagbag.py:545} INFO - Filling up the DagBag from /opt/airflow/dags/DAG_scraper.py
[2025-09-24T10:45:27.542+0000] {logging_mixin.py:188} INFO - [2025-09-24T10:45:27.541+0000] {dagbag.py:355} ERROR - Failed to import: /opt/airflow/dags/DAG_scraper.py
Traceback (most recent call last):
  File "/home/airflow/.local/lib/python3.10/site-packages/airflow/models/dagbag.py", line 351, in parse
    loader.exec_module(new_module)
  File "<frozen importlib._bootstrap_external>", line 883, in exec_module
  File "<frozen importlib._bootstrap>", line 241, in _call_with_frames_removed
  File "/opt/airflow/dags/DAG_scraper.py", line 10, in <module>
    from ProcessData.DataProcessor import DataProcessor
  File "/opt/airflow/dags/ProcessData/DataProcessor.py", line 6, in <module>
    from geopy.geocoders import Nominatim
ModuleNotFoundError: No module named 'geopy'
[2025-09-24T10:45:27.542+0000] {processor.py:842} WARNING - No viable dags retrieved from /opt/airflow/dags/DAG_scraper.py
[2025-09-24T10:45:27.564+0000] {processor.py:183} INFO - Processing /opt/airflow/dags/DAG_scraper.py took 0.045 seconds
[2025-09-24T10:45:57.831+0000] {processor.py:161} INFO - Started process (PID=203) to work on /opt/airflow/dags/DAG_scraper.py
[2025-09-24T10:45:57.832+0000] {processor.py:830} INFO - Processing file /opt/airflow/dags/DAG_scraper.py for tasks to queue
[2025-09-24T10:45:57.834+0000] {logging_mixin.py:188} INFO - [2025-09-24T10:45:57.833+0000] {dagbag.py:545} INFO - Filling up the DagBag from /opt/airflow/dags/DAG_scraper.py
[2025-09-24T10:45:57.840+0000] {logging_mixin.py:188} INFO - [2025-09-24T10:45:57.838+0000] {dagbag.py:355} ERROR - Failed to import: /opt/airflow/dags/DAG_scraper.py
Traceback (most recent call last):
  File "/home/airflow/.local/lib/python3.10/site-packages/airflow/models/dagbag.py", line 351, in parse
    loader.exec_module(new_module)
  File "<frozen importlib._bootstrap_external>", line 883, in exec_module
  File "<frozen importlib._bootstrap>", line 241, in _call_with_frames_removed
  File "/opt/airflow/dags/DAG_scraper.py", line 10, in <module>
    from ProcessData.DataProcessor import DataProcessor
  File "/opt/airflow/dags/ProcessData/DataProcessor.py", line 6, in <module>
    from geopy.geocoders import Nominatim
ModuleNotFoundError: No module named 'geopy'
[2025-09-24T10:45:57.840+0000] {processor.py:842} WARNING - No viable dags retrieved from /opt/airflow/dags/DAG_scraper.py
[2025-09-24T10:45:57.855+0000] {processor.py:183} INFO - Processing /opt/airflow/dags/DAG_scraper.py took 0.033 seconds
[2025-09-24T10:46:28.167+0000] {processor.py:161} INFO - Started process (PID=204) to work on /opt/airflow/dags/DAG_scraper.py
[2025-09-24T10:46:28.169+0000] {processor.py:830} INFO - Processing file /opt/airflow/dags/DAG_scraper.py for tasks to queue
[2025-09-24T10:46:28.171+0000] {logging_mixin.py:188} INFO - [2025-09-24T10:46:28.171+0000] {dagbag.py:545} INFO - Filling up the DagBag from /opt/airflow/dags/DAG_scraper.py
[2025-09-24T10:46:28.178+0000] {logging_mixin.py:188} INFO - [2025-09-24T10:46:28.177+0000] {dagbag.py:355} ERROR - Failed to import: /opt/airflow/dags/DAG_scraper.py
Traceback (most recent call last):
  File "/home/airflow/.local/lib/python3.10/site-packages/airflow/models/dagbag.py", line 351, in parse
    loader.exec_module(new_module)
  File "<frozen importlib._bootstrap_external>", line 883, in exec_module
  File "<frozen importlib._bootstrap>", line 241, in _call_with_frames_removed
  File "/opt/airflow/dags/DAG_scraper.py", line 10, in <module>
    from ProcessData.DataProcessor import DataProcessor
  File "/opt/airflow/dags/ProcessData/DataProcessor.py", line 6, in <module>
    from geopy.geocoders import Nominatim
ModuleNotFoundError: No module named 'geopy'
[2025-09-24T10:46:28.178+0000] {processor.py:842} WARNING - No viable dags retrieved from /opt/airflow/dags/DAG_scraper.py
[2025-09-24T10:46:28.197+0000] {processor.py:183} INFO - Processing /opt/airflow/dags/DAG_scraper.py took 0.036 seconds
[2025-09-24T10:46:58.486+0000] {processor.py:161} INFO - Started process (PID=205) to work on /opt/airflow/dags/DAG_scraper.py
[2025-09-24T10:46:58.488+0000] {processor.py:830} INFO - Processing file /opt/airflow/dags/DAG_scraper.py for tasks to queue
[2025-09-24T10:46:58.490+0000] {logging_mixin.py:188} INFO - [2025-09-24T10:46:58.490+0000] {dagbag.py:545} INFO - Filling up the DagBag from /opt/airflow/dags/DAG_scraper.py
[2025-09-24T10:46:58.497+0000] {logging_mixin.py:188} INFO - [2025-09-24T10:46:58.496+0000] {dagbag.py:355} ERROR - Failed to import: /opt/airflow/dags/DAG_scraper.py
Traceback (most recent call last):
  File "/home/airflow/.local/lib/python3.10/site-packages/airflow/models/dagbag.py", line 351, in parse
    loader.exec_module(new_module)
  File "<frozen importlib._bootstrap_external>", line 883, in exec_module
  File "<frozen importlib._bootstrap>", line 241, in _call_with_frames_removed
  File "/opt/airflow/dags/DAG_scraper.py", line 10, in <module>
    from ProcessData.DataProcessor import DataProcessor
  File "/opt/airflow/dags/ProcessData/DataProcessor.py", line 6, in <module>
    from geopy.geocoders import Nominatim
ModuleNotFoundError: No module named 'geopy'
[2025-09-24T10:46:58.497+0000] {processor.py:842} WARNING - No viable dags retrieved from /opt/airflow/dags/DAG_scraper.py
[2025-09-24T10:46:58.515+0000] {processor.py:183} INFO - Processing /opt/airflow/dags/DAG_scraper.py took 0.037 seconds
[2025-09-24T10:47:28.832+0000] {processor.py:161} INFO - Started process (PID=206) to work on /opt/airflow/dags/DAG_scraper.py
[2025-09-24T10:47:28.833+0000] {processor.py:830} INFO - Processing file /opt/airflow/dags/DAG_scraper.py for tasks to queue
[2025-09-24T10:47:28.835+0000] {logging_mixin.py:188} INFO - [2025-09-24T10:47:28.835+0000] {dagbag.py:545} INFO - Filling up the DagBag from /opt/airflow/dags/DAG_scraper.py
[2025-09-24T10:47:28.842+0000] {logging_mixin.py:188} INFO - [2025-09-24T10:47:28.842+0000] {dagbag.py:355} ERROR - Failed to import: /opt/airflow/dags/DAG_scraper.py
Traceback (most recent call last):
  File "/home/airflow/.local/lib/python3.10/site-packages/airflow/models/dagbag.py", line 351, in parse
    loader.exec_module(new_module)
  File "<frozen importlib._bootstrap_external>", line 883, in exec_module
  File "<frozen importlib._bootstrap>", line 241, in _call_with_frames_removed
  File "/opt/airflow/dags/DAG_scraper.py", line 10, in <module>
    from ProcessData.DataProcessor import DataProcessor
  File "/opt/airflow/dags/ProcessData/DataProcessor.py", line 6, in <module>
    from geopy.geocoders import Nominatim
ModuleNotFoundError: No module named 'geopy'
[2025-09-24T10:47:28.843+0000] {processor.py:842} WARNING - No viable dags retrieved from /opt/airflow/dags/DAG_scraper.py
[2025-09-24T10:47:28.865+0000] {processor.py:183} INFO - Processing /opt/airflow/dags/DAG_scraper.py took 0.040 seconds
[2025-09-24T10:47:59.175+0000] {processor.py:161} INFO - Started process (PID=207) to work on /opt/airflow/dags/DAG_scraper.py
[2025-09-24T10:47:59.179+0000] {processor.py:830} INFO - Processing file /opt/airflow/dags/DAG_scraper.py for tasks to queue
[2025-09-24T10:47:59.192+0000] {logging_mixin.py:188} INFO - [2025-09-24T10:47:59.190+0000] {dagbag.py:545} INFO - Filling up the DagBag from /opt/airflow/dags/DAG_scraper.py
[2025-09-24T10:47:59.207+0000] {logging_mixin.py:188} INFO - [2025-09-24T10:47:59.206+0000] {dagbag.py:355} ERROR - Failed to import: /opt/airflow/dags/DAG_scraper.py
Traceback (most recent call last):
  File "/home/airflow/.local/lib/python3.10/site-packages/airflow/models/dagbag.py", line 351, in parse
    loader.exec_module(new_module)
  File "<frozen importlib._bootstrap_external>", line 883, in exec_module
  File "<frozen importlib._bootstrap>", line 241, in _call_with_frames_removed
  File "/opt/airflow/dags/DAG_scraper.py", line 10, in <module>
    from ProcessData.DataProcessor import DataProcessor
  File "/opt/airflow/dags/ProcessData/DataProcessor.py", line 6, in <module>
    from geopy.geocoders import Nominatim
ModuleNotFoundError: No module named 'geopy'
[2025-09-24T10:47:59.207+0000] {processor.py:842} WARNING - No viable dags retrieved from /opt/airflow/dags/DAG_scraper.py
[2025-09-24T10:47:59.229+0000] {processor.py:183} INFO - Processing /opt/airflow/dags/DAG_scraper.py took 0.068 seconds
[2025-09-24T10:48:29.475+0000] {processor.py:161} INFO - Started process (PID=208) to work on /opt/airflow/dags/DAG_scraper.py
[2025-09-24T10:48:29.477+0000] {processor.py:830} INFO - Processing file /opt/airflow/dags/DAG_scraper.py for tasks to queue
[2025-09-24T10:48:29.480+0000] {logging_mixin.py:188} INFO - [2025-09-24T10:48:29.479+0000] {dagbag.py:545} INFO - Filling up the DagBag from /opt/airflow/dags/DAG_scraper.py
[2025-09-24T10:48:29.488+0000] {logging_mixin.py:188} INFO - [2025-09-24T10:48:29.487+0000] {dagbag.py:355} ERROR - Failed to import: /opt/airflow/dags/DAG_scraper.py
Traceback (most recent call last):
  File "/home/airflow/.local/lib/python3.10/site-packages/airflow/models/dagbag.py", line 351, in parse
    loader.exec_module(new_module)
  File "<frozen importlib._bootstrap_external>", line 883, in exec_module
  File "<frozen importlib._bootstrap>", line 241, in _call_with_frames_removed
  File "/opt/airflow/dags/DAG_scraper.py", line 10, in <module>
    from ProcessData.DataProcessor import DataProcessor
  File "/opt/airflow/dags/ProcessData/DataProcessor.py", line 6, in <module>
    from geopy.geocoders import Nominatim
ModuleNotFoundError: No module named 'geopy'
[2025-09-24T10:48:29.489+0000] {processor.py:842} WARNING - No viable dags retrieved from /opt/airflow/dags/DAG_scraper.py
[2025-09-24T10:48:29.509+0000] {processor.py:183} INFO - Processing /opt/airflow/dags/DAG_scraper.py took 0.044 seconds
[2025-09-24T10:48:59.794+0000] {processor.py:161} INFO - Started process (PID=209) to work on /opt/airflow/dags/DAG_scraper.py
[2025-09-24T10:48:59.796+0000] {processor.py:830} INFO - Processing file /opt/airflow/dags/DAG_scraper.py for tasks to queue
[2025-09-24T10:48:59.799+0000] {logging_mixin.py:188} INFO - [2025-09-24T10:48:59.798+0000] {dagbag.py:545} INFO - Filling up the DagBag from /opt/airflow/dags/DAG_scraper.py
[2025-09-24T10:48:59.806+0000] {logging_mixin.py:188} INFO - [2025-09-24T10:48:59.805+0000] {dagbag.py:355} ERROR - Failed to import: /opt/airflow/dags/DAG_scraper.py
Traceback (most recent call last):
  File "/home/airflow/.local/lib/python3.10/site-packages/airflow/models/dagbag.py", line 351, in parse
    loader.exec_module(new_module)
  File "<frozen importlib._bootstrap_external>", line 883, in exec_module
  File "<frozen importlib._bootstrap>", line 241, in _call_with_frames_removed
  File "/opt/airflow/dags/DAG_scraper.py", line 10, in <module>
    from ProcessData.DataProcessor import DataProcessor
  File "/opt/airflow/dags/ProcessData/DataProcessor.py", line 6, in <module>
    from geopy.geocoders import Nominatim
ModuleNotFoundError: No module named 'geopy'
[2025-09-24T10:48:59.806+0000] {processor.py:842} WARNING - No viable dags retrieved from /opt/airflow/dags/DAG_scraper.py
[2025-09-24T10:48:59.823+0000] {processor.py:183} INFO - Processing /opt/airflow/dags/DAG_scraper.py took 0.039 seconds
[2025-09-24T10:49:30.111+0000] {processor.py:161} INFO - Started process (PID=210) to work on /opt/airflow/dags/DAG_scraper.py
[2025-09-24T10:49:30.113+0000] {processor.py:830} INFO - Processing file /opt/airflow/dags/DAG_scraper.py for tasks to queue
[2025-09-24T10:49:30.115+0000] {logging_mixin.py:188} INFO - [2025-09-24T10:49:30.115+0000] {dagbag.py:545} INFO - Filling up the DagBag from /opt/airflow/dags/DAG_scraper.py
[2025-09-24T10:49:30.123+0000] {logging_mixin.py:188} INFO - [2025-09-24T10:49:30.122+0000] {dagbag.py:355} ERROR - Failed to import: /opt/airflow/dags/DAG_scraper.py
Traceback (most recent call last):
  File "/home/airflow/.local/lib/python3.10/site-packages/airflow/models/dagbag.py", line 351, in parse
    loader.exec_module(new_module)
  File "<frozen importlib._bootstrap_external>", line 883, in exec_module
  File "<frozen importlib._bootstrap>", line 241, in _call_with_frames_removed
  File "/opt/airflow/dags/DAG_scraper.py", line 10, in <module>
    from ProcessData.DataProcessor import DataProcessor
  File "/opt/airflow/dags/ProcessData/DataProcessor.py", line 6, in <module>
    from geopy.geocoders import Nominatim
ModuleNotFoundError: No module named 'geopy'
[2025-09-24T10:49:30.123+0000] {processor.py:842} WARNING - No viable dags retrieved from /opt/airflow/dags/DAG_scraper.py
[2025-09-24T10:49:30.149+0000] {processor.py:183} INFO - Processing /opt/airflow/dags/DAG_scraper.py took 0.046 seconds
[2025-09-24T10:50:00.421+0000] {processor.py:161} INFO - Started process (PID=211) to work on /opt/airflow/dags/DAG_scraper.py
[2025-09-24T10:50:00.422+0000] {processor.py:830} INFO - Processing file /opt/airflow/dags/DAG_scraper.py for tasks to queue
[2025-09-24T10:50:00.425+0000] {logging_mixin.py:188} INFO - [2025-09-24T10:50:00.424+0000] {dagbag.py:545} INFO - Filling up the DagBag from /opt/airflow/dags/DAG_scraper.py
[2025-09-24T10:50:00.436+0000] {logging_mixin.py:188} INFO - [2025-09-24T10:50:00.435+0000] {dagbag.py:355} ERROR - Failed to import: /opt/airflow/dags/DAG_scraper.py
Traceback (most recent call last):
  File "/home/airflow/.local/lib/python3.10/site-packages/airflow/models/dagbag.py", line 351, in parse
    loader.exec_module(new_module)
  File "<frozen importlib._bootstrap_external>", line 883, in exec_module
  File "<frozen importlib._bootstrap>", line 241, in _call_with_frames_removed
  File "/opt/airflow/dags/DAG_scraper.py", line 10, in <module>
    from ProcessData.DataProcessor import DataProcessor
  File "/opt/airflow/dags/ProcessData/DataProcessor.py", line 6, in <module>
    from geopy.geocoders import Nominatim
ModuleNotFoundError: No module named 'geopy'
[2025-09-24T10:50:00.437+0000] {processor.py:842} WARNING - No viable dags retrieved from /opt/airflow/dags/DAG_scraper.py
[2025-09-24T10:50:00.451+0000] {processor.py:183} INFO - Processing /opt/airflow/dags/DAG_scraper.py took 0.039 seconds
[2025-09-24T10:50:30.716+0000] {processor.py:161} INFO - Started process (PID=212) to work on /opt/airflow/dags/DAG_scraper.py
[2025-09-24T10:50:30.718+0000] {processor.py:830} INFO - Processing file /opt/airflow/dags/DAG_scraper.py for tasks to queue
[2025-09-24T10:50:30.721+0000] {logging_mixin.py:188} INFO - [2025-09-24T10:50:30.721+0000] {dagbag.py:545} INFO - Filling up the DagBag from /opt/airflow/dags/DAG_scraper.py
[2025-09-24T10:50:30.729+0000] {logging_mixin.py:188} INFO - [2025-09-24T10:50:30.728+0000] {dagbag.py:355} ERROR - Failed to import: /opt/airflow/dags/DAG_scraper.py
Traceback (most recent call last):
  File "/home/airflow/.local/lib/python3.10/site-packages/airflow/models/dagbag.py", line 351, in parse
    loader.exec_module(new_module)
  File "<frozen importlib._bootstrap_external>", line 883, in exec_module
  File "<frozen importlib._bootstrap>", line 241, in _call_with_frames_removed
  File "/opt/airflow/dags/DAG_scraper.py", line 10, in <module>
    from ProcessData.DataProcessor import DataProcessor
  File "/opt/airflow/dags/ProcessData/DataProcessor.py", line 6, in <module>
    from geopy.geocoders import Nominatim
ModuleNotFoundError: No module named 'geopy'
[2025-09-24T10:50:30.729+0000] {processor.py:842} WARNING - No viable dags retrieved from /opt/airflow/dags/DAG_scraper.py
[2025-09-24T10:50:30.743+0000] {processor.py:183} INFO - Processing /opt/airflow/dags/DAG_scraper.py took 0.040 seconds
[2025-09-24T10:51:01.000+0000] {processor.py:161} INFO - Started process (PID=213) to work on /opt/airflow/dags/DAG_scraper.py
[2025-09-24T10:51:01.001+0000] {processor.py:830} INFO - Processing file /opt/airflow/dags/DAG_scraper.py for tasks to queue
[2025-09-24T10:51:01.002+0000] {logging_mixin.py:188} INFO - [2025-09-24T10:51:01.002+0000] {dagbag.py:545} INFO - Filling up the DagBag from /opt/airflow/dags/DAG_scraper.py
[2025-09-24T10:51:01.007+0000] {logging_mixin.py:188} INFO - [2025-09-24T10:51:01.006+0000] {dagbag.py:355} ERROR - Failed to import: /opt/airflow/dags/DAG_scraper.py
Traceback (most recent call last):
  File "/home/airflow/.local/lib/python3.10/site-packages/airflow/models/dagbag.py", line 351, in parse
    loader.exec_module(new_module)
  File "<frozen importlib._bootstrap_external>", line 883, in exec_module
  File "<frozen importlib._bootstrap>", line 241, in _call_with_frames_removed
  File "/opt/airflow/dags/DAG_scraper.py", line 10, in <module>
    from ProcessData.DataProcessor import DataProcessor
  File "/opt/airflow/dags/ProcessData/DataProcessor.py", line 6, in <module>
    from geopy.geocoders import Nominatim
ModuleNotFoundError: No module named 'geopy'
[2025-09-24T10:51:01.007+0000] {processor.py:842} WARNING - No viable dags retrieved from /opt/airflow/dags/DAG_scraper.py
[2025-09-24T10:51:01.020+0000] {processor.py:183} INFO - Processing /opt/airflow/dags/DAG_scraper.py took 0.025 seconds
[2025-09-24T10:51:31.274+0000] {processor.py:161} INFO - Started process (PID=214) to work on /opt/airflow/dags/DAG_scraper.py
[2025-09-24T10:51:31.276+0000] {processor.py:830} INFO - Processing file /opt/airflow/dags/DAG_scraper.py for tasks to queue
[2025-09-24T10:51:31.279+0000] {logging_mixin.py:188} INFO - [2025-09-24T10:51:31.278+0000] {dagbag.py:545} INFO - Filling up the DagBag from /opt/airflow/dags/DAG_scraper.py
[2025-09-24T10:51:31.296+0000] {logging_mixin.py:188} INFO - [2025-09-24T10:51:31.293+0000] {dagbag.py:355} ERROR - Failed to import: /opt/airflow/dags/DAG_scraper.py
Traceback (most recent call last):
  File "/home/airflow/.local/lib/python3.10/site-packages/airflow/models/dagbag.py", line 351, in parse
    loader.exec_module(new_module)
  File "<frozen importlib._bootstrap_external>", line 883, in exec_module
  File "<frozen importlib._bootstrap>", line 241, in _call_with_frames_removed
  File "/opt/airflow/dags/DAG_scraper.py", line 10, in <module>
    from ProcessData.DataProcessor import DataProcessor
  File "/opt/airflow/dags/ProcessData/DataProcessor.py", line 6, in <module>
    from geopy.geocoders import Nominatim
ModuleNotFoundError: No module named 'geopy'
[2025-09-24T10:51:31.297+0000] {processor.py:842} WARNING - No viable dags retrieved from /opt/airflow/dags/DAG_scraper.py
[2025-09-24T10:51:31.320+0000] {processor.py:183} INFO - Processing /opt/airflow/dags/DAG_scraper.py took 0.055 seconds
[2025-09-24T10:52:01.587+0000] {processor.py:161} INFO - Started process (PID=215) to work on /opt/airflow/dags/DAG_scraper.py
[2025-09-24T10:52:01.588+0000] {processor.py:830} INFO - Processing file /opt/airflow/dags/DAG_scraper.py for tasks to queue
[2025-09-24T10:52:01.595+0000] {logging_mixin.py:188} INFO - [2025-09-24T10:52:01.595+0000] {dagbag.py:545} INFO - Filling up the DagBag from /opt/airflow/dags/DAG_scraper.py
[2025-09-24T10:52:01.608+0000] {logging_mixin.py:188} INFO - [2025-09-24T10:52:01.607+0000] {dagbag.py:355} ERROR - Failed to import: /opt/airflow/dags/DAG_scraper.py
Traceback (most recent call last):
  File "/home/airflow/.local/lib/python3.10/site-packages/airflow/models/dagbag.py", line 351, in parse
    loader.exec_module(new_module)
  File "<frozen importlib._bootstrap_external>", line 883, in exec_module
  File "<frozen importlib._bootstrap>", line 241, in _call_with_frames_removed
  File "/opt/airflow/dags/DAG_scraper.py", line 10, in <module>
    from ProcessData.DataProcessor import DataProcessor
  File "/opt/airflow/dags/ProcessData/DataProcessor.py", line 6, in <module>
    from geopy.geocoders import Nominatim
ModuleNotFoundError: No module named 'geopy'
[2025-09-24T10:52:01.608+0000] {processor.py:842} WARNING - No viable dags retrieved from /opt/airflow/dags/DAG_scraper.py
[2025-09-24T10:52:01.632+0000] {processor.py:183} INFO - Processing /opt/airflow/dags/DAG_scraper.py took 0.060 seconds
[2025-09-24T10:52:31.891+0000] {processor.py:161} INFO - Started process (PID=216) to work on /opt/airflow/dags/DAG_scraper.py
[2025-09-24T10:52:31.893+0000] {processor.py:830} INFO - Processing file /opt/airflow/dags/DAG_scraper.py for tasks to queue
[2025-09-24T10:52:31.896+0000] {logging_mixin.py:188} INFO - [2025-09-24T10:52:31.896+0000] {dagbag.py:545} INFO - Filling up the DagBag from /opt/airflow/dags/DAG_scraper.py
[2025-09-24T10:52:31.904+0000] {logging_mixin.py:188} INFO - [2025-09-24T10:52:31.903+0000] {dagbag.py:355} ERROR - Failed to import: /opt/airflow/dags/DAG_scraper.py
Traceback (most recent call last):
  File "/home/airflow/.local/lib/python3.10/site-packages/airflow/models/dagbag.py", line 351, in parse
    loader.exec_module(new_module)
  File "<frozen importlib._bootstrap_external>", line 883, in exec_module
  File "<frozen importlib._bootstrap>", line 241, in _call_with_frames_removed
  File "/opt/airflow/dags/DAG_scraper.py", line 10, in <module>
    from ProcessData.DataProcessor import DataProcessor
  File "/opt/airflow/dags/ProcessData/DataProcessor.py", line 6, in <module>
    from geopy.geocoders import Nominatim
ModuleNotFoundError: No module named 'geopy'
[2025-09-24T10:52:31.904+0000] {processor.py:842} WARNING - No viable dags retrieved from /opt/airflow/dags/DAG_scraper.py
[2025-09-24T10:52:31.932+0000] {processor.py:183} INFO - Processing /opt/airflow/dags/DAG_scraper.py took 0.050 seconds
[2025-09-24T10:53:02.277+0000] {processor.py:161} INFO - Started process (PID=217) to work on /opt/airflow/dags/DAG_scraper.py
[2025-09-24T10:53:02.278+0000] {processor.py:830} INFO - Processing file /opt/airflow/dags/DAG_scraper.py for tasks to queue
[2025-09-24T10:53:02.281+0000] {logging_mixin.py:188} INFO - [2025-09-24T10:53:02.280+0000] {dagbag.py:545} INFO - Filling up the DagBag from /opt/airflow/dags/DAG_scraper.py
[2025-09-24T10:53:02.289+0000] {logging_mixin.py:188} INFO - [2025-09-24T10:53:02.288+0000] {dagbag.py:355} ERROR - Failed to import: /opt/airflow/dags/DAG_scraper.py
Traceback (most recent call last):
  File "/home/airflow/.local/lib/python3.10/site-packages/airflow/models/dagbag.py", line 351, in parse
    loader.exec_module(new_module)
  File "<frozen importlib._bootstrap_external>", line 883, in exec_module
  File "<frozen importlib._bootstrap>", line 241, in _call_with_frames_removed
  File "/opt/airflow/dags/DAG_scraper.py", line 10, in <module>
    from ProcessData.DataProcessor import DataProcessor
  File "/opt/airflow/dags/ProcessData/DataProcessor.py", line 6, in <module>
    from geopy.geocoders import Nominatim
ModuleNotFoundError: No module named 'geopy'
[2025-09-24T10:53:02.289+0000] {processor.py:842} WARNING - No viable dags retrieved from /opt/airflow/dags/DAG_scraper.py
[2025-09-24T10:53:02.318+0000] {processor.py:183} INFO - Processing /opt/airflow/dags/DAG_scraper.py took 0.057 seconds
[2025-09-24T10:53:32.606+0000] {processor.py:161} INFO - Started process (PID=218) to work on /opt/airflow/dags/DAG_scraper.py
[2025-09-24T10:53:32.607+0000] {processor.py:830} INFO - Processing file /opt/airflow/dags/DAG_scraper.py for tasks to queue
[2025-09-24T10:53:32.612+0000] {logging_mixin.py:188} INFO - [2025-09-24T10:53:32.611+0000] {dagbag.py:545} INFO - Filling up the DagBag from /opt/airflow/dags/DAG_scraper.py
[2025-09-24T10:53:32.642+0000] {logging_mixin.py:188} INFO - [2025-09-24T10:53:32.638+0000] {dagbag.py:355} ERROR - Failed to import: /opt/airflow/dags/DAG_scraper.py
Traceback (most recent call last):
  File "/home/airflow/.local/lib/python3.10/site-packages/airflow/models/dagbag.py", line 351, in parse
    loader.exec_module(new_module)
  File "<frozen importlib._bootstrap_external>", line 883, in exec_module
  File "<frozen importlib._bootstrap>", line 241, in _call_with_frames_removed
  File "/opt/airflow/dags/DAG_scraper.py", line 10, in <module>
    from ProcessData.DataProcessor import DataProcessor
  File "/opt/airflow/dags/ProcessData/DataProcessor.py", line 6, in <module>
    from geopy.geocoders import Nominatim
ModuleNotFoundError: No module named 'geopy'
[2025-09-24T10:53:32.642+0000] {processor.py:842} WARNING - No viable dags retrieved from /opt/airflow/dags/DAG_scraper.py
[2025-09-24T10:53:32.661+0000] {processor.py:183} INFO - Processing /opt/airflow/dags/DAG_scraper.py took 0.065 seconds
[2025-09-24T10:54:02.926+0000] {processor.py:161} INFO - Started process (PID=219) to work on /opt/airflow/dags/DAG_scraper.py
[2025-09-24T10:54:02.928+0000] {processor.py:830} INFO - Processing file /opt/airflow/dags/DAG_scraper.py for tasks to queue
[2025-09-24T10:54:02.931+0000] {logging_mixin.py:188} INFO - [2025-09-24T10:54:02.931+0000] {dagbag.py:545} INFO - Filling up the DagBag from /opt/airflow/dags/DAG_scraper.py
[2025-09-24T10:54:02.940+0000] {logging_mixin.py:188} INFO - [2025-09-24T10:54:02.939+0000] {dagbag.py:355} ERROR - Failed to import: /opt/airflow/dags/DAG_scraper.py
Traceback (most recent call last):
  File "/home/airflow/.local/lib/python3.10/site-packages/airflow/models/dagbag.py", line 351, in parse
    loader.exec_module(new_module)
  File "<frozen importlib._bootstrap_external>", line 883, in exec_module
  File "<frozen importlib._bootstrap>", line 241, in _call_with_frames_removed
  File "/opt/airflow/dags/DAG_scraper.py", line 10, in <module>
    from ProcessData.DataProcessor import DataProcessor
  File "/opt/airflow/dags/ProcessData/DataProcessor.py", line 6, in <module>
    from geopy.geocoders import Nominatim
ModuleNotFoundError: No module named 'geopy'
[2025-09-24T10:54:02.940+0000] {processor.py:842} WARNING - No viable dags retrieved from /opt/airflow/dags/DAG_scraper.py
[2025-09-24T10:54:02.968+0000] {processor.py:183} INFO - Processing /opt/airflow/dags/DAG_scraper.py took 0.053 seconds
[2025-09-24T10:54:33.253+0000] {processor.py:161} INFO - Started process (PID=220) to work on /opt/airflow/dags/DAG_scraper.py
[2025-09-24T10:54:33.256+0000] {processor.py:830} INFO - Processing file /opt/airflow/dags/DAG_scraper.py for tasks to queue
[2025-09-24T10:54:33.260+0000] {logging_mixin.py:188} INFO - [2025-09-24T10:54:33.259+0000] {dagbag.py:545} INFO - Filling up the DagBag from /opt/airflow/dags/DAG_scraper.py
[2025-09-24T10:54:33.270+0000] {logging_mixin.py:188} INFO - [2025-09-24T10:54:33.269+0000] {dagbag.py:355} ERROR - Failed to import: /opt/airflow/dags/DAG_scraper.py
Traceback (most recent call last):
  File "/home/airflow/.local/lib/python3.10/site-packages/airflow/models/dagbag.py", line 351, in parse
    loader.exec_module(new_module)
  File "<frozen importlib._bootstrap_external>", line 883, in exec_module
  File "<frozen importlib._bootstrap>", line 241, in _call_with_frames_removed
  File "/opt/airflow/dags/DAG_scraper.py", line 10, in <module>
    from ProcessData.DataProcessor import DataProcessor
  File "/opt/airflow/dags/ProcessData/DataProcessor.py", line 6, in <module>
    from geopy.geocoders import Nominatim
ModuleNotFoundError: No module named 'geopy'
[2025-09-24T10:54:33.270+0000] {processor.py:842} WARNING - No viable dags retrieved from /opt/airflow/dags/DAG_scraper.py
[2025-09-24T10:54:33.299+0000] {processor.py:183} INFO - Processing /opt/airflow/dags/DAG_scraper.py took 0.060 seconds
[2025-09-24T10:55:03.582+0000] {processor.py:161} INFO - Started process (PID=221) to work on /opt/airflow/dags/DAG_scraper.py
[2025-09-24T10:55:03.584+0000] {processor.py:830} INFO - Processing file /opt/airflow/dags/DAG_scraper.py for tasks to queue
[2025-09-24T10:55:03.587+0000] {logging_mixin.py:188} INFO - [2025-09-24T10:55:03.587+0000] {dagbag.py:545} INFO - Filling up the DagBag from /opt/airflow/dags/DAG_scraper.py
[2025-09-24T10:55:03.595+0000] {logging_mixin.py:188} INFO - [2025-09-24T10:55:03.594+0000] {dagbag.py:355} ERROR - Failed to import: /opt/airflow/dags/DAG_scraper.py
Traceback (most recent call last):
  File "/home/airflow/.local/lib/python3.10/site-packages/airflow/models/dagbag.py", line 351, in parse
    loader.exec_module(new_module)
  File "<frozen importlib._bootstrap_external>", line 883, in exec_module
  File "<frozen importlib._bootstrap>", line 241, in _call_with_frames_removed
  File "/opt/airflow/dags/DAG_scraper.py", line 10, in <module>
    from ProcessData.DataProcessor import DataProcessor
  File "/opt/airflow/dags/ProcessData/DataProcessor.py", line 6, in <module>
    from geopy.geocoders import Nominatim
ModuleNotFoundError: No module named 'geopy'
[2025-09-24T10:55:03.595+0000] {processor.py:842} WARNING - No viable dags retrieved from /opt/airflow/dags/DAG_scraper.py
[2025-09-24T10:55:03.613+0000] {processor.py:183} INFO - Processing /opt/airflow/dags/DAG_scraper.py took 0.039 seconds
[2025-09-24T10:55:33.914+0000] {processor.py:161} INFO - Started process (PID=222) to work on /opt/airflow/dags/DAG_scraper.py
[2025-09-24T10:55:33.915+0000] {processor.py:830} INFO - Processing file /opt/airflow/dags/DAG_scraper.py for tasks to queue
[2025-09-24T10:55:33.918+0000] {logging_mixin.py:188} INFO - [2025-09-24T10:55:33.917+0000] {dagbag.py:545} INFO - Filling up the DagBag from /opt/airflow/dags/DAG_scraper.py
[2025-09-24T10:55:33.924+0000] {logging_mixin.py:188} INFO - [2025-09-24T10:55:33.924+0000] {dagbag.py:355} ERROR - Failed to import: /opt/airflow/dags/DAG_scraper.py
Traceback (most recent call last):
  File "/home/airflow/.local/lib/python3.10/site-packages/airflow/models/dagbag.py", line 351, in parse
    loader.exec_module(new_module)
  File "<frozen importlib._bootstrap_external>", line 883, in exec_module
  File "<frozen importlib._bootstrap>", line 241, in _call_with_frames_removed
  File "/opt/airflow/dags/DAG_scraper.py", line 10, in <module>
    from ProcessData.DataProcessor import DataProcessor
  File "/opt/airflow/dags/ProcessData/DataProcessor.py", line 6, in <module>
    from geopy.geocoders import Nominatim
ModuleNotFoundError: No module named 'geopy'
[2025-09-24T10:55:33.925+0000] {processor.py:842} WARNING - No viable dags retrieved from /opt/airflow/dags/DAG_scraper.py
[2025-09-24T10:55:33.941+0000] {processor.py:183} INFO - Processing /opt/airflow/dags/DAG_scraper.py took 0.047 seconds
[2025-09-24T10:56:04.251+0000] {processor.py:161} INFO - Started process (PID=223) to work on /opt/airflow/dags/DAG_scraper.py
[2025-09-24T10:56:04.252+0000] {processor.py:830} INFO - Processing file /opt/airflow/dags/DAG_scraper.py for tasks to queue
[2025-09-24T10:56:04.255+0000] {logging_mixin.py:188} INFO - [2025-09-24T10:56:04.254+0000] {dagbag.py:545} INFO - Filling up the DagBag from /opt/airflow/dags/DAG_scraper.py
[2025-09-24T10:56:04.263+0000] {logging_mixin.py:188} INFO - [2025-09-24T10:56:04.262+0000] {dagbag.py:355} ERROR - Failed to import: /opt/airflow/dags/DAG_scraper.py
Traceback (most recent call last):
  File "/home/airflow/.local/lib/python3.10/site-packages/airflow/models/dagbag.py", line 351, in parse
    loader.exec_module(new_module)
  File "<frozen importlib._bootstrap_external>", line 883, in exec_module
  File "<frozen importlib._bootstrap>", line 241, in _call_with_frames_removed
  File "/opt/airflow/dags/DAG_scraper.py", line 10, in <module>
    from ProcessData.DataProcessor import DataProcessor
  File "/opt/airflow/dags/ProcessData/DataProcessor.py", line 6, in <module>
    from geopy.geocoders import Nominatim
ModuleNotFoundError: No module named 'geopy'
[2025-09-24T10:56:04.263+0000] {processor.py:842} WARNING - No viable dags retrieved from /opt/airflow/dags/DAG_scraper.py
[2025-09-24T10:56:04.291+0000] {processor.py:183} INFO - Processing /opt/airflow/dags/DAG_scraper.py took 0.051 seconds
[2025-09-24T10:56:34.593+0000] {processor.py:161} INFO - Started process (PID=224) to work on /opt/airflow/dags/DAG_scraper.py
[2025-09-24T10:56:34.594+0000] {processor.py:830} INFO - Processing file /opt/airflow/dags/DAG_scraper.py for tasks to queue
[2025-09-24T10:56:34.598+0000] {logging_mixin.py:188} INFO - [2025-09-24T10:56:34.597+0000] {dagbag.py:545} INFO - Filling up the DagBag from /opt/airflow/dags/DAG_scraper.py
[2025-09-24T10:56:34.607+0000] {logging_mixin.py:188} INFO - [2025-09-24T10:56:34.606+0000] {dagbag.py:355} ERROR - Failed to import: /opt/airflow/dags/DAG_scraper.py
Traceback (most recent call last):
  File "/home/airflow/.local/lib/python3.10/site-packages/airflow/models/dagbag.py", line 351, in parse
    loader.exec_module(new_module)
  File "<frozen importlib._bootstrap_external>", line 883, in exec_module
  File "<frozen importlib._bootstrap>", line 241, in _call_with_frames_removed
  File "/opt/airflow/dags/DAG_scraper.py", line 10, in <module>
    from ProcessData.DataProcessor import DataProcessor
  File "/opt/airflow/dags/ProcessData/DataProcessor.py", line 6, in <module>
    from geopy.geocoders import Nominatim
ModuleNotFoundError: No module named 'geopy'
[2025-09-24T10:56:34.607+0000] {processor.py:842} WARNING - No viable dags retrieved from /opt/airflow/dags/DAG_scraper.py
[2025-09-24T10:56:34.627+0000] {processor.py:183} INFO - Processing /opt/airflow/dags/DAG_scraper.py took 0.056 seconds
[2025-09-24T10:57:04.866+0000] {processor.py:161} INFO - Started process (PID=225) to work on /opt/airflow/dags/DAG_scraper.py
[2025-09-24T10:57:04.868+0000] {processor.py:830} INFO - Processing file /opt/airflow/dags/DAG_scraper.py for tasks to queue
[2025-09-24T10:57:04.871+0000] {logging_mixin.py:188} INFO - [2025-09-24T10:57:04.871+0000] {dagbag.py:545} INFO - Filling up the DagBag from /opt/airflow/dags/DAG_scraper.py
[2025-09-24T10:57:04.878+0000] {logging_mixin.py:188} INFO - [2025-09-24T10:57:04.877+0000] {dagbag.py:355} ERROR - Failed to import: /opt/airflow/dags/DAG_scraper.py
Traceback (most recent call last):
  File "/home/airflow/.local/lib/python3.10/site-packages/airflow/models/dagbag.py", line 351, in parse
    loader.exec_module(new_module)
  File "<frozen importlib._bootstrap_external>", line 883, in exec_module
  File "<frozen importlib._bootstrap>", line 241, in _call_with_frames_removed
  File "/opt/airflow/dags/DAG_scraper.py", line 10, in <module>
    from ProcessData.DataProcessor import DataProcessor
  File "/opt/airflow/dags/ProcessData/DataProcessor.py", line 6, in <module>
    from geopy.geocoders import Nominatim
ModuleNotFoundError: No module named 'geopy'
[2025-09-24T10:57:04.879+0000] {processor.py:842} WARNING - No viable dags retrieved from /opt/airflow/dags/DAG_scraper.py
[2025-09-24T10:57:04.896+0000] {processor.py:183} INFO - Processing /opt/airflow/dags/DAG_scraper.py took 0.037 seconds
[2025-09-24T10:57:35.216+0000] {processor.py:161} INFO - Started process (PID=226) to work on /opt/airflow/dags/DAG_scraper.py
[2025-09-24T10:57:35.218+0000] {processor.py:830} INFO - Processing file /opt/airflow/dags/DAG_scraper.py for tasks to queue
[2025-09-24T10:57:35.225+0000] {logging_mixin.py:188} INFO - [2025-09-24T10:57:35.222+0000] {dagbag.py:545} INFO - Filling up the DagBag from /opt/airflow/dags/DAG_scraper.py
[2025-09-24T10:57:35.246+0000] {logging_mixin.py:188} INFO - [2025-09-24T10:57:35.243+0000] {dagbag.py:355} ERROR - Failed to import: /opt/airflow/dags/DAG_scraper.py
Traceback (most recent call last):
  File "/home/airflow/.local/lib/python3.10/site-packages/airflow/models/dagbag.py", line 351, in parse
    loader.exec_module(new_module)
  File "<frozen importlib._bootstrap_external>", line 883, in exec_module
  File "<frozen importlib._bootstrap>", line 241, in _call_with_frames_removed
  File "/opt/airflow/dags/DAG_scraper.py", line 10, in <module>
    from ProcessData.DataProcessor import DataProcessor
  File "/opt/airflow/dags/ProcessData/DataProcessor.py", line 6, in <module>
    from geopy.geocoders import Nominatim
ModuleNotFoundError: No module named 'geopy'
[2025-09-24T10:57:35.247+0000] {processor.py:842} WARNING - No viable dags retrieved from /opt/airflow/dags/DAG_scraper.py
[2025-09-24T10:57:35.269+0000] {processor.py:183} INFO - Processing /opt/airflow/dags/DAG_scraper.py took 0.063 seconds
[2025-09-24T10:58:05.538+0000] {processor.py:161} INFO - Started process (PID=227) to work on /opt/airflow/dags/DAG_scraper.py
[2025-09-24T10:58:05.539+0000] {processor.py:830} INFO - Processing file /opt/airflow/dags/DAG_scraper.py for tasks to queue
[2025-09-24T10:58:05.543+0000] {logging_mixin.py:188} INFO - [2025-09-24T10:58:05.542+0000] {dagbag.py:545} INFO - Filling up the DagBag from /opt/airflow/dags/DAG_scraper.py
[2025-09-24T10:58:05.551+0000] {logging_mixin.py:188} INFO - [2025-09-24T10:58:05.550+0000] {dagbag.py:355} ERROR - Failed to import: /opt/airflow/dags/DAG_scraper.py
Traceback (most recent call last):
  File "/home/airflow/.local/lib/python3.10/site-packages/airflow/models/dagbag.py", line 351, in parse
    loader.exec_module(new_module)
  File "<frozen importlib._bootstrap_external>", line 883, in exec_module
  File "<frozen importlib._bootstrap>", line 241, in _call_with_frames_removed
  File "/opt/airflow/dags/DAG_scraper.py", line 10, in <module>
    from ProcessData.DataProcessor import DataProcessor
  File "/opt/airflow/dags/ProcessData/DataProcessor.py", line 6, in <module>
    from geopy.geocoders import Nominatim
ModuleNotFoundError: No module named 'geopy'
[2025-09-24T10:58:05.551+0000] {processor.py:842} WARNING - No viable dags retrieved from /opt/airflow/dags/DAG_scraper.py
[2025-09-24T10:58:05.571+0000] {processor.py:183} INFO - Processing /opt/airflow/dags/DAG_scraper.py took 0.042 seconds
[2025-09-24T10:58:35.790+0000] {processor.py:161} INFO - Started process (PID=228) to work on /opt/airflow/dags/DAG_scraper.py
[2025-09-24T10:58:35.791+0000] {processor.py:830} INFO - Processing file /opt/airflow/dags/DAG_scraper.py for tasks to queue
[2025-09-24T10:58:35.792+0000] {logging_mixin.py:188} INFO - [2025-09-24T10:58:35.792+0000] {dagbag.py:545} INFO - Filling up the DagBag from /opt/airflow/dags/DAG_scraper.py
[2025-09-24T10:58:35.797+0000] {logging_mixin.py:188} INFO - [2025-09-24T10:58:35.796+0000] {dagbag.py:355} ERROR - Failed to import: /opt/airflow/dags/DAG_scraper.py
Traceback (most recent call last):
  File "/home/airflow/.local/lib/python3.10/site-packages/airflow/models/dagbag.py", line 351, in parse
    loader.exec_module(new_module)
  File "<frozen importlib._bootstrap_external>", line 883, in exec_module
  File "<frozen importlib._bootstrap>", line 241, in _call_with_frames_removed
  File "/opt/airflow/dags/DAG_scraper.py", line 10, in <module>
    from ProcessData.DataProcessor import DataProcessor
  File "/opt/airflow/dags/ProcessData/DataProcessor.py", line 6, in <module>
    from geopy.geocoders import Nominatim
ModuleNotFoundError: No module named 'geopy'
[2025-09-24T10:58:35.797+0000] {processor.py:842} WARNING - No viable dags retrieved from /opt/airflow/dags/DAG_scraper.py
[2025-09-24T10:58:35.808+0000] {processor.py:183} INFO - Processing /opt/airflow/dags/DAG_scraper.py took 0.022 seconds
[2025-09-24T10:59:06.105+0000] {processor.py:161} INFO - Started process (PID=229) to work on /opt/airflow/dags/DAG_scraper.py
[2025-09-24T10:59:06.106+0000] {processor.py:830} INFO - Processing file /opt/airflow/dags/DAG_scraper.py for tasks to queue
[2025-09-24T10:59:06.109+0000] {logging_mixin.py:188} INFO - [2025-09-24T10:59:06.109+0000] {dagbag.py:545} INFO - Filling up the DagBag from /opt/airflow/dags/DAG_scraper.py
[2025-09-24T10:59:06.122+0000] {logging_mixin.py:188} INFO - [2025-09-24T10:59:06.119+0000] {dagbag.py:355} ERROR - Failed to import: /opt/airflow/dags/DAG_scraper.py
Traceback (most recent call last):
  File "/home/airflow/.local/lib/python3.10/site-packages/airflow/models/dagbag.py", line 351, in parse
    loader.exec_module(new_module)
  File "<frozen importlib._bootstrap_external>", line 883, in exec_module
  File "<frozen importlib._bootstrap>", line 241, in _call_with_frames_removed
  File "/opt/airflow/dags/DAG_scraper.py", line 10, in <module>
    from ProcessData.DataProcessor import DataProcessor
  File "/opt/airflow/dags/ProcessData/DataProcessor.py", line 6, in <module>
    from geopy.geocoders import Nominatim
ModuleNotFoundError: No module named 'geopy'
[2025-09-24T10:59:06.123+0000] {processor.py:842} WARNING - No viable dags retrieved from /opt/airflow/dags/DAG_scraper.py
[2025-09-24T10:59:06.145+0000] {processor.py:183} INFO - Processing /opt/airflow/dags/DAG_scraper.py took 0.049 seconds
[2025-09-24T10:59:36.417+0000] {processor.py:161} INFO - Started process (PID=230) to work on /opt/airflow/dags/DAG_scraper.py
[2025-09-24T10:59:36.418+0000] {processor.py:830} INFO - Processing file /opt/airflow/dags/DAG_scraper.py for tasks to queue
[2025-09-24T10:59:36.421+0000] {logging_mixin.py:188} INFO - [2025-09-24T10:59:36.421+0000] {dagbag.py:545} INFO - Filling up the DagBag from /opt/airflow/dags/DAG_scraper.py
[2025-09-24T10:59:36.427+0000] {logging_mixin.py:188} INFO - [2025-09-24T10:59:36.427+0000] {dagbag.py:355} ERROR - Failed to import: /opt/airflow/dags/DAG_scraper.py
Traceback (most recent call last):
  File "/home/airflow/.local/lib/python3.10/site-packages/airflow/models/dagbag.py", line 351, in parse
    loader.exec_module(new_module)
  File "<frozen importlib._bootstrap_external>", line 883, in exec_module
  File "<frozen importlib._bootstrap>", line 241, in _call_with_frames_removed
  File "/opt/airflow/dags/DAG_scraper.py", line 10, in <module>
    from ProcessData.DataProcessor import DataProcessor
  File "/opt/airflow/dags/ProcessData/DataProcessor.py", line 6, in <module>
    from geopy.geocoders import Nominatim
ModuleNotFoundError: No module named 'geopy'
[2025-09-24T10:59:36.428+0000] {processor.py:842} WARNING - No viable dags retrieved from /opt/airflow/dags/DAG_scraper.py
[2025-09-24T10:59:36.445+0000] {processor.py:183} INFO - Processing /opt/airflow/dags/DAG_scraper.py took 0.035 seconds
[2025-09-24T11:00:06.782+0000] {processor.py:161} INFO - Started process (PID=231) to work on /opt/airflow/dags/DAG_scraper.py
[2025-09-24T11:00:06.783+0000] {processor.py:830} INFO - Processing file /opt/airflow/dags/DAG_scraper.py for tasks to queue
[2025-09-24T11:00:06.787+0000] {logging_mixin.py:188} INFO - [2025-09-24T11:00:06.786+0000] {dagbag.py:545} INFO - Filling up the DagBag from /opt/airflow/dags/DAG_scraper.py
[2025-09-24T11:00:06.796+0000] {logging_mixin.py:188} INFO - [2025-09-24T11:00:06.795+0000] {dagbag.py:355} ERROR - Failed to import: /opt/airflow/dags/DAG_scraper.py
Traceback (most recent call last):
  File "/home/airflow/.local/lib/python3.10/site-packages/airflow/models/dagbag.py", line 351, in parse
    loader.exec_module(new_module)
  File "<frozen importlib._bootstrap_external>", line 883, in exec_module
  File "<frozen importlib._bootstrap>", line 241, in _call_with_frames_removed
  File "/opt/airflow/dags/DAG_scraper.py", line 10, in <module>
    from ProcessData.DataProcessor import DataProcessor
  File "/opt/airflow/dags/ProcessData/DataProcessor.py", line 6, in <module>
    from geopy.geocoders import Nominatim
ModuleNotFoundError: No module named 'geopy'
[2025-09-24T11:00:06.796+0000] {processor.py:842} WARNING - No viable dags retrieved from /opt/airflow/dags/DAG_scraper.py
[2025-09-24T11:00:06.816+0000] {processor.py:183} INFO - Processing /opt/airflow/dags/DAG_scraper.py took 0.046 seconds
[2025-09-24T11:00:37.049+0000] {processor.py:161} INFO - Started process (PID=232) to work on /opt/airflow/dags/DAG_scraper.py
[2025-09-24T11:00:37.051+0000] {processor.py:830} INFO - Processing file /opt/airflow/dags/DAG_scraper.py for tasks to queue
[2025-09-24T11:00:37.054+0000] {logging_mixin.py:188} INFO - [2025-09-24T11:00:37.053+0000] {dagbag.py:545} INFO - Filling up the DagBag from /opt/airflow/dags/DAG_scraper.py
[2025-09-24T11:00:37.064+0000] {logging_mixin.py:188} INFO - [2025-09-24T11:00:37.063+0000] {dagbag.py:355} ERROR - Failed to import: /opt/airflow/dags/DAG_scraper.py
Traceback (most recent call last):
  File "/home/airflow/.local/lib/python3.10/site-packages/airflow/models/dagbag.py", line 351, in parse
    loader.exec_module(new_module)
  File "<frozen importlib._bootstrap_external>", line 883, in exec_module
  File "<frozen importlib._bootstrap>", line 241, in _call_with_frames_removed
  File "/opt/airflow/dags/DAG_scraper.py", line 10, in <module>
    from ProcessData.DataProcessor import DataProcessor
  File "/opt/airflow/dags/ProcessData/DataProcessor.py", line 6, in <module>
    from geopy.geocoders import Nominatim
ModuleNotFoundError: No module named 'geopy'
[2025-09-24T11:00:37.064+0000] {processor.py:842} WARNING - No viable dags retrieved from /opt/airflow/dags/DAG_scraper.py
[2025-09-24T11:00:37.095+0000] {processor.py:183} INFO - Processing /opt/airflow/dags/DAG_scraper.py took 0.056 seconds
[2025-09-24T11:01:07.378+0000] {processor.py:161} INFO - Started process (PID=233) to work on /opt/airflow/dags/DAG_scraper.py
[2025-09-24T11:01:07.383+0000] {processor.py:830} INFO - Processing file /opt/airflow/dags/DAG_scraper.py for tasks to queue
[2025-09-24T11:01:07.392+0000] {logging_mixin.py:188} INFO - [2025-09-24T11:01:07.392+0000] {dagbag.py:545} INFO - Filling up the DagBag from /opt/airflow/dags/DAG_scraper.py
[2025-09-24T11:01:07.400+0000] {logging_mixin.py:188} INFO - [2025-09-24T11:01:07.399+0000] {dagbag.py:355} ERROR - Failed to import: /opt/airflow/dags/DAG_scraper.py
Traceback (most recent call last):
  File "/home/airflow/.local/lib/python3.10/site-packages/airflow/models/dagbag.py", line 351, in parse
    loader.exec_module(new_module)
  File "<frozen importlib._bootstrap_external>", line 883, in exec_module
  File "<frozen importlib._bootstrap>", line 241, in _call_with_frames_removed
  File "/opt/airflow/dags/DAG_scraper.py", line 10, in <module>
    from ProcessData.DataProcessor import DataProcessor
  File "/opt/airflow/dags/ProcessData/DataProcessor.py", line 6, in <module>
    from geopy.geocoders import Nominatim
ModuleNotFoundError: No module named 'geopy'
[2025-09-24T11:01:07.400+0000] {processor.py:842} WARNING - No viable dags retrieved from /opt/airflow/dags/DAG_scraper.py
[2025-09-24T11:01:07.417+0000] {processor.py:183} INFO - Processing /opt/airflow/dags/DAG_scraper.py took 0.063 seconds
[2025-09-24T11:01:37.748+0000] {processor.py:161} INFO - Started process (PID=234) to work on /opt/airflow/dags/DAG_scraper.py
[2025-09-24T11:01:37.750+0000] {processor.py:830} INFO - Processing file /opt/airflow/dags/DAG_scraper.py for tasks to queue
[2025-09-24T11:01:37.752+0000] {logging_mixin.py:188} INFO - [2025-09-24T11:01:37.752+0000] {dagbag.py:545} INFO - Filling up the DagBag from /opt/airflow/dags/DAG_scraper.py
[2025-09-24T11:01:37.759+0000] {logging_mixin.py:188} INFO - [2025-09-24T11:01:37.758+0000] {dagbag.py:355} ERROR - Failed to import: /opt/airflow/dags/DAG_scraper.py
Traceback (most recent call last):
  File "/home/airflow/.local/lib/python3.10/site-packages/airflow/models/dagbag.py", line 351, in parse
    loader.exec_module(new_module)
  File "<frozen importlib._bootstrap_external>", line 883, in exec_module
  File "<frozen importlib._bootstrap>", line 241, in _call_with_frames_removed
  File "/opt/airflow/dags/DAG_scraper.py", line 10, in <module>
    from ProcessData.DataProcessor import DataProcessor
  File "/opt/airflow/dags/ProcessData/DataProcessor.py", line 6, in <module>
    from geopy.geocoders import Nominatim
ModuleNotFoundError: No module named 'geopy'
[2025-09-24T11:01:37.759+0000] {processor.py:842} WARNING - No viable dags retrieved from /opt/airflow/dags/DAG_scraper.py
[2025-09-24T11:01:37.776+0000] {processor.py:183} INFO - Processing /opt/airflow/dags/DAG_scraper.py took 0.057 seconds
[2025-09-24T11:02:08.059+0000] {processor.py:161} INFO - Started process (PID=235) to work on /opt/airflow/dags/DAG_scraper.py
[2025-09-24T11:02:08.061+0000] {processor.py:830} INFO - Processing file /opt/airflow/dags/DAG_scraper.py for tasks to queue
[2025-09-24T11:02:08.065+0000] {logging_mixin.py:188} INFO - [2025-09-24T11:02:08.064+0000] {dagbag.py:545} INFO - Filling up the DagBag from /opt/airflow/dags/DAG_scraper.py
[2025-09-24T11:02:08.089+0000] {logging_mixin.py:188} INFO - [2025-09-24T11:02:08.086+0000] {dagbag.py:355} ERROR - Failed to import: /opt/airflow/dags/DAG_scraper.py
Traceback (most recent call last):
  File "/home/airflow/.local/lib/python3.10/site-packages/airflow/models/dagbag.py", line 351, in parse
    loader.exec_module(new_module)
  File "<frozen importlib._bootstrap_external>", line 883, in exec_module
  File "<frozen importlib._bootstrap>", line 241, in _call_with_frames_removed
  File "/opt/airflow/dags/DAG_scraper.py", line 10, in <module>
    from ProcessData.DataProcessor import DataProcessor
  File "/opt/airflow/dags/ProcessData/DataProcessor.py", line 6, in <module>
    from geopy.geocoders import Nominatim
ModuleNotFoundError: No module named 'geopy'
[2025-09-24T11:02:08.089+0000] {processor.py:842} WARNING - No viable dags retrieved from /opt/airflow/dags/DAG_scraper.py
[2025-09-24T11:02:08.118+0000] {processor.py:183} INFO - Processing /opt/airflow/dags/DAG_scraper.py took 0.069 seconds
[2025-09-24T11:02:38.446+0000] {processor.py:161} INFO - Started process (PID=236) to work on /opt/airflow/dags/DAG_scraper.py
[2025-09-24T11:02:38.447+0000] {processor.py:830} INFO - Processing file /opt/airflow/dags/DAG_scraper.py for tasks to queue
[2025-09-24T11:02:38.450+0000] {logging_mixin.py:188} INFO - [2025-09-24T11:02:38.450+0000] {dagbag.py:545} INFO - Filling up the DagBag from /opt/airflow/dags/DAG_scraper.py
[2025-09-24T11:02:38.457+0000] {logging_mixin.py:188} INFO - [2025-09-24T11:02:38.456+0000] {dagbag.py:355} ERROR - Failed to import: /opt/airflow/dags/DAG_scraper.py
Traceback (most recent call last):
  File "/home/airflow/.local/lib/python3.10/site-packages/airflow/models/dagbag.py", line 351, in parse
    loader.exec_module(new_module)
  File "<frozen importlib._bootstrap_external>", line 883, in exec_module
  File "<frozen importlib._bootstrap>", line 241, in _call_with_frames_removed
  File "/opt/airflow/dags/DAG_scraper.py", line 10, in <module>
    from ProcessData.DataProcessor import DataProcessor
  File "/opt/airflow/dags/ProcessData/DataProcessor.py", line 6, in <module>
    from geopy.geocoders import Nominatim
ModuleNotFoundError: No module named 'geopy'
[2025-09-24T11:02:38.457+0000] {processor.py:842} WARNING - No viable dags retrieved from /opt/airflow/dags/DAG_scraper.py
[2025-09-24T11:02:38.475+0000] {processor.py:183} INFO - Processing /opt/airflow/dags/DAG_scraper.py took 0.037 seconds
[2025-09-24T11:03:08.798+0000] {processor.py:161} INFO - Started process (PID=237) to work on /opt/airflow/dags/DAG_scraper.py
[2025-09-24T11:03:08.800+0000] {processor.py:830} INFO - Processing file /opt/airflow/dags/DAG_scraper.py for tasks to queue
[2025-09-24T11:03:08.804+0000] {logging_mixin.py:188} INFO - [2025-09-24T11:03:08.803+0000] {dagbag.py:545} INFO - Filling up the DagBag from /opt/airflow/dags/DAG_scraper.py
[2025-09-24T11:03:08.813+0000] {logging_mixin.py:188} INFO - [2025-09-24T11:03:08.812+0000] {dagbag.py:355} ERROR - Failed to import: /opt/airflow/dags/DAG_scraper.py
Traceback (most recent call last):
  File "/home/airflow/.local/lib/python3.10/site-packages/airflow/models/dagbag.py", line 351, in parse
    loader.exec_module(new_module)
  File "<frozen importlib._bootstrap_external>", line 883, in exec_module
  File "<frozen importlib._bootstrap>", line 241, in _call_with_frames_removed
  File "/opt/airflow/dags/DAG_scraper.py", line 10, in <module>
    from ProcessData.DataProcessor import DataProcessor
  File "/opt/airflow/dags/ProcessData/DataProcessor.py", line 6, in <module>
    from geopy.geocoders import Nominatim
ModuleNotFoundError: No module named 'geopy'
[2025-09-24T11:03:08.814+0000] {processor.py:842} WARNING - No viable dags retrieved from /opt/airflow/dags/DAG_scraper.py
[2025-09-24T11:03:08.831+0000] {processor.py:183} INFO - Processing /opt/airflow/dags/DAG_scraper.py took 0.044 seconds
[2025-09-24T11:03:39.147+0000] {processor.py:161} INFO - Started process (PID=238) to work on /opt/airflow/dags/DAG_scraper.py
[2025-09-24T11:03:39.148+0000] {processor.py:830} INFO - Processing file /opt/airflow/dags/DAG_scraper.py for tasks to queue
[2025-09-24T11:03:39.151+0000] {logging_mixin.py:188} INFO - [2025-09-24T11:03:39.151+0000] {dagbag.py:545} INFO - Filling up the DagBag from /opt/airflow/dags/DAG_scraper.py
[2025-09-24T11:03:39.160+0000] {logging_mixin.py:188} INFO - [2025-09-24T11:03:39.159+0000] {dagbag.py:355} ERROR - Failed to import: /opt/airflow/dags/DAG_scraper.py
Traceback (most recent call last):
  File "/home/airflow/.local/lib/python3.10/site-packages/airflow/models/dagbag.py", line 351, in parse
    loader.exec_module(new_module)
  File "<frozen importlib._bootstrap_external>", line 883, in exec_module
  File "<frozen importlib._bootstrap>", line 241, in _call_with_frames_removed
  File "/opt/airflow/dags/DAG_scraper.py", line 10, in <module>
    from ProcessData.DataProcessor import DataProcessor
  File "/opt/airflow/dags/ProcessData/DataProcessor.py", line 6, in <module>
    from geopy.geocoders import Nominatim
ModuleNotFoundError: No module named 'geopy'
[2025-09-24T11:03:39.160+0000] {processor.py:842} WARNING - No viable dags retrieved from /opt/airflow/dags/DAG_scraper.py
[2025-09-24T11:03:39.176+0000] {processor.py:183} INFO - Processing /opt/airflow/dags/DAG_scraper.py took 0.040 seconds
[2025-09-24T11:04:09.475+0000] {processor.py:161} INFO - Started process (PID=239) to work on /opt/airflow/dags/DAG_scraper.py
[2025-09-24T11:04:09.476+0000] {processor.py:830} INFO - Processing file /opt/airflow/dags/DAG_scraper.py for tasks to queue
[2025-09-24T11:04:09.479+0000] {logging_mixin.py:188} INFO - [2025-09-24T11:04:09.478+0000] {dagbag.py:545} INFO - Filling up the DagBag from /opt/airflow/dags/DAG_scraper.py
[2025-09-24T11:04:09.489+0000] {logging_mixin.py:188} INFO - [2025-09-24T11:04:09.489+0000] {dagbag.py:355} ERROR - Failed to import: /opt/airflow/dags/DAG_scraper.py
Traceback (most recent call last):
  File "/home/airflow/.local/lib/python3.10/site-packages/airflow/models/dagbag.py", line 351, in parse
    loader.exec_module(new_module)
  File "<frozen importlib._bootstrap_external>", line 883, in exec_module
  File "<frozen importlib._bootstrap>", line 241, in _call_with_frames_removed
  File "/opt/airflow/dags/DAG_scraper.py", line 10, in <module>
    from ProcessData.DataProcessor import DataProcessor
  File "/opt/airflow/dags/ProcessData/DataProcessor.py", line 6, in <module>
    from geopy.geocoders import Nominatim
ModuleNotFoundError: No module named 'geopy'
[2025-09-24T11:04:09.490+0000] {processor.py:842} WARNING - No viable dags retrieved from /opt/airflow/dags/DAG_scraper.py
[2025-09-24T11:04:09.509+0000] {processor.py:183} INFO - Processing /opt/airflow/dags/DAG_scraper.py took 0.045 seconds
[2025-09-24T11:04:39.880+0000] {processor.py:161} INFO - Started process (PID=240) to work on /opt/airflow/dags/DAG_scraper.py
[2025-09-24T11:04:39.881+0000] {processor.py:830} INFO - Processing file /opt/airflow/dags/DAG_scraper.py for tasks to queue
[2025-09-24T11:04:39.883+0000] {logging_mixin.py:188} INFO - [2025-09-24T11:04:39.883+0000] {dagbag.py:545} INFO - Filling up the DagBag from /opt/airflow/dags/DAG_scraper.py
[2025-09-24T11:04:39.891+0000] {logging_mixin.py:188} INFO - [2025-09-24T11:04:39.890+0000] {dagbag.py:355} ERROR - Failed to import: /opt/airflow/dags/DAG_scraper.py
Traceback (most recent call last):
  File "/home/airflow/.local/lib/python3.10/site-packages/airflow/models/dagbag.py", line 351, in parse
    loader.exec_module(new_module)
  File "<frozen importlib._bootstrap_external>", line 883, in exec_module
  File "<frozen importlib._bootstrap>", line 241, in _call_with_frames_removed
  File "/opt/airflow/dags/DAG_scraper.py", line 10, in <module>
    from ProcessData.DataProcessor import DataProcessor
  File "/opt/airflow/dags/ProcessData/DataProcessor.py", line 6, in <module>
    from geopy.geocoders import Nominatim
ModuleNotFoundError: No module named 'geopy'
[2025-09-24T11:04:39.891+0000] {processor.py:842} WARNING - No viable dags retrieved from /opt/airflow/dags/DAG_scraper.py
[2025-09-24T11:04:39.912+0000] {processor.py:183} INFO - Processing /opt/airflow/dags/DAG_scraper.py took 0.040 seconds
[2025-09-24T11:35:22.290+0000] {processor.py:161} INFO - Started process (PID=241) to work on /opt/airflow/dags/DAG_scraper.py
[2025-09-24T11:35:22.291+0000] {processor.py:830} INFO - Processing file /opt/airflow/dags/DAG_scraper.py for tasks to queue
[2025-09-24T11:35:22.293+0000] {logging_mixin.py:188} INFO - [2025-09-24T11:35:22.293+0000] {dagbag.py:545} INFO - Filling up the DagBag from /opt/airflow/dags/DAG_scraper.py
[2025-09-24T11:35:22.299+0000] {logging_mixin.py:188} INFO - [2025-09-24T11:35:22.298+0000] {dagbag.py:355} ERROR - Failed to import: /opt/airflow/dags/DAG_scraper.py
Traceback (most recent call last):
  File "/home/airflow/.local/lib/python3.10/site-packages/airflow/models/dagbag.py", line 351, in parse
    loader.exec_module(new_module)
  File "<frozen importlib._bootstrap_external>", line 883, in exec_module
  File "<frozen importlib._bootstrap>", line 241, in _call_with_frames_removed
  File "/opt/airflow/dags/DAG_scraper.py", line 10, in <module>
    from ProcessData.DataProcessor import DataProcessor
  File "/opt/airflow/dags/ProcessData/DataProcessor.py", line 6, in <module>
    from geopy.geocoders import Nominatim
ModuleNotFoundError: No module named 'geopy'
[2025-09-24T11:35:22.299+0000] {processor.py:842} WARNING - No viable dags retrieved from /opt/airflow/dags/DAG_scraper.py
[2025-09-24T11:35:22.313+0000] {processor.py:183} INFO - Processing /opt/airflow/dags/DAG_scraper.py took 0.031 seconds
[2025-09-24T11:35:52.599+0000] {processor.py:161} INFO - Started process (PID=242) to work on /opt/airflow/dags/DAG_scraper.py
[2025-09-24T11:35:52.600+0000] {processor.py:830} INFO - Processing file /opt/airflow/dags/DAG_scraper.py for tasks to queue
[2025-09-24T11:35:52.602+0000] {logging_mixin.py:188} INFO - [2025-09-24T11:35:52.602+0000] {dagbag.py:545} INFO - Filling up the DagBag from /opt/airflow/dags/DAG_scraper.py
[2025-09-24T11:35:52.607+0000] {logging_mixin.py:188} INFO - [2025-09-24T11:35:52.606+0000] {dagbag.py:355} ERROR - Failed to import: /opt/airflow/dags/DAG_scraper.py
Traceback (most recent call last):
  File "/home/airflow/.local/lib/python3.10/site-packages/airflow/models/dagbag.py", line 351, in parse
    loader.exec_module(new_module)
  File "<frozen importlib._bootstrap_external>", line 883, in exec_module
  File "<frozen importlib._bootstrap>", line 241, in _call_with_frames_removed
  File "/opt/airflow/dags/DAG_scraper.py", line 10, in <module>
    from ProcessData.DataProcessor import DataProcessor
  File "/opt/airflow/dags/ProcessData/DataProcessor.py", line 6, in <module>
    from geopy.geocoders import Nominatim
ModuleNotFoundError: No module named 'geopy'
[2025-09-24T11:35:52.607+0000] {processor.py:842} WARNING - No viable dags retrieved from /opt/airflow/dags/DAG_scraper.py
[2025-09-24T11:35:52.625+0000] {processor.py:183} INFO - Processing /opt/airflow/dags/DAG_scraper.py took 0.032 seconds
[2025-09-24T11:36:22.928+0000] {processor.py:161} INFO - Started process (PID=243) to work on /opt/airflow/dags/DAG_scraper.py
[2025-09-24T11:36:22.929+0000] {processor.py:830} INFO - Processing file /opt/airflow/dags/DAG_scraper.py for tasks to queue
[2025-09-24T11:36:22.931+0000] {logging_mixin.py:188} INFO - [2025-09-24T11:36:22.931+0000] {dagbag.py:545} INFO - Filling up the DagBag from /opt/airflow/dags/DAG_scraper.py
[2025-09-24T11:36:22.938+0000] {logging_mixin.py:188} INFO - [2025-09-24T11:36:22.938+0000] {dagbag.py:355} ERROR - Failed to import: /opt/airflow/dags/DAG_scraper.py
Traceback (most recent call last):
  File "/home/airflow/.local/lib/python3.10/site-packages/airflow/models/dagbag.py", line 351, in parse
    loader.exec_module(new_module)
  File "<frozen importlib._bootstrap_external>", line 883, in exec_module
  File "<frozen importlib._bootstrap>", line 241, in _call_with_frames_removed
  File "/opt/airflow/dags/DAG_scraper.py", line 10, in <module>
    from ProcessData.DataProcessor import DataProcessor
  File "/opt/airflow/dags/ProcessData/DataProcessor.py", line 6, in <module>
    from geopy.geocoders import Nominatim
ModuleNotFoundError: No module named 'geopy'
[2025-09-24T11:36:22.939+0000] {processor.py:842} WARNING - No viable dags retrieved from /opt/airflow/dags/DAG_scraper.py
[2025-09-24T11:36:22.953+0000] {processor.py:183} INFO - Processing /opt/airflow/dags/DAG_scraper.py took 0.031 seconds
[2025-09-24T11:36:53.242+0000] {processor.py:161} INFO - Started process (PID=244) to work on /opt/airflow/dags/DAG_scraper.py
[2025-09-24T11:36:53.243+0000] {processor.py:830} INFO - Processing file /opt/airflow/dags/DAG_scraper.py for tasks to queue
[2025-09-24T11:36:53.246+0000] {logging_mixin.py:188} INFO - [2025-09-24T11:36:53.246+0000] {dagbag.py:545} INFO - Filling up the DagBag from /opt/airflow/dags/DAG_scraper.py
[2025-09-24T11:36:53.255+0000] {logging_mixin.py:188} INFO - [2025-09-24T11:36:53.254+0000] {dagbag.py:355} ERROR - Failed to import: /opt/airflow/dags/DAG_scraper.py
Traceback (most recent call last):
  File "/home/airflow/.local/lib/python3.10/site-packages/airflow/models/dagbag.py", line 351, in parse
    loader.exec_module(new_module)
  File "<frozen importlib._bootstrap_external>", line 883, in exec_module
  File "<frozen importlib._bootstrap>", line 241, in _call_with_frames_removed
  File "/opt/airflow/dags/DAG_scraper.py", line 10, in <module>
    from ProcessData.DataProcessor import DataProcessor
  File "/opt/airflow/dags/ProcessData/DataProcessor.py", line 6, in <module>
    from geopy.geocoders import Nominatim
ModuleNotFoundError: No module named 'geopy'
[2025-09-24T11:36:53.256+0000] {processor.py:842} WARNING - No viable dags retrieved from /opt/airflow/dags/DAG_scraper.py
[2025-09-24T11:36:53.283+0000] {processor.py:183} INFO - Processing /opt/airflow/dags/DAG_scraper.py took 0.053 seconds
[2025-09-24T11:37:23.524+0000] {processor.py:161} INFO - Started process (PID=245) to work on /opt/airflow/dags/DAG_scraper.py
[2025-09-24T11:37:23.525+0000] {processor.py:830} INFO - Processing file /opt/airflow/dags/DAG_scraper.py for tasks to queue
[2025-09-24T11:37:23.526+0000] {logging_mixin.py:188} INFO - [2025-09-24T11:37:23.526+0000] {dagbag.py:545} INFO - Filling up the DagBag from /opt/airflow/dags/DAG_scraper.py
[2025-09-24T11:37:23.531+0000] {logging_mixin.py:188} INFO - [2025-09-24T11:37:23.530+0000] {dagbag.py:355} ERROR - Failed to import: /opt/airflow/dags/DAG_scraper.py
Traceback (most recent call last):
  File "/home/airflow/.local/lib/python3.10/site-packages/airflow/models/dagbag.py", line 351, in parse
    loader.exec_module(new_module)
  File "<frozen importlib._bootstrap_external>", line 883, in exec_module
  File "<frozen importlib._bootstrap>", line 241, in _call_with_frames_removed
  File "/opt/airflow/dags/DAG_scraper.py", line 10, in <module>
    from ProcessData.DataProcessor import DataProcessor
  File "/opt/airflow/dags/ProcessData/DataProcessor.py", line 6, in <module>
    from geopy.geocoders import Nominatim
ModuleNotFoundError: No module named 'geopy'
[2025-09-24T11:37:23.531+0000] {processor.py:842} WARNING - No viable dags retrieved from /opt/airflow/dags/DAG_scraper.py
[2025-09-24T11:37:23.543+0000] {processor.py:183} INFO - Processing /opt/airflow/dags/DAG_scraper.py took 0.025 seconds
[2025-09-24T11:37:53.787+0000] {processor.py:161} INFO - Started process (PID=246) to work on /opt/airflow/dags/DAG_scraper.py
[2025-09-24T11:37:53.788+0000] {processor.py:830} INFO - Processing file /opt/airflow/dags/DAG_scraper.py for tasks to queue
[2025-09-24T11:37:53.789+0000] {logging_mixin.py:188} INFO - [2025-09-24T11:37:53.789+0000] {dagbag.py:545} INFO - Filling up the DagBag from /opt/airflow/dags/DAG_scraper.py
[2025-09-24T11:37:53.794+0000] {logging_mixin.py:188} INFO - [2025-09-24T11:37:53.793+0000] {dagbag.py:355} ERROR - Failed to import: /opt/airflow/dags/DAG_scraper.py
Traceback (most recent call last):
  File "/home/airflow/.local/lib/python3.10/site-packages/airflow/models/dagbag.py", line 351, in parse
    loader.exec_module(new_module)
  File "<frozen importlib._bootstrap_external>", line 883, in exec_module
  File "<frozen importlib._bootstrap>", line 241, in _call_with_frames_removed
  File "/opt/airflow/dags/DAG_scraper.py", line 10, in <module>
    from ProcessData.DataProcessor import DataProcessor
  File "/opt/airflow/dags/ProcessData/DataProcessor.py", line 6, in <module>
    from geopy.geocoders import Nominatim
ModuleNotFoundError: No module named 'geopy'
[2025-09-24T11:37:53.794+0000] {processor.py:842} WARNING - No viable dags retrieved from /opt/airflow/dags/DAG_scraper.py
[2025-09-24T11:37:53.807+0000] {processor.py:183} INFO - Processing /opt/airflow/dags/DAG_scraper.py took 0.026 seconds
[2025-09-24T11:38:24.048+0000] {processor.py:161} INFO - Started process (PID=247) to work on /opt/airflow/dags/DAG_scraper.py
[2025-09-24T11:38:24.049+0000] {processor.py:830} INFO - Processing file /opt/airflow/dags/DAG_scraper.py for tasks to queue
[2025-09-24T11:38:24.050+0000] {logging_mixin.py:188} INFO - [2025-09-24T11:38:24.050+0000] {dagbag.py:545} INFO - Filling up the DagBag from /opt/airflow/dags/DAG_scraper.py
[2025-09-24T11:38:24.056+0000] {logging_mixin.py:188} INFO - [2025-09-24T11:38:24.055+0000] {dagbag.py:355} ERROR - Failed to import: /opt/airflow/dags/DAG_scraper.py
Traceback (most recent call last):
  File "/home/airflow/.local/lib/python3.10/site-packages/airflow/models/dagbag.py", line 351, in parse
    loader.exec_module(new_module)
  File "<frozen importlib._bootstrap_external>", line 883, in exec_module
  File "<frozen importlib._bootstrap>", line 241, in _call_with_frames_removed
  File "/opt/airflow/dags/DAG_scraper.py", line 10, in <module>
    from ProcessData.DataProcessor import DataProcessor
  File "/opt/airflow/dags/ProcessData/DataProcessor.py", line 6, in <module>
    from geopy.geocoders import Nominatim
ModuleNotFoundError: No module named 'geopy'
[2025-09-24T11:38:24.056+0000] {processor.py:842} WARNING - No viable dags retrieved from /opt/airflow/dags/DAG_scraper.py
[2025-09-24T11:38:24.067+0000] {processor.py:183} INFO - Processing /opt/airflow/dags/DAG_scraper.py took 0.026 seconds
[2025-09-24T11:38:54.338+0000] {processor.py:161} INFO - Started process (PID=248) to work on /opt/airflow/dags/DAG_scraper.py
[2025-09-24T11:38:54.339+0000] {processor.py:830} INFO - Processing file /opt/airflow/dags/DAG_scraper.py for tasks to queue
[2025-09-24T11:38:54.341+0000] {logging_mixin.py:188} INFO - [2025-09-24T11:38:54.341+0000] {dagbag.py:545} INFO - Filling up the DagBag from /opt/airflow/dags/DAG_scraper.py
[2025-09-24T11:38:54.347+0000] {logging_mixin.py:188} INFO - [2025-09-24T11:38:54.346+0000] {dagbag.py:355} ERROR - Failed to import: /opt/airflow/dags/DAG_scraper.py
Traceback (most recent call last):
  File "/home/airflow/.local/lib/python3.10/site-packages/airflow/models/dagbag.py", line 351, in parse
    loader.exec_module(new_module)
  File "<frozen importlib._bootstrap_external>", line 883, in exec_module
  File "<frozen importlib._bootstrap>", line 241, in _call_with_frames_removed
  File "/opt/airflow/dags/DAG_scraper.py", line 10, in <module>
    from ProcessData.DataProcessor import DataProcessor
  File "/opt/airflow/dags/ProcessData/DataProcessor.py", line 6, in <module>
    from geopy.geocoders import Nominatim
ModuleNotFoundError: No module named 'geopy'
[2025-09-24T11:38:54.347+0000] {processor.py:842} WARNING - No viable dags retrieved from /opt/airflow/dags/DAG_scraper.py
[2025-09-24T11:38:54.362+0000] {processor.py:183} INFO - Processing /opt/airflow/dags/DAG_scraper.py took 0.032 seconds
[2025-09-24T11:39:24.593+0000] {processor.py:161} INFO - Started process (PID=249) to work on /opt/airflow/dags/DAG_scraper.py
[2025-09-24T11:39:24.594+0000] {processor.py:830} INFO - Processing file /opt/airflow/dags/DAG_scraper.py for tasks to queue
[2025-09-24T11:39:24.595+0000] {logging_mixin.py:188} INFO - [2025-09-24T11:39:24.595+0000] {dagbag.py:545} INFO - Filling up the DagBag from /opt/airflow/dags/DAG_scraper.py
[2025-09-24T11:39:24.600+0000] {logging_mixin.py:188} INFO - [2025-09-24T11:39:24.600+0000] {dagbag.py:355} ERROR - Failed to import: /opt/airflow/dags/DAG_scraper.py
Traceback (most recent call last):
  File "/home/airflow/.local/lib/python3.10/site-packages/airflow/models/dagbag.py", line 351, in parse
    loader.exec_module(new_module)
  File "<frozen importlib._bootstrap_external>", line 883, in exec_module
  File "<frozen importlib._bootstrap>", line 241, in _call_with_frames_removed
  File "/opt/airflow/dags/DAG_scraper.py", line 10, in <module>
    from ProcessData.DataProcessor import DataProcessor
  File "/opt/airflow/dags/ProcessData/DataProcessor.py", line 6, in <module>
    from geopy.geocoders import Nominatim
ModuleNotFoundError: No module named 'geopy'
[2025-09-24T11:39:24.601+0000] {processor.py:842} WARNING - No viable dags retrieved from /opt/airflow/dags/DAG_scraper.py
[2025-09-24T11:39:24.615+0000] {processor.py:183} INFO - Processing /opt/airflow/dags/DAG_scraper.py took 0.028 seconds
[2025-09-24T11:39:54.863+0000] {processor.py:161} INFO - Started process (PID=250) to work on /opt/airflow/dags/DAG_scraper.py
[2025-09-24T11:39:54.863+0000] {processor.py:830} INFO - Processing file /opt/airflow/dags/DAG_scraper.py for tasks to queue
[2025-09-24T11:39:54.864+0000] {logging_mixin.py:188} INFO - [2025-09-24T11:39:54.864+0000] {dagbag.py:545} INFO - Filling up the DagBag from /opt/airflow/dags/DAG_scraper.py
[2025-09-24T11:39:54.868+0000] {logging_mixin.py:188} INFO - [2025-09-24T11:39:54.867+0000] {dagbag.py:355} ERROR - Failed to import: /opt/airflow/dags/DAG_scraper.py
Traceback (most recent call last):
  File "/home/airflow/.local/lib/python3.10/site-packages/airflow/models/dagbag.py", line 351, in parse
    loader.exec_module(new_module)
  File "<frozen importlib._bootstrap_external>", line 883, in exec_module
  File "<frozen importlib._bootstrap>", line 241, in _call_with_frames_removed
  File "/opt/airflow/dags/DAG_scraper.py", line 10, in <module>
    from ProcessData.DataProcessor import DataProcessor
  File "/opt/airflow/dags/ProcessData/DataProcessor.py", line 6, in <module>
    from geopy.geocoders import Nominatim
ModuleNotFoundError: No module named 'geopy'
[2025-09-24T11:39:54.868+0000] {processor.py:842} WARNING - No viable dags retrieved from /opt/airflow/dags/DAG_scraper.py
[2025-09-24T11:39:54.878+0000] {processor.py:183} INFO - Processing /opt/airflow/dags/DAG_scraper.py took 0.018 seconds
[2025-09-24T11:40:25.187+0000] {processor.py:161} INFO - Started process (PID=251) to work on /opt/airflow/dags/DAG_scraper.py
[2025-09-24T11:40:25.189+0000] {processor.py:830} INFO - Processing file /opt/airflow/dags/DAG_scraper.py for tasks to queue
[2025-09-24T11:40:25.193+0000] {logging_mixin.py:188} INFO - [2025-09-24T11:40:25.192+0000] {dagbag.py:545} INFO - Filling up the DagBag from /opt/airflow/dags/DAG_scraper.py
[2025-09-24T11:40:25.200+0000] {logging_mixin.py:188} INFO - [2025-09-24T11:40:25.199+0000] {dagbag.py:355} ERROR - Failed to import: /opt/airflow/dags/DAG_scraper.py
Traceback (most recent call last):
  File "/home/airflow/.local/lib/python3.10/site-packages/airflow/models/dagbag.py", line 351, in parse
    loader.exec_module(new_module)
  File "<frozen importlib._bootstrap_external>", line 883, in exec_module
  File "<frozen importlib._bootstrap>", line 241, in _call_with_frames_removed
  File "/opt/airflow/dags/DAG_scraper.py", line 10, in <module>
    from ProcessData.DataProcessor import DataProcessor
  File "/opt/airflow/dags/ProcessData/DataProcessor.py", line 6, in <module>
    from geopy.geocoders import Nominatim
ModuleNotFoundError: No module named 'geopy'
[2025-09-24T11:40:25.200+0000] {processor.py:842} WARNING - No viable dags retrieved from /opt/airflow/dags/DAG_scraper.py
[2025-09-24T11:40:25.215+0000] {processor.py:183} INFO - Processing /opt/airflow/dags/DAG_scraper.py took 0.037 seconds
[2025-09-24T11:40:55.483+0000] {processor.py:161} INFO - Started process (PID=252) to work on /opt/airflow/dags/DAG_scraper.py
[2025-09-24T11:40:55.485+0000] {processor.py:830} INFO - Processing file /opt/airflow/dags/DAG_scraper.py for tasks to queue
[2025-09-24T11:40:55.486+0000] {logging_mixin.py:188} INFO - [2025-09-24T11:40:55.486+0000] {dagbag.py:545} INFO - Filling up the DagBag from /opt/airflow/dags/DAG_scraper.py
[2025-09-24T11:40:55.494+0000] {logging_mixin.py:188} INFO - [2025-09-24T11:40:55.493+0000] {dagbag.py:355} ERROR - Failed to import: /opt/airflow/dags/DAG_scraper.py
Traceback (most recent call last):
  File "/home/airflow/.local/lib/python3.10/site-packages/airflow/models/dagbag.py", line 351, in parse
    loader.exec_module(new_module)
  File "<frozen importlib._bootstrap_external>", line 883, in exec_module
  File "<frozen importlib._bootstrap>", line 241, in _call_with_frames_removed
  File "/opt/airflow/dags/DAG_scraper.py", line 10, in <module>
    from ProcessData.DataProcessor import DataProcessor
  File "/opt/airflow/dags/ProcessData/DataProcessor.py", line 6, in <module>
    from geopy.geocoders import Nominatim
ModuleNotFoundError: No module named 'geopy'
[2025-09-24T11:40:55.494+0000] {processor.py:842} WARNING - No viable dags retrieved from /opt/airflow/dags/DAG_scraper.py
[2025-09-24T11:40:55.510+0000] {processor.py:183} INFO - Processing /opt/airflow/dags/DAG_scraper.py took 0.035 seconds
[2025-09-24T11:41:25.830+0000] {processor.py:161} INFO - Started process (PID=253) to work on /opt/airflow/dags/DAG_scraper.py
[2025-09-24T11:41:25.833+0000] {processor.py:830} INFO - Processing file /opt/airflow/dags/DAG_scraper.py for tasks to queue
[2025-09-24T11:41:25.836+0000] {logging_mixin.py:188} INFO - [2025-09-24T11:41:25.835+0000] {dagbag.py:545} INFO - Filling up the DagBag from /opt/airflow/dags/DAG_scraper.py
[2025-09-24T11:41:25.843+0000] {logging_mixin.py:188} INFO - [2025-09-24T11:41:25.843+0000] {dagbag.py:355} ERROR - Failed to import: /opt/airflow/dags/DAG_scraper.py
Traceback (most recent call last):
  File "/home/airflow/.local/lib/python3.10/site-packages/airflow/models/dagbag.py", line 351, in parse
    loader.exec_module(new_module)
  File "<frozen importlib._bootstrap_external>", line 883, in exec_module
  File "<frozen importlib._bootstrap>", line 241, in _call_with_frames_removed
  File "/opt/airflow/dags/DAG_scraper.py", line 10, in <module>
    from ProcessData.DataProcessor import DataProcessor
  File "/opt/airflow/dags/ProcessData/DataProcessor.py", line 6, in <module>
    from geopy.geocoders import Nominatim
ModuleNotFoundError: No module named 'geopy'
[2025-09-24T11:41:25.844+0000] {processor.py:842} WARNING - No viable dags retrieved from /opt/airflow/dags/DAG_scraper.py
[2025-09-24T11:41:25.873+0000] {processor.py:183} INFO - Processing /opt/airflow/dags/DAG_scraper.py took 0.051 seconds
[2025-09-24T11:41:56.159+0000] {processor.py:161} INFO - Started process (PID=254) to work on /opt/airflow/dags/DAG_scraper.py
[2025-09-24T11:41:56.161+0000] {processor.py:830} INFO - Processing file /opt/airflow/dags/DAG_scraper.py for tasks to queue
[2025-09-24T11:41:56.164+0000] {logging_mixin.py:188} INFO - [2025-09-24T11:41:56.163+0000] {dagbag.py:545} INFO - Filling up the DagBag from /opt/airflow/dags/DAG_scraper.py
[2025-09-24T11:41:56.171+0000] {logging_mixin.py:188} INFO - [2025-09-24T11:41:56.170+0000] {dagbag.py:355} ERROR - Failed to import: /opt/airflow/dags/DAG_scraper.py
Traceback (most recent call last):
  File "/home/airflow/.local/lib/python3.10/site-packages/airflow/models/dagbag.py", line 351, in parse
    loader.exec_module(new_module)
  File "<frozen importlib._bootstrap_external>", line 883, in exec_module
  File "<frozen importlib._bootstrap>", line 241, in _call_with_frames_removed
  File "/opt/airflow/dags/DAG_scraper.py", line 10, in <module>
    from ProcessData.DataProcessor import DataProcessor
  File "/opt/airflow/dags/ProcessData/DataProcessor.py", line 6, in <module>
    from geopy.geocoders import Nominatim
ModuleNotFoundError: No module named 'geopy'
[2025-09-24T11:41:56.172+0000] {processor.py:842} WARNING - No viable dags retrieved from /opt/airflow/dags/DAG_scraper.py
[2025-09-24T11:41:56.191+0000] {processor.py:183} INFO - Processing /opt/airflow/dags/DAG_scraper.py took 0.041 seconds
[2025-09-24T11:42:26.478+0000] {processor.py:161} INFO - Started process (PID=255) to work on /opt/airflow/dags/DAG_scraper.py
[2025-09-24T11:42:26.479+0000] {processor.py:830} INFO - Processing file /opt/airflow/dags/DAG_scraper.py for tasks to queue
[2025-09-24T11:42:26.481+0000] {logging_mixin.py:188} INFO - [2025-09-24T11:42:26.481+0000] {dagbag.py:545} INFO - Filling up the DagBag from /opt/airflow/dags/DAG_scraper.py
[2025-09-24T11:42:26.487+0000] {logging_mixin.py:188} INFO - [2025-09-24T11:42:26.486+0000] {dagbag.py:355} ERROR - Failed to import: /opt/airflow/dags/DAG_scraper.py
Traceback (most recent call last):
  File "/home/airflow/.local/lib/python3.10/site-packages/airflow/models/dagbag.py", line 351, in parse
    loader.exec_module(new_module)
  File "<frozen importlib._bootstrap_external>", line 883, in exec_module
  File "<frozen importlib._bootstrap>", line 241, in _call_with_frames_removed
  File "/opt/airflow/dags/DAG_scraper.py", line 10, in <module>
    from ProcessData.DataProcessor import DataProcessor
  File "/opt/airflow/dags/ProcessData/DataProcessor.py", line 6, in <module>
    from geopy.geocoders import Nominatim
ModuleNotFoundError: No module named 'geopy'
[2025-09-24T11:42:26.487+0000] {processor.py:842} WARNING - No viable dags retrieved from /opt/airflow/dags/DAG_scraper.py
[2025-09-24T11:42:26.501+0000] {processor.py:183} INFO - Processing /opt/airflow/dags/DAG_scraper.py took 0.031 seconds
[2025-09-24T11:42:56.857+0000] {processor.py:161} INFO - Started process (PID=256) to work on /opt/airflow/dags/DAG_scraper.py
[2025-09-24T11:42:56.860+0000] {processor.py:830} INFO - Processing file /opt/airflow/dags/DAG_scraper.py for tasks to queue
[2025-09-24T11:42:56.864+0000] {logging_mixin.py:188} INFO - [2025-09-24T11:42:56.863+0000] {dagbag.py:545} INFO - Filling up the DagBag from /opt/airflow/dags/DAG_scraper.py
[2025-09-24T11:42:56.878+0000] {logging_mixin.py:188} INFO - [2025-09-24T11:42:56.874+0000] {dagbag.py:355} ERROR - Failed to import: /opt/airflow/dags/DAG_scraper.py
Traceback (most recent call last):
  File "/home/airflow/.local/lib/python3.10/site-packages/airflow/models/dagbag.py", line 351, in parse
    loader.exec_module(new_module)
  File "<frozen importlib._bootstrap_external>", line 883, in exec_module
  File "<frozen importlib._bootstrap>", line 241, in _call_with_frames_removed
  File "/opt/airflow/dags/DAG_scraper.py", line 10, in <module>
    from ProcessData.DataProcessor import DataProcessor
  File "/opt/airflow/dags/ProcessData/DataProcessor.py", line 6, in <module>
    from geopy.geocoders import Nominatim
ModuleNotFoundError: No module named 'geopy'
[2025-09-24T11:42:56.879+0000] {processor.py:842} WARNING - No viable dags retrieved from /opt/airflow/dags/DAG_scraper.py
[2025-09-24T11:42:56.894+0000] {processor.py:183} INFO - Processing /opt/airflow/dags/DAG_scraper.py took 0.049 seconds
[2025-09-24T11:43:27.195+0000] {processor.py:161} INFO - Started process (PID=257) to work on /opt/airflow/dags/DAG_scraper.py
[2025-09-24T11:43:27.198+0000] {processor.py:830} INFO - Processing file /opt/airflow/dags/DAG_scraper.py for tasks to queue
[2025-09-24T11:43:27.201+0000] {logging_mixin.py:188} INFO - [2025-09-24T11:43:27.201+0000] {dagbag.py:545} INFO - Filling up the DagBag from /opt/airflow/dags/DAG_scraper.py
[2025-09-24T11:43:27.213+0000] {logging_mixin.py:188} INFO - [2025-09-24T11:43:27.211+0000] {dagbag.py:355} ERROR - Failed to import: /opt/airflow/dags/DAG_scraper.py
Traceback (most recent call last):
  File "/home/airflow/.local/lib/python3.10/site-packages/airflow/models/dagbag.py", line 351, in parse
    loader.exec_module(new_module)
  File "<frozen importlib._bootstrap_external>", line 883, in exec_module
  File "<frozen importlib._bootstrap>", line 241, in _call_with_frames_removed
  File "/opt/airflow/dags/DAG_scraper.py", line 10, in <module>
    from ProcessData.DataProcessor import DataProcessor
  File "/opt/airflow/dags/ProcessData/DataProcessor.py", line 6, in <module>
    from geopy.geocoders import Nominatim
ModuleNotFoundError: No module named 'geopy'
[2025-09-24T11:43:27.214+0000] {processor.py:842} WARNING - No viable dags retrieved from /opt/airflow/dags/DAG_scraper.py
[2025-09-24T11:43:27.241+0000] {processor.py:183} INFO - Processing /opt/airflow/dags/DAG_scraper.py took 0.055 seconds
[2025-09-24T11:43:57.542+0000] {processor.py:161} INFO - Started process (PID=258) to work on /opt/airflow/dags/DAG_scraper.py
[2025-09-24T11:43:57.543+0000] {processor.py:830} INFO - Processing file /opt/airflow/dags/DAG_scraper.py for tasks to queue
[2025-09-24T11:43:57.546+0000] {logging_mixin.py:188} INFO - [2025-09-24T11:43:57.546+0000] {dagbag.py:545} INFO - Filling up the DagBag from /opt/airflow/dags/DAG_scraper.py
[2025-09-24T11:43:57.556+0000] {logging_mixin.py:188} INFO - [2025-09-24T11:43:57.554+0000] {dagbag.py:355} ERROR - Failed to import: /opt/airflow/dags/DAG_scraper.py
Traceback (most recent call last):
  File "/home/airflow/.local/lib/python3.10/site-packages/airflow/models/dagbag.py", line 351, in parse
    loader.exec_module(new_module)
  File "<frozen importlib._bootstrap_external>", line 883, in exec_module
  File "<frozen importlib._bootstrap>", line 241, in _call_with_frames_removed
  File "/opt/airflow/dags/DAG_scraper.py", line 10, in <module>
    from ProcessData.DataProcessor import DataProcessor
  File "/opt/airflow/dags/ProcessData/DataProcessor.py", line 6, in <module>
    from geopy.geocoders import Nominatim
ModuleNotFoundError: No module named 'geopy'
[2025-09-24T11:43:57.557+0000] {processor.py:842} WARNING - No viable dags retrieved from /opt/airflow/dags/DAG_scraper.py
[2025-09-24T11:43:57.578+0000] {processor.py:183} INFO - Processing /opt/airflow/dags/DAG_scraper.py took 0.055 seconds
[2025-09-24T12:21:49.830+0000] {processor.py:161} INFO - Started process (PID=259) to work on /opt/airflow/dags/DAG_scraper.py
[2025-09-24T12:21:49.831+0000] {processor.py:830} INFO - Processing file /opt/airflow/dags/DAG_scraper.py for tasks to queue
[2025-09-24T12:21:49.833+0000] {logging_mixin.py:188} INFO - [2025-09-24T12:21:49.833+0000] {dagbag.py:545} INFO - Filling up the DagBag from /opt/airflow/dags/DAG_scraper.py
[2025-09-24T12:21:49.839+0000] {logging_mixin.py:188} INFO - [2025-09-24T12:21:49.838+0000] {dagbag.py:355} ERROR - Failed to import: /opt/airflow/dags/DAG_scraper.py
Traceback (most recent call last):
  File "/home/airflow/.local/lib/python3.10/site-packages/airflow/models/dagbag.py", line 351, in parse
    loader.exec_module(new_module)
  File "<frozen importlib._bootstrap_external>", line 883, in exec_module
  File "<frozen importlib._bootstrap>", line 241, in _call_with_frames_removed
  File "/opt/airflow/dags/DAG_scraper.py", line 10, in <module>
    from ProcessData.DataProcessor import DataProcessor
  File "/opt/airflow/dags/ProcessData/DataProcessor.py", line 6, in <module>
    from geopy.geocoders import Nominatim
ModuleNotFoundError: No module named 'geopy'
[2025-09-24T12:21:49.840+0000] {processor.py:842} WARNING - No viable dags retrieved from /opt/airflow/dags/DAG_scraper.py
[2025-09-24T12:21:49.852+0000] {processor.py:183} INFO - Processing /opt/airflow/dags/DAG_scraper.py took 0.036 seconds
[2025-09-24T12:22:20.037+0000] {processor.py:161} INFO - Started process (PID=260) to work on /opt/airflow/dags/DAG_scraper.py
[2025-09-24T12:22:20.038+0000] {processor.py:830} INFO - Processing file /opt/airflow/dags/DAG_scraper.py for tasks to queue
[2025-09-24T12:22:20.040+0000] {logging_mixin.py:188} INFO - [2025-09-24T12:22:20.040+0000] {dagbag.py:545} INFO - Filling up the DagBag from /opt/airflow/dags/DAG_scraper.py
[2025-09-24T12:22:20.047+0000] {logging_mixin.py:188} INFO - [2025-09-24T12:22:20.047+0000] {dagbag.py:355} ERROR - Failed to import: /opt/airflow/dags/DAG_scraper.py
Traceback (most recent call last):
  File "/home/airflow/.local/lib/python3.10/site-packages/airflow/models/dagbag.py", line 351, in parse
    loader.exec_module(new_module)
  File "<frozen importlib._bootstrap_external>", line 883, in exec_module
  File "<frozen importlib._bootstrap>", line 241, in _call_with_frames_removed
  File "/opt/airflow/dags/DAG_scraper.py", line 10, in <module>
    from ProcessData.DataProcessor import DataProcessor
  File "/opt/airflow/dags/ProcessData/DataProcessor.py", line 6, in <module>
    from geopy.geocoders import Nominatim
ModuleNotFoundError: No module named 'geopy'
[2025-09-24T12:22:20.048+0000] {processor.py:842} WARNING - No viable dags retrieved from /opt/airflow/dags/DAG_scraper.py
[2025-09-24T12:22:20.062+0000] {processor.py:183} INFO - Processing /opt/airflow/dags/DAG_scraper.py took 0.032 seconds
[2025-09-24T12:22:50.387+0000] {processor.py:161} INFO - Started process (PID=261) to work on /opt/airflow/dags/DAG_scraper.py
[2025-09-24T12:22:50.388+0000] {processor.py:830} INFO - Processing file /opt/airflow/dags/DAG_scraper.py for tasks to queue
[2025-09-24T12:22:50.390+0000] {logging_mixin.py:188} INFO - [2025-09-24T12:22:50.390+0000] {dagbag.py:545} INFO - Filling up the DagBag from /opt/airflow/dags/DAG_scraper.py
[2025-09-24T12:22:50.396+0000] {logging_mixin.py:188} INFO - [2025-09-24T12:22:50.395+0000] {dagbag.py:355} ERROR - Failed to import: /opt/airflow/dags/DAG_scraper.py
Traceback (most recent call last):
  File "/home/airflow/.local/lib/python3.10/site-packages/airflow/models/dagbag.py", line 351, in parse
    loader.exec_module(new_module)
  File "<frozen importlib._bootstrap_external>", line 883, in exec_module
  File "<frozen importlib._bootstrap>", line 241, in _call_with_frames_removed
  File "/opt/airflow/dags/DAG_scraper.py", line 10, in <module>
    from ProcessData.DataProcessor import DataProcessor
  File "/opt/airflow/dags/ProcessData/DataProcessor.py", line 6, in <module>
    from geopy.geocoders import Nominatim
ModuleNotFoundError: No module named 'geopy'
[2025-09-24T12:22:50.396+0000] {processor.py:842} WARNING - No viable dags retrieved from /opt/airflow/dags/DAG_scraper.py
[2025-09-24T12:22:50.411+0000] {processor.py:183} INFO - Processing /opt/airflow/dags/DAG_scraper.py took 0.031 seconds
[2025-09-24T12:23:20.664+0000] {processor.py:161} INFO - Started process (PID=262) to work on /opt/airflow/dags/DAG_scraper.py
[2025-09-24T12:23:20.665+0000] {processor.py:830} INFO - Processing file /opt/airflow/dags/DAG_scraper.py for tasks to queue
[2025-09-24T12:23:20.668+0000] {logging_mixin.py:188} INFO - [2025-09-24T12:23:20.667+0000] {dagbag.py:545} INFO - Filling up the DagBag from /opt/airflow/dags/DAG_scraper.py
[2025-09-24T12:23:20.675+0000] {logging_mixin.py:188} INFO - [2025-09-24T12:23:20.674+0000] {dagbag.py:355} ERROR - Failed to import: /opt/airflow/dags/DAG_scraper.py
Traceback (most recent call last):
  File "/home/airflow/.local/lib/python3.10/site-packages/airflow/models/dagbag.py", line 351, in parse
    loader.exec_module(new_module)
  File "<frozen importlib._bootstrap_external>", line 883, in exec_module
  File "<frozen importlib._bootstrap>", line 241, in _call_with_frames_removed
  File "/opt/airflow/dags/DAG_scraper.py", line 10, in <module>
    from ProcessData.DataProcessor import DataProcessor
  File "/opt/airflow/dags/ProcessData/DataProcessor.py", line 6, in <module>
    from geopy.geocoders import Nominatim
ModuleNotFoundError: No module named 'geopy'
[2025-09-24T12:23:20.675+0000] {processor.py:842} WARNING - No viable dags retrieved from /opt/airflow/dags/DAG_scraper.py
[2025-09-24T12:23:20.690+0000] {processor.py:183} INFO - Processing /opt/airflow/dags/DAG_scraper.py took 0.033 seconds
[2025-09-24T12:23:50.976+0000] {processor.py:161} INFO - Started process (PID=263) to work on /opt/airflow/dags/DAG_scraper.py
[2025-09-24T12:23:50.977+0000] {processor.py:830} INFO - Processing file /opt/airflow/dags/DAG_scraper.py for tasks to queue
[2025-09-24T12:23:50.979+0000] {logging_mixin.py:188} INFO - [2025-09-24T12:23:50.979+0000] {dagbag.py:545} INFO - Filling up the DagBag from /opt/airflow/dags/DAG_scraper.py
[2025-09-24T12:23:50.986+0000] {logging_mixin.py:188} INFO - [2025-09-24T12:23:50.986+0000] {dagbag.py:355} ERROR - Failed to import: /opt/airflow/dags/DAG_scraper.py
Traceback (most recent call last):
  File "/home/airflow/.local/lib/python3.10/site-packages/airflow/models/dagbag.py", line 351, in parse
    loader.exec_module(new_module)
  File "<frozen importlib._bootstrap_external>", line 883, in exec_module
  File "<frozen importlib._bootstrap>", line 241, in _call_with_frames_removed
  File "/opt/airflow/dags/DAG_scraper.py", line 10, in <module>
    from ProcessData.DataProcessor import DataProcessor
  File "/opt/airflow/dags/ProcessData/DataProcessor.py", line 6, in <module>
    from geopy.geocoders import Nominatim
ModuleNotFoundError: No module named 'geopy'
[2025-09-24T12:23:50.987+0000] {processor.py:842} WARNING - No viable dags retrieved from /opt/airflow/dags/DAG_scraper.py
[2025-09-24T12:23:51.003+0000] {processor.py:183} INFO - Processing /opt/airflow/dags/DAG_scraper.py took 0.034 seconds
[2025-09-24T12:24:21.245+0000] {processor.py:161} INFO - Started process (PID=264) to work on /opt/airflow/dags/DAG_scraper.py
[2025-09-24T12:24:21.246+0000] {processor.py:830} INFO - Processing file /opt/airflow/dags/DAG_scraper.py for tasks to queue
[2025-09-24T12:24:21.249+0000] {logging_mixin.py:188} INFO - [2025-09-24T12:24:21.249+0000] {dagbag.py:545} INFO - Filling up the DagBag from /opt/airflow/dags/DAG_scraper.py
[2025-09-24T12:24:21.256+0000] {logging_mixin.py:188} INFO - [2025-09-24T12:24:21.255+0000] {dagbag.py:355} ERROR - Failed to import: /opt/airflow/dags/DAG_scraper.py
Traceback (most recent call last):
  File "/home/airflow/.local/lib/python3.10/site-packages/airflow/models/dagbag.py", line 351, in parse
    loader.exec_module(new_module)
  File "<frozen importlib._bootstrap_external>", line 883, in exec_module
  File "<frozen importlib._bootstrap>", line 241, in _call_with_frames_removed
  File "/opt/airflow/dags/DAG_scraper.py", line 10, in <module>
    from ProcessData.DataProcessor import DataProcessor
  File "/opt/airflow/dags/ProcessData/DataProcessor.py", line 6, in <module>
    from geopy.geocoders import Nominatim
ModuleNotFoundError: No module named 'geopy'
[2025-09-24T12:24:21.257+0000] {processor.py:842} WARNING - No viable dags retrieved from /opt/airflow/dags/DAG_scraper.py
[2025-09-24T12:24:21.282+0000] {processor.py:183} INFO - Processing /opt/airflow/dags/DAG_scraper.py took 0.045 seconds
[2025-09-24T12:24:51.552+0000] {processor.py:161} INFO - Started process (PID=265) to work on /opt/airflow/dags/DAG_scraper.py
[2025-09-24T12:24:51.554+0000] {processor.py:830} INFO - Processing file /opt/airflow/dags/DAG_scraper.py for tasks to queue
[2025-09-24T12:24:51.557+0000] {logging_mixin.py:188} INFO - [2025-09-24T12:24:51.556+0000] {dagbag.py:545} INFO - Filling up the DagBag from /opt/airflow/dags/DAG_scraper.py
[2025-09-24T12:24:51.564+0000] {logging_mixin.py:188} INFO - [2025-09-24T12:24:51.563+0000] {dagbag.py:355} ERROR - Failed to import: /opt/airflow/dags/DAG_scraper.py
Traceback (most recent call last):
  File "/home/airflow/.local/lib/python3.10/site-packages/airflow/models/dagbag.py", line 351, in parse
    loader.exec_module(new_module)
  File "<frozen importlib._bootstrap_external>", line 883, in exec_module
  File "<frozen importlib._bootstrap>", line 241, in _call_with_frames_removed
  File "/opt/airflow/dags/DAG_scraper.py", line 10, in <module>
    from ProcessData.DataProcessor import DataProcessor
  File "/opt/airflow/dags/ProcessData/DataProcessor.py", line 6, in <module>
    from geopy.geocoders import Nominatim
ModuleNotFoundError: No module named 'geopy'
[2025-09-24T12:24:51.564+0000] {processor.py:842} WARNING - No viable dags retrieved from /opt/airflow/dags/DAG_scraper.py
[2025-09-24T12:24:51.581+0000] {processor.py:183} INFO - Processing /opt/airflow/dags/DAG_scraper.py took 0.037 seconds
[2025-09-24T12:25:21.864+0000] {processor.py:161} INFO - Started process (PID=266) to work on /opt/airflow/dags/DAG_scraper.py
[2025-09-24T12:25:21.866+0000] {processor.py:830} INFO - Processing file /opt/airflow/dags/DAG_scraper.py for tasks to queue
[2025-09-24T12:25:21.870+0000] {logging_mixin.py:188} INFO - [2025-09-24T12:25:21.870+0000] {dagbag.py:545} INFO - Filling up the DagBag from /opt/airflow/dags/DAG_scraper.py
[2025-09-24T12:25:21.880+0000] {logging_mixin.py:188} INFO - [2025-09-24T12:25:21.879+0000] {dagbag.py:355} ERROR - Failed to import: /opt/airflow/dags/DAG_scraper.py
Traceback (most recent call last):
  File "/home/airflow/.local/lib/python3.10/site-packages/airflow/models/dagbag.py", line 351, in parse
    loader.exec_module(new_module)
  File "<frozen importlib._bootstrap_external>", line 883, in exec_module
  File "<frozen importlib._bootstrap>", line 241, in _call_with_frames_removed
  File "/opt/airflow/dags/DAG_scraper.py", line 10, in <module>
    from ProcessData.DataProcessor import DataProcessor
  File "/opt/airflow/dags/ProcessData/DataProcessor.py", line 6, in <module>
    from geopy.geocoders import Nominatim
ModuleNotFoundError: No module named 'geopy'
[2025-09-24T12:25:21.880+0000] {processor.py:842} WARNING - No viable dags retrieved from /opt/airflow/dags/DAG_scraper.py
[2025-09-24T12:25:21.898+0000] {processor.py:183} INFO - Processing /opt/airflow/dags/DAG_scraper.py took 0.046 seconds
[2025-09-24T12:25:52.199+0000] {processor.py:161} INFO - Started process (PID=267) to work on /opt/airflow/dags/DAG_scraper.py
[2025-09-24T12:25:52.200+0000] {processor.py:830} INFO - Processing file /opt/airflow/dags/DAG_scraper.py for tasks to queue
[2025-09-24T12:25:52.203+0000] {logging_mixin.py:188} INFO - [2025-09-24T12:25:52.202+0000] {dagbag.py:545} INFO - Filling up the DagBag from /opt/airflow/dags/DAG_scraper.py
[2025-09-24T12:25:52.220+0000] {logging_mixin.py:188} INFO - [2025-09-24T12:25:52.219+0000] {dagbag.py:355} ERROR - Failed to import: /opt/airflow/dags/DAG_scraper.py
Traceback (most recent call last):
  File "/home/airflow/.local/lib/python3.10/site-packages/airflow/models/dagbag.py", line 351, in parse
    loader.exec_module(new_module)
  File "<frozen importlib._bootstrap_external>", line 883, in exec_module
  File "<frozen importlib._bootstrap>", line 241, in _call_with_frames_removed
  File "/opt/airflow/dags/DAG_scraper.py", line 10, in <module>
    from ProcessData.DataProcessor import DataProcessor
  File "/opt/airflow/dags/ProcessData/DataProcessor.py", line 6, in <module>
    from geopy.geocoders import Nominatim
ModuleNotFoundError: No module named 'geopy'
[2025-09-24T12:25:52.221+0000] {processor.py:842} WARNING - No viable dags retrieved from /opt/airflow/dags/DAG_scraper.py
[2025-09-24T12:25:52.241+0000] {processor.py:183} INFO - Processing /opt/airflow/dags/DAG_scraper.py took 0.051 seconds
[2025-09-24T12:26:22.668+0000] {processor.py:161} INFO - Started process (PID=268) to work on /opt/airflow/dags/DAG_scraper.py
[2025-09-24T12:26:22.670+0000] {processor.py:830} INFO - Processing file /opt/airflow/dags/DAG_scraper.py for tasks to queue
[2025-09-24T12:26:22.672+0000] {logging_mixin.py:188} INFO - [2025-09-24T12:26:22.672+0000] {dagbag.py:545} INFO - Filling up the DagBag from /opt/airflow/dags/DAG_scraper.py
[2025-09-24T12:26:22.681+0000] {logging_mixin.py:188} INFO - [2025-09-24T12:26:22.679+0000] {dagbag.py:355} ERROR - Failed to import: /opt/airflow/dags/DAG_scraper.py
Traceback (most recent call last):
  File "/home/airflow/.local/lib/python3.10/site-packages/airflow/models/dagbag.py", line 351, in parse
    loader.exec_module(new_module)
  File "<frozen importlib._bootstrap_external>", line 883, in exec_module
  File "<frozen importlib._bootstrap>", line 241, in _call_with_frames_removed
  File "/opt/airflow/dags/DAG_scraper.py", line 10, in <module>
    from ProcessData.DataProcessor import DataProcessor
  File "/opt/airflow/dags/ProcessData/DataProcessor.py", line 6, in <module>
    from geopy.geocoders import Nominatim
ModuleNotFoundError: No module named 'geopy'
[2025-09-24T12:26:22.681+0000] {processor.py:842} WARNING - No viable dags retrieved from /opt/airflow/dags/DAG_scraper.py
[2025-09-24T12:26:22.702+0000] {processor.py:183} INFO - Processing /opt/airflow/dags/DAG_scraper.py took 0.060 seconds
[2025-09-24T12:26:53.040+0000] {processor.py:161} INFO - Started process (PID=269) to work on /opt/airflow/dags/DAG_scraper.py
[2025-09-24T12:26:53.042+0000] {processor.py:830} INFO - Processing file /opt/airflow/dags/DAG_scraper.py for tasks to queue
[2025-09-24T12:26:53.046+0000] {logging_mixin.py:188} INFO - [2025-09-24T12:26:53.045+0000] {dagbag.py:545} INFO - Filling up the DagBag from /opt/airflow/dags/DAG_scraper.py
[2025-09-24T12:26:53.054+0000] {logging_mixin.py:188} INFO - [2025-09-24T12:26:53.053+0000] {dagbag.py:355} ERROR - Failed to import: /opt/airflow/dags/DAG_scraper.py
Traceback (most recent call last):
  File "/home/airflow/.local/lib/python3.10/site-packages/airflow/models/dagbag.py", line 351, in parse
    loader.exec_module(new_module)
  File "<frozen importlib._bootstrap_external>", line 883, in exec_module
  File "<frozen importlib._bootstrap>", line 241, in _call_with_frames_removed
  File "/opt/airflow/dags/DAG_scraper.py", line 10, in <module>
    from ProcessData.DataProcessor import DataProcessor
  File "/opt/airflow/dags/ProcessData/DataProcessor.py", line 6, in <module>
    from geopy.geocoders import Nominatim
ModuleNotFoundError: No module named 'geopy'
[2025-09-24T12:26:53.054+0000] {processor.py:842} WARNING - No viable dags retrieved from /opt/airflow/dags/DAG_scraper.py
[2025-09-24T12:26:53.071+0000] {processor.py:183} INFO - Processing /opt/airflow/dags/DAG_scraper.py took 0.043 seconds
[2025-09-24T12:27:23.383+0000] {processor.py:161} INFO - Started process (PID=270) to work on /opt/airflow/dags/DAG_scraper.py
[2025-09-24T12:27:23.385+0000] {processor.py:830} INFO - Processing file /opt/airflow/dags/DAG_scraper.py for tasks to queue
[2025-09-24T12:27:23.389+0000] {logging_mixin.py:188} INFO - [2025-09-24T12:27:23.388+0000] {dagbag.py:545} INFO - Filling up the DagBag from /opt/airflow/dags/DAG_scraper.py
[2025-09-24T12:27:23.399+0000] {logging_mixin.py:188} INFO - [2025-09-24T12:27:23.398+0000] {dagbag.py:355} ERROR - Failed to import: /opt/airflow/dags/DAG_scraper.py
Traceback (most recent call last):
  File "/home/airflow/.local/lib/python3.10/site-packages/airflow/models/dagbag.py", line 351, in parse
    loader.exec_module(new_module)
  File "<frozen importlib._bootstrap_external>", line 883, in exec_module
  File "<frozen importlib._bootstrap>", line 241, in _call_with_frames_removed
  File "/opt/airflow/dags/DAG_scraper.py", line 10, in <module>
    from ProcessData.DataProcessor import DataProcessor
  File "/opt/airflow/dags/ProcessData/DataProcessor.py", line 6, in <module>
    from geopy.geocoders import Nominatim
ModuleNotFoundError: No module named 'geopy'
[2025-09-24T12:27:23.400+0000] {processor.py:842} WARNING - No viable dags retrieved from /opt/airflow/dags/DAG_scraper.py
[2025-09-24T12:27:23.418+0000] {processor.py:183} INFO - Processing /opt/airflow/dags/DAG_scraper.py took 0.050 seconds
[2025-09-24T12:27:53.690+0000] {processor.py:161} INFO - Started process (PID=271) to work on /opt/airflow/dags/DAG_scraper.py
[2025-09-24T12:27:53.692+0000] {processor.py:830} INFO - Processing file /opt/airflow/dags/DAG_scraper.py for tasks to queue
[2025-09-24T12:27:53.695+0000] {logging_mixin.py:188} INFO - [2025-09-24T12:27:53.695+0000] {dagbag.py:545} INFO - Filling up the DagBag from /opt/airflow/dags/DAG_scraper.py
[2025-09-24T12:27:53.702+0000] {logging_mixin.py:188} INFO - [2025-09-24T12:27:53.701+0000] {dagbag.py:355} ERROR - Failed to import: /opt/airflow/dags/DAG_scraper.py
Traceback (most recent call last):
  File "/home/airflow/.local/lib/python3.10/site-packages/airflow/models/dagbag.py", line 351, in parse
    loader.exec_module(new_module)
  File "<frozen importlib._bootstrap_external>", line 883, in exec_module
  File "<frozen importlib._bootstrap>", line 241, in _call_with_frames_removed
  File "/opt/airflow/dags/DAG_scraper.py", line 10, in <module>
    from ProcessData.DataProcessor import DataProcessor
  File "/opt/airflow/dags/ProcessData/DataProcessor.py", line 6, in <module>
    from geopy.geocoders import Nominatim
ModuleNotFoundError: No module named 'geopy'
[2025-09-24T12:27:53.702+0000] {processor.py:842} WARNING - No viable dags retrieved from /opt/airflow/dags/DAG_scraper.py
[2025-09-24T12:27:53.733+0000] {processor.py:183} INFO - Processing /opt/airflow/dags/DAG_scraper.py took 0.051 seconds
[2025-09-24T12:28:24.029+0000] {processor.py:161} INFO - Started process (PID=272) to work on /opt/airflow/dags/DAG_scraper.py
[2025-09-24T12:28:24.030+0000] {processor.py:830} INFO - Processing file /opt/airflow/dags/DAG_scraper.py for tasks to queue
[2025-09-24T12:28:24.034+0000] {logging_mixin.py:188} INFO - [2025-09-24T12:28:24.033+0000] {dagbag.py:545} INFO - Filling up the DagBag from /opt/airflow/dags/DAG_scraper.py
[2025-09-24T12:28:24.044+0000] {logging_mixin.py:188} INFO - [2025-09-24T12:28:24.043+0000] {dagbag.py:355} ERROR - Failed to import: /opt/airflow/dags/DAG_scraper.py
Traceback (most recent call last):
  File "/home/airflow/.local/lib/python3.10/site-packages/airflow/models/dagbag.py", line 351, in parse
    loader.exec_module(new_module)
  File "<frozen importlib._bootstrap_external>", line 883, in exec_module
  File "<frozen importlib._bootstrap>", line 241, in _call_with_frames_removed
  File "/opt/airflow/dags/DAG_scraper.py", line 10, in <module>
    from ProcessData.DataProcessor import DataProcessor
  File "/opt/airflow/dags/ProcessData/DataProcessor.py", line 6, in <module>
    from geopy.geocoders import Nominatim
ModuleNotFoundError: No module named 'geopy'
[2025-09-24T12:28:24.044+0000] {processor.py:842} WARNING - No viable dags retrieved from /opt/airflow/dags/DAG_scraper.py
[2025-09-24T12:28:24.060+0000] {processor.py:183} INFO - Processing /opt/airflow/dags/DAG_scraper.py took 0.043 seconds
[2025-09-24T12:28:54.342+0000] {processor.py:161} INFO - Started process (PID=273) to work on /opt/airflow/dags/DAG_scraper.py
[2025-09-24T12:28:54.344+0000] {processor.py:830} INFO - Processing file /opt/airflow/dags/DAG_scraper.py for tasks to queue
[2025-09-24T12:28:54.352+0000] {logging_mixin.py:188} INFO - [2025-09-24T12:28:54.351+0000] {dagbag.py:545} INFO - Filling up the DagBag from /opt/airflow/dags/DAG_scraper.py
[2025-09-24T12:28:54.379+0000] {logging_mixin.py:188} INFO - [2025-09-24T12:28:54.376+0000] {dagbag.py:355} ERROR - Failed to import: /opt/airflow/dags/DAG_scraper.py
Traceback (most recent call last):
  File "/home/airflow/.local/lib/python3.10/site-packages/airflow/models/dagbag.py", line 351, in parse
    loader.exec_module(new_module)
  File "<frozen importlib._bootstrap_external>", line 883, in exec_module
  File "<frozen importlib._bootstrap>", line 241, in _call_with_frames_removed
  File "/opt/airflow/dags/DAG_scraper.py", line 10, in <module>
    from ProcessData.DataProcessor import DataProcessor
  File "/opt/airflow/dags/ProcessData/DataProcessor.py", line 6, in <module>
    from geopy.geocoders import Nominatim
ModuleNotFoundError: No module named 'geopy'
[2025-09-24T12:28:54.380+0000] {processor.py:842} WARNING - No viable dags retrieved from /opt/airflow/dags/DAG_scraper.py
[2025-09-24T12:28:54.405+0000] {processor.py:183} INFO - Processing /opt/airflow/dags/DAG_scraper.py took 0.074 seconds
[2025-09-24T12:29:24.622+0000] {processor.py:161} INFO - Started process (PID=274) to work on /opt/airflow/dags/DAG_scraper.py
[2025-09-24T12:29:24.622+0000] {processor.py:830} INFO - Processing file /opt/airflow/dags/DAG_scraper.py for tasks to queue
[2025-09-24T12:29:24.624+0000] {logging_mixin.py:188} INFO - [2025-09-24T12:29:24.624+0000] {dagbag.py:545} INFO - Filling up the DagBag from /opt/airflow/dags/DAG_scraper.py
[2025-09-24T12:29:24.629+0000] {logging_mixin.py:188} INFO - [2025-09-24T12:29:24.629+0000] {dagbag.py:355} ERROR - Failed to import: /opt/airflow/dags/DAG_scraper.py
Traceback (most recent call last):
  File "/home/airflow/.local/lib/python3.10/site-packages/airflow/models/dagbag.py", line 351, in parse
    loader.exec_module(new_module)
  File "<frozen importlib._bootstrap_external>", line 883, in exec_module
  File "<frozen importlib._bootstrap>", line 241, in _call_with_frames_removed
  File "/opt/airflow/dags/DAG_scraper.py", line 10, in <module>
    from ProcessData.DataProcessor import DataProcessor
  File "/opt/airflow/dags/ProcessData/DataProcessor.py", line 6, in <module>
    from geopy.geocoders import Nominatim
ModuleNotFoundError: No module named 'geopy'
[2025-09-24T12:29:24.629+0000] {processor.py:842} WARNING - No viable dags retrieved from /opt/airflow/dags/DAG_scraper.py
[2025-09-24T12:29:24.643+0000] {processor.py:183} INFO - Processing /opt/airflow/dags/DAG_scraper.py took 0.027 seconds
[2025-09-24T12:29:54.934+0000] {processor.py:161} INFO - Started process (PID=275) to work on /opt/airflow/dags/DAG_scraper.py
[2025-09-24T12:29:54.935+0000] {processor.py:830} INFO - Processing file /opt/airflow/dags/DAG_scraper.py for tasks to queue
[2025-09-24T12:29:54.938+0000] {logging_mixin.py:188} INFO - [2025-09-24T12:29:54.937+0000] {dagbag.py:545} INFO - Filling up the DagBag from /opt/airflow/dags/DAG_scraper.py
[2025-09-24T12:29:54.945+0000] {logging_mixin.py:188} INFO - [2025-09-24T12:29:54.944+0000] {dagbag.py:355} ERROR - Failed to import: /opt/airflow/dags/DAG_scraper.py
Traceback (most recent call last):
  File "/home/airflow/.local/lib/python3.10/site-packages/airflow/models/dagbag.py", line 351, in parse
    loader.exec_module(new_module)
  File "<frozen importlib._bootstrap_external>", line 883, in exec_module
  File "<frozen importlib._bootstrap>", line 241, in _call_with_frames_removed
  File "/opt/airflow/dags/DAG_scraper.py", line 10, in <module>
    from ProcessData.DataProcessor import DataProcessor
  File "/opt/airflow/dags/ProcessData/DataProcessor.py", line 6, in <module>
    from geopy.geocoders import Nominatim
ModuleNotFoundError: No module named 'geopy'
[2025-09-24T12:29:54.945+0000] {processor.py:842} WARNING - No viable dags retrieved from /opt/airflow/dags/DAG_scraper.py
[2025-09-24T12:29:54.961+0000] {processor.py:183} INFO - Processing /opt/airflow/dags/DAG_scraper.py took 0.037 seconds
[2025-09-24T12:30:25.218+0000] {processor.py:161} INFO - Started process (PID=276) to work on /opt/airflow/dags/DAG_scraper.py
[2025-09-24T12:30:25.219+0000] {processor.py:830} INFO - Processing file /opt/airflow/dags/DAG_scraper.py for tasks to queue
[2025-09-24T12:30:25.222+0000] {logging_mixin.py:188} INFO - [2025-09-24T12:30:25.222+0000] {dagbag.py:545} INFO - Filling up the DagBag from /opt/airflow/dags/DAG_scraper.py
[2025-09-24T12:30:25.229+0000] {logging_mixin.py:188} INFO - [2025-09-24T12:30:25.228+0000] {dagbag.py:355} ERROR - Failed to import: /opt/airflow/dags/DAG_scraper.py
Traceback (most recent call last):
  File "/home/airflow/.local/lib/python3.10/site-packages/airflow/models/dagbag.py", line 351, in parse
    loader.exec_module(new_module)
  File "<frozen importlib._bootstrap_external>", line 883, in exec_module
  File "<frozen importlib._bootstrap>", line 241, in _call_with_frames_removed
  File "/opt/airflow/dags/DAG_scraper.py", line 10, in <module>
    from ProcessData.DataProcessor import DataProcessor
  File "/opt/airflow/dags/ProcessData/DataProcessor.py", line 6, in <module>
    from geopy.geocoders import Nominatim
ModuleNotFoundError: No module named 'geopy'
[2025-09-24T12:30:25.229+0000] {processor.py:842} WARNING - No viable dags retrieved from /opt/airflow/dags/DAG_scraper.py
[2025-09-24T12:30:25.245+0000] {processor.py:183} INFO - Processing /opt/airflow/dags/DAG_scraper.py took 0.038 seconds
[2025-09-24T12:30:55.530+0000] {processor.py:161} INFO - Started process (PID=277) to work on /opt/airflow/dags/DAG_scraper.py
[2025-09-24T12:30:55.531+0000] {processor.py:830} INFO - Processing file /opt/airflow/dags/DAG_scraper.py for tasks to queue
[2025-09-24T12:30:55.534+0000] {logging_mixin.py:188} INFO - [2025-09-24T12:30:55.534+0000] {dagbag.py:545} INFO - Filling up the DagBag from /opt/airflow/dags/DAG_scraper.py
[2025-09-24T12:30:55.547+0000] {logging_mixin.py:188} INFO - [2025-09-24T12:30:55.544+0000] {dagbag.py:355} ERROR - Failed to import: /opt/airflow/dags/DAG_scraper.py
Traceback (most recent call last):
  File "/home/airflow/.local/lib/python3.10/site-packages/airflow/models/dagbag.py", line 351, in parse
    loader.exec_module(new_module)
  File "<frozen importlib._bootstrap_external>", line 883, in exec_module
  File "<frozen importlib._bootstrap>", line 241, in _call_with_frames_removed
  File "/opt/airflow/dags/DAG_scraper.py", line 10, in <module>
    from ProcessData.DataProcessor import DataProcessor
  File "/opt/airflow/dags/ProcessData/DataProcessor.py", line 6, in <module>
    from geopy.geocoders import Nominatim
ModuleNotFoundError: No module named 'geopy'
[2025-09-24T12:30:55.547+0000] {processor.py:842} WARNING - No viable dags retrieved from /opt/airflow/dags/DAG_scraper.py
[2025-09-24T12:30:55.575+0000] {processor.py:183} INFO - Processing /opt/airflow/dags/DAG_scraper.py took 0.054 seconds
[2025-09-24T12:31:25.856+0000] {processor.py:161} INFO - Started process (PID=278) to work on /opt/airflow/dags/DAG_scraper.py
[2025-09-24T12:31:25.857+0000] {processor.py:830} INFO - Processing file /opt/airflow/dags/DAG_scraper.py for tasks to queue
[2025-09-24T12:31:25.861+0000] {logging_mixin.py:188} INFO - [2025-09-24T12:31:25.860+0000] {dagbag.py:545} INFO - Filling up the DagBag from /opt/airflow/dags/DAG_scraper.py
[2025-09-24T12:31:25.869+0000] {logging_mixin.py:188} INFO - [2025-09-24T12:31:25.868+0000] {dagbag.py:355} ERROR - Failed to import: /opt/airflow/dags/DAG_scraper.py
Traceback (most recent call last):
  File "/home/airflow/.local/lib/python3.10/site-packages/airflow/models/dagbag.py", line 351, in parse
    loader.exec_module(new_module)
  File "<frozen importlib._bootstrap_external>", line 883, in exec_module
  File "<frozen importlib._bootstrap>", line 241, in _call_with_frames_removed
  File "/opt/airflow/dags/DAG_scraper.py", line 10, in <module>
    from ProcessData.DataProcessor import DataProcessor
  File "/opt/airflow/dags/ProcessData/DataProcessor.py", line 6, in <module>
    from geopy.geocoders import Nominatim
ModuleNotFoundError: No module named 'geopy'
[2025-09-24T12:31:25.869+0000] {processor.py:842} WARNING - No viable dags retrieved from /opt/airflow/dags/DAG_scraper.py
[2025-09-24T12:31:25.900+0000] {processor.py:183} INFO - Processing /opt/airflow/dags/DAG_scraper.py took 0.056 seconds
[2025-09-24T12:31:56.203+0000] {processor.py:161} INFO - Started process (PID=279) to work on /opt/airflow/dags/DAG_scraper.py
[2025-09-24T12:31:56.205+0000] {processor.py:830} INFO - Processing file /opt/airflow/dags/DAG_scraper.py for tasks to queue
[2025-09-24T12:31:56.208+0000] {logging_mixin.py:188} INFO - [2025-09-24T12:31:56.208+0000] {dagbag.py:545} INFO - Filling up the DagBag from /opt/airflow/dags/DAG_scraper.py
[2025-09-24T12:31:56.216+0000] {logging_mixin.py:188} INFO - [2025-09-24T12:31:56.215+0000] {dagbag.py:355} ERROR - Failed to import: /opt/airflow/dags/DAG_scraper.py
Traceback (most recent call last):
  File "/home/airflow/.local/lib/python3.10/site-packages/airflow/models/dagbag.py", line 351, in parse
    loader.exec_module(new_module)
  File "<frozen importlib._bootstrap_external>", line 883, in exec_module
  File "<frozen importlib._bootstrap>", line 241, in _call_with_frames_removed
  File "/opt/airflow/dags/DAG_scraper.py", line 10, in <module>
    from ProcessData.DataProcessor import DataProcessor
  File "/opt/airflow/dags/ProcessData/DataProcessor.py", line 6, in <module>
    from geopy.geocoders import Nominatim
ModuleNotFoundError: No module named 'geopy'
[2025-09-24T12:31:56.216+0000] {processor.py:842} WARNING - No viable dags retrieved from /opt/airflow/dags/DAG_scraper.py
[2025-09-24T12:31:56.244+0000] {processor.py:183} INFO - Processing /opt/airflow/dags/DAG_scraper.py took 0.050 seconds
[2025-09-24T12:32:26.507+0000] {processor.py:161} INFO - Started process (PID=280) to work on /opt/airflow/dags/DAG_scraper.py
[2025-09-24T12:32:26.509+0000] {processor.py:830} INFO - Processing file /opt/airflow/dags/DAG_scraper.py for tasks to queue
[2025-09-24T12:32:26.511+0000] {logging_mixin.py:188} INFO - [2025-09-24T12:32:26.511+0000] {dagbag.py:545} INFO - Filling up the DagBag from /opt/airflow/dags/DAG_scraper.py
[2025-09-24T12:32:26.526+0000] {logging_mixin.py:188} INFO - [2025-09-24T12:32:26.525+0000] {dagbag.py:355} ERROR - Failed to import: /opt/airflow/dags/DAG_scraper.py
Traceback (most recent call last):
  File "/home/airflow/.local/lib/python3.10/site-packages/airflow/models/dagbag.py", line 351, in parse
    loader.exec_module(new_module)
  File "<frozen importlib._bootstrap_external>", line 883, in exec_module
  File "<frozen importlib._bootstrap>", line 241, in _call_with_frames_removed
  File "/opt/airflow/dags/DAG_scraper.py", line 10, in <module>
    from ProcessData.DataProcessor import DataProcessor
  File "/opt/airflow/dags/ProcessData/DataProcessor.py", line 6, in <module>
    from geopy.geocoders import Nominatim
ModuleNotFoundError: No module named 'geopy'
[2025-09-24T12:32:26.527+0000] {processor.py:842} WARNING - No viable dags retrieved from /opt/airflow/dags/DAG_scraper.py
[2025-09-24T12:32:26.544+0000] {processor.py:183} INFO - Processing /opt/airflow/dags/DAG_scraper.py took 0.046 seconds
[2025-09-24T12:32:56.845+0000] {processor.py:161} INFO - Started process (PID=281) to work on /opt/airflow/dags/DAG_scraper.py
[2025-09-24T12:32:56.849+0000] {processor.py:830} INFO - Processing file /opt/airflow/dags/DAG_scraper.py for tasks to queue
[2025-09-24T12:32:56.853+0000] {logging_mixin.py:188} INFO - [2025-09-24T12:32:56.853+0000] {dagbag.py:545} INFO - Filling up the DagBag from /opt/airflow/dags/DAG_scraper.py
[2025-09-24T12:32:56.862+0000] {logging_mixin.py:188} INFO - [2025-09-24T12:32:56.861+0000] {dagbag.py:355} ERROR - Failed to import: /opt/airflow/dags/DAG_scraper.py
Traceback (most recent call last):
  File "/home/airflow/.local/lib/python3.10/site-packages/airflow/models/dagbag.py", line 351, in parse
    loader.exec_module(new_module)
  File "<frozen importlib._bootstrap_external>", line 883, in exec_module
  File "<frozen importlib._bootstrap>", line 241, in _call_with_frames_removed
  File "/opt/airflow/dags/DAG_scraper.py", line 10, in <module>
    from ProcessData.DataProcessor import DataProcessor
  File "/opt/airflow/dags/ProcessData/DataProcessor.py", line 6, in <module>
    from geopy.geocoders import Nominatim
ModuleNotFoundError: No module named 'geopy'
[2025-09-24T12:32:56.862+0000] {processor.py:842} WARNING - No viable dags retrieved from /opt/airflow/dags/DAG_scraper.py
[2025-09-24T12:32:56.879+0000] {processor.py:183} INFO - Processing /opt/airflow/dags/DAG_scraper.py took 0.062 seconds
[2025-09-24T12:33:27.133+0000] {processor.py:161} INFO - Started process (PID=282) to work on /opt/airflow/dags/DAG_scraper.py
[2025-09-24T12:33:27.134+0000] {processor.py:830} INFO - Processing file /opt/airflow/dags/DAG_scraper.py for tasks to queue
[2025-09-24T12:33:27.137+0000] {logging_mixin.py:188} INFO - [2025-09-24T12:33:27.137+0000] {dagbag.py:545} INFO - Filling up the DagBag from /opt/airflow/dags/DAG_scraper.py
[2025-09-24T12:33:27.147+0000] {logging_mixin.py:188} INFO - [2025-09-24T12:33:27.146+0000] {dagbag.py:355} ERROR - Failed to import: /opt/airflow/dags/DAG_scraper.py
Traceback (most recent call last):
  File "/home/airflow/.local/lib/python3.10/site-packages/airflow/models/dagbag.py", line 351, in parse
    loader.exec_module(new_module)
  File "<frozen importlib._bootstrap_external>", line 883, in exec_module
  File "<frozen importlib._bootstrap>", line 241, in _call_with_frames_removed
  File "/opt/airflow/dags/DAG_scraper.py", line 10, in <module>
    from ProcessData.DataProcessor import DataProcessor
  File "/opt/airflow/dags/ProcessData/DataProcessor.py", line 6, in <module>
    from geopy.geocoders import Nominatim
ModuleNotFoundError: No module named 'geopy'
[2025-09-24T12:33:27.148+0000] {processor.py:842} WARNING - No viable dags retrieved from /opt/airflow/dags/DAG_scraper.py
[2025-09-24T12:33:27.170+0000] {processor.py:183} INFO - Processing /opt/airflow/dags/DAG_scraper.py took 0.045 seconds
[2025-09-24T12:33:57.479+0000] {processor.py:161} INFO - Started process (PID=283) to work on /opt/airflow/dags/DAG_scraper.py
[2025-09-24T12:33:57.481+0000] {processor.py:830} INFO - Processing file /opt/airflow/dags/DAG_scraper.py for tasks to queue
[2025-09-24T12:33:57.484+0000] {logging_mixin.py:188} INFO - [2025-09-24T12:33:57.484+0000] {dagbag.py:545} INFO - Filling up the DagBag from /opt/airflow/dags/DAG_scraper.py
[2025-09-24T12:33:57.503+0000] {logging_mixin.py:188} INFO - [2025-09-24T12:33:57.503+0000] {dagbag.py:355} ERROR - Failed to import: /opt/airflow/dags/DAG_scraper.py
Traceback (most recent call last):
  File "/home/airflow/.local/lib/python3.10/site-packages/airflow/models/dagbag.py", line 351, in parse
    loader.exec_module(new_module)
  File "<frozen importlib._bootstrap_external>", line 883, in exec_module
  File "<frozen importlib._bootstrap>", line 241, in _call_with_frames_removed
  File "/opt/airflow/dags/DAG_scraper.py", line 10, in <module>
    from ProcessData.DataProcessor import DataProcessor
  File "/opt/airflow/dags/ProcessData/DataProcessor.py", line 6, in <module>
    from geopy.geocoders import Nominatim
ModuleNotFoundError: No module named 'geopy'
[2025-09-24T12:33:57.504+0000] {processor.py:842} WARNING - No viable dags retrieved from /opt/airflow/dags/DAG_scraper.py
[2025-09-24T12:33:57.522+0000] {processor.py:183} INFO - Processing /opt/airflow/dags/DAG_scraper.py took 0.052 seconds
[2025-09-24T12:34:27.773+0000] {processor.py:161} INFO - Started process (PID=284) to work on /opt/airflow/dags/DAG_scraper.py
[2025-09-24T12:34:27.774+0000] {processor.py:830} INFO - Processing file /opt/airflow/dags/DAG_scraper.py for tasks to queue
[2025-09-24T12:34:27.777+0000] {logging_mixin.py:188} INFO - [2025-09-24T12:34:27.776+0000] {dagbag.py:545} INFO - Filling up the DagBag from /opt/airflow/dags/DAG_scraper.py
[2025-09-24T12:34:27.786+0000] {logging_mixin.py:188} INFO - [2025-09-24T12:34:27.785+0000] {dagbag.py:355} ERROR - Failed to import: /opt/airflow/dags/DAG_scraper.py
Traceback (most recent call last):
  File "/home/airflow/.local/lib/python3.10/site-packages/airflow/models/dagbag.py", line 351, in parse
    loader.exec_module(new_module)
  File "<frozen importlib._bootstrap_external>", line 883, in exec_module
  File "<frozen importlib._bootstrap>", line 241, in _call_with_frames_removed
  File "/opt/airflow/dags/DAG_scraper.py", line 10, in <module>
    from ProcessData.DataProcessor import DataProcessor
  File "/opt/airflow/dags/ProcessData/DataProcessor.py", line 6, in <module>
    from geopy.geocoders import Nominatim
ModuleNotFoundError: No module named 'geopy'
[2025-09-24T12:34:27.786+0000] {processor.py:842} WARNING - No viable dags retrieved from /opt/airflow/dags/DAG_scraper.py
[2025-09-24T12:34:27.804+0000] {processor.py:183} INFO - Processing /opt/airflow/dags/DAG_scraper.py took 0.040 seconds
[2025-09-24T12:34:58.101+0000] {processor.py:161} INFO - Started process (PID=285) to work on /opt/airflow/dags/DAG_scraper.py
[2025-09-24T12:34:58.103+0000] {processor.py:830} INFO - Processing file /opt/airflow/dags/DAG_scraper.py for tasks to queue
[2025-09-24T12:34:58.105+0000] {logging_mixin.py:188} INFO - [2025-09-24T12:34:58.105+0000] {dagbag.py:545} INFO - Filling up the DagBag from /opt/airflow/dags/DAG_scraper.py
[2025-09-24T12:34:58.111+0000] {logging_mixin.py:188} INFO - [2025-09-24T12:34:58.111+0000] {dagbag.py:355} ERROR - Failed to import: /opt/airflow/dags/DAG_scraper.py
Traceback (most recent call last):
  File "/home/airflow/.local/lib/python3.10/site-packages/airflow/models/dagbag.py", line 351, in parse
    loader.exec_module(new_module)
  File "<frozen importlib._bootstrap_external>", line 883, in exec_module
  File "<frozen importlib._bootstrap>", line 241, in _call_with_frames_removed
  File "/opt/airflow/dags/DAG_scraper.py", line 10, in <module>
    from ProcessData.DataProcessor import DataProcessor
  File "/opt/airflow/dags/ProcessData/DataProcessor.py", line 6, in <module>
    from geopy.geocoders import Nominatim
ModuleNotFoundError: No module named 'geopy'
[2025-09-24T12:34:58.112+0000] {processor.py:842} WARNING - No viable dags retrieved from /opt/airflow/dags/DAG_scraper.py
[2025-09-24T12:34:58.125+0000] {processor.py:183} INFO - Processing /opt/airflow/dags/DAG_scraper.py took 0.038 seconds
[2025-09-24T12:35:28.405+0000] {processor.py:161} INFO - Started process (PID=286) to work on /opt/airflow/dags/DAG_scraper.py
[2025-09-24T12:35:28.406+0000] {processor.py:830} INFO - Processing file /opt/airflow/dags/DAG_scraper.py for tasks to queue
[2025-09-24T12:35:28.410+0000] {logging_mixin.py:188} INFO - [2025-09-24T12:35:28.409+0000] {dagbag.py:545} INFO - Filling up the DagBag from /opt/airflow/dags/DAG_scraper.py
[2025-09-24T12:35:28.418+0000] {logging_mixin.py:188} INFO - [2025-09-24T12:35:28.418+0000] {dagbag.py:355} ERROR - Failed to import: /opt/airflow/dags/DAG_scraper.py
Traceback (most recent call last):
  File "/home/airflow/.local/lib/python3.10/site-packages/airflow/models/dagbag.py", line 351, in parse
    loader.exec_module(new_module)
  File "<frozen importlib._bootstrap_external>", line 883, in exec_module
  File "<frozen importlib._bootstrap>", line 241, in _call_with_frames_removed
  File "/opt/airflow/dags/DAG_scraper.py", line 10, in <module>
    from ProcessData.DataProcessor import DataProcessor
  File "/opt/airflow/dags/ProcessData/DataProcessor.py", line 6, in <module>
    from geopy.geocoders import Nominatim
ModuleNotFoundError: No module named 'geopy'
[2025-09-24T12:35:28.419+0000] {processor.py:842} WARNING - No viable dags retrieved from /opt/airflow/dags/DAG_scraper.py
[2025-09-24T12:35:28.434+0000] {processor.py:183} INFO - Processing /opt/airflow/dags/DAG_scraper.py took 0.055 seconds
[2025-09-24T12:35:58.684+0000] {processor.py:161} INFO - Started process (PID=287) to work on /opt/airflow/dags/DAG_scraper.py
[2025-09-24T12:35:58.687+0000] {processor.py:830} INFO - Processing file /opt/airflow/dags/DAG_scraper.py for tasks to queue
[2025-09-24T12:35:58.690+0000] {logging_mixin.py:188} INFO - [2025-09-24T12:35:58.690+0000] {dagbag.py:545} INFO - Filling up the DagBag from /opt/airflow/dags/DAG_scraper.py
[2025-09-24T12:35:58.698+0000] {logging_mixin.py:188} INFO - [2025-09-24T12:35:58.698+0000] {dagbag.py:355} ERROR - Failed to import: /opt/airflow/dags/DAG_scraper.py
Traceback (most recent call last):
  File "/home/airflow/.local/lib/python3.10/site-packages/airflow/models/dagbag.py", line 351, in parse
    loader.exec_module(new_module)
  File "<frozen importlib._bootstrap_external>", line 883, in exec_module
  File "<frozen importlib._bootstrap>", line 241, in _call_with_frames_removed
  File "/opt/airflow/dags/DAG_scraper.py", line 10, in <module>
    from ProcessData.DataProcessor import DataProcessor
  File "/opt/airflow/dags/ProcessData/DataProcessor.py", line 6, in <module>
    from geopy.geocoders import Nominatim
ModuleNotFoundError: No module named 'geopy'
[2025-09-24T12:35:58.699+0000] {processor.py:842} WARNING - No viable dags retrieved from /opt/airflow/dags/DAG_scraper.py
[2025-09-24T12:35:58.717+0000] {processor.py:183} INFO - Processing /opt/airflow/dags/DAG_scraper.py took 0.042 seconds
[2025-09-24T12:36:29.018+0000] {processor.py:161} INFO - Started process (PID=288) to work on /opt/airflow/dags/DAG_scraper.py
[2025-09-24T12:36:29.020+0000] {processor.py:830} INFO - Processing file /opt/airflow/dags/DAG_scraper.py for tasks to queue
[2025-09-24T12:36:29.023+0000] {logging_mixin.py:188} INFO - [2025-09-24T12:36:29.022+0000] {dagbag.py:545} INFO - Filling up the DagBag from /opt/airflow/dags/DAG_scraper.py
[2025-09-24T12:36:29.034+0000] {logging_mixin.py:188} INFO - [2025-09-24T12:36:29.031+0000] {dagbag.py:355} ERROR - Failed to import: /opt/airflow/dags/DAG_scraper.py
Traceback (most recent call last):
  File "/home/airflow/.local/lib/python3.10/site-packages/airflow/models/dagbag.py", line 351, in parse
    loader.exec_module(new_module)
  File "<frozen importlib._bootstrap_external>", line 883, in exec_module
  File "<frozen importlib._bootstrap>", line 241, in _call_with_frames_removed
  File "/opt/airflow/dags/DAG_scraper.py", line 10, in <module>
    from ProcessData.DataProcessor import DataProcessor
  File "/opt/airflow/dags/ProcessData/DataProcessor.py", line 6, in <module>
    from geopy.geocoders import Nominatim
ModuleNotFoundError: No module named 'geopy'
[2025-09-24T12:36:29.034+0000] {processor.py:842} WARNING - No viable dags retrieved from /opt/airflow/dags/DAG_scraper.py
[2025-09-24T12:36:29.051+0000] {processor.py:183} INFO - Processing /opt/airflow/dags/DAG_scraper.py took 0.042 seconds
[2025-09-24T12:36:59.377+0000] {processor.py:161} INFO - Started process (PID=289) to work on /opt/airflow/dags/DAG_scraper.py
[2025-09-24T12:36:59.379+0000] {processor.py:830} INFO - Processing file /opt/airflow/dags/DAG_scraper.py for tasks to queue
[2025-09-24T12:36:59.383+0000] {logging_mixin.py:188} INFO - [2025-09-24T12:36:59.382+0000] {dagbag.py:545} INFO - Filling up the DagBag from /opt/airflow/dags/DAG_scraper.py
[2025-09-24T12:36:59.390+0000] {logging_mixin.py:188} INFO - [2025-09-24T12:36:59.389+0000] {dagbag.py:355} ERROR - Failed to import: /opt/airflow/dags/DAG_scraper.py
Traceback (most recent call last):
  File "/home/airflow/.local/lib/python3.10/site-packages/airflow/models/dagbag.py", line 351, in parse
    loader.exec_module(new_module)
  File "<frozen importlib._bootstrap_external>", line 883, in exec_module
  File "<frozen importlib._bootstrap>", line 241, in _call_with_frames_removed
  File "/opt/airflow/dags/DAG_scraper.py", line 10, in <module>
    from ProcessData.DataProcessor import DataProcessor
  File "/opt/airflow/dags/ProcessData/DataProcessor.py", line 6, in <module>
    from geopy.geocoders import Nominatim
ModuleNotFoundError: No module named 'geopy'
[2025-09-24T12:36:59.391+0000] {processor.py:842} WARNING - No viable dags retrieved from /opt/airflow/dags/DAG_scraper.py
[2025-09-24T12:36:59.412+0000] {processor.py:183} INFO - Processing /opt/airflow/dags/DAG_scraper.py took 0.046 seconds
[2025-09-24T12:37:29.702+0000] {processor.py:161} INFO - Started process (PID=290) to work on /opt/airflow/dags/DAG_scraper.py
[2025-09-24T12:37:29.703+0000] {processor.py:830} INFO - Processing file /opt/airflow/dags/DAG_scraper.py for tasks to queue
[2025-09-24T12:37:29.706+0000] {logging_mixin.py:188} INFO - [2025-09-24T12:37:29.706+0000] {dagbag.py:545} INFO - Filling up the DagBag from /opt/airflow/dags/DAG_scraper.py
[2025-09-24T12:37:29.714+0000] {logging_mixin.py:188} INFO - [2025-09-24T12:37:29.713+0000] {dagbag.py:355} ERROR - Failed to import: /opt/airflow/dags/DAG_scraper.py
Traceback (most recent call last):
  File "/home/airflow/.local/lib/python3.10/site-packages/airflow/models/dagbag.py", line 351, in parse
    loader.exec_module(new_module)
  File "<frozen importlib._bootstrap_external>", line 883, in exec_module
  File "<frozen importlib._bootstrap>", line 241, in _call_with_frames_removed
  File "/opt/airflow/dags/DAG_scraper.py", line 10, in <module>
    from ProcessData.DataProcessor import DataProcessor
  File "/opt/airflow/dags/ProcessData/DataProcessor.py", line 6, in <module>
    from geopy.geocoders import Nominatim
ModuleNotFoundError: No module named 'geopy'
[2025-09-24T12:37:29.715+0000] {processor.py:842} WARNING - No viable dags retrieved from /opt/airflow/dags/DAG_scraper.py
[2025-09-24T12:37:29.731+0000] {processor.py:183} INFO - Processing /opt/airflow/dags/DAG_scraper.py took 0.038 seconds
[2025-09-24T12:38:00.084+0000] {processor.py:161} INFO - Started process (PID=291) to work on /opt/airflow/dags/DAG_scraper.py
[2025-09-24T12:38:00.086+0000] {processor.py:830} INFO - Processing file /opt/airflow/dags/DAG_scraper.py for tasks to queue
[2025-09-24T12:38:00.089+0000] {logging_mixin.py:188} INFO - [2025-09-24T12:38:00.088+0000] {dagbag.py:545} INFO - Filling up the DagBag from /opt/airflow/dags/DAG_scraper.py
[2025-09-24T12:38:00.096+0000] {logging_mixin.py:188} INFO - [2025-09-24T12:38:00.095+0000] {dagbag.py:355} ERROR - Failed to import: /opt/airflow/dags/DAG_scraper.py
Traceback (most recent call last):
  File "/home/airflow/.local/lib/python3.10/site-packages/airflow/models/dagbag.py", line 351, in parse
    loader.exec_module(new_module)
  File "<frozen importlib._bootstrap_external>", line 883, in exec_module
  File "<frozen importlib._bootstrap>", line 241, in _call_with_frames_removed
  File "/opt/airflow/dags/DAG_scraper.py", line 10, in <module>
    from ProcessData.DataProcessor import DataProcessor
  File "/opt/airflow/dags/ProcessData/DataProcessor.py", line 6, in <module>
    from geopy.geocoders import Nominatim
ModuleNotFoundError: No module named 'geopy'
[2025-09-24T12:38:00.096+0000] {processor.py:842} WARNING - No viable dags retrieved from /opt/airflow/dags/DAG_scraper.py
[2025-09-24T12:38:00.115+0000] {processor.py:183} INFO - Processing /opt/airflow/dags/DAG_scraper.py took 0.047 seconds
[2025-09-24T12:38:30.461+0000] {processor.py:161} INFO - Started process (PID=292) to work on /opt/airflow/dags/DAG_scraper.py
[2025-09-24T12:38:30.464+0000] {processor.py:830} INFO - Processing file /opt/airflow/dags/DAG_scraper.py for tasks to queue
[2025-09-24T12:38:30.480+0000] {logging_mixin.py:188} INFO - [2025-09-24T12:38:30.479+0000] {dagbag.py:545} INFO - Filling up the DagBag from /opt/airflow/dags/DAG_scraper.py
[2025-09-24T12:38:30.488+0000] {logging_mixin.py:188} INFO - [2025-09-24T12:38:30.487+0000] {dagbag.py:355} ERROR - Failed to import: /opt/airflow/dags/DAG_scraper.py
Traceback (most recent call last):
  File "/home/airflow/.local/lib/python3.10/site-packages/airflow/models/dagbag.py", line 351, in parse
    loader.exec_module(new_module)
  File "<frozen importlib._bootstrap_external>", line 883, in exec_module
  File "<frozen importlib._bootstrap>", line 241, in _call_with_frames_removed
  File "/opt/airflow/dags/DAG_scraper.py", line 10, in <module>
    from ProcessData.DataProcessor import DataProcessor
  File "/opt/airflow/dags/ProcessData/DataProcessor.py", line 6, in <module>
    from geopy.geocoders import Nominatim
ModuleNotFoundError: No module named 'geopy'
[2025-09-24T12:38:30.489+0000] {processor.py:842} WARNING - No viable dags retrieved from /opt/airflow/dags/DAG_scraper.py
[2025-09-24T12:38:30.508+0000] {processor.py:183} INFO - Processing /opt/airflow/dags/DAG_scraper.py took 0.070 seconds
[2025-09-24T12:39:00.763+0000] {processor.py:161} INFO - Started process (PID=293) to work on /opt/airflow/dags/DAG_scraper.py
[2025-09-24T12:39:00.766+0000] {processor.py:830} INFO - Processing file /opt/airflow/dags/DAG_scraper.py for tasks to queue
[2025-09-24T12:39:00.775+0000] {logging_mixin.py:188} INFO - [2025-09-24T12:39:00.774+0000] {dagbag.py:545} INFO - Filling up the DagBag from /opt/airflow/dags/DAG_scraper.py
[2025-09-24T12:39:00.799+0000] {logging_mixin.py:188} INFO - [2025-09-24T12:39:00.798+0000] {dagbag.py:355} ERROR - Failed to import: /opt/airflow/dags/DAG_scraper.py
Traceback (most recent call last):
  File "/home/airflow/.local/lib/python3.10/site-packages/airflow/models/dagbag.py", line 351, in parse
    loader.exec_module(new_module)
  File "<frozen importlib._bootstrap_external>", line 883, in exec_module
  File "<frozen importlib._bootstrap>", line 241, in _call_with_frames_removed
  File "/opt/airflow/dags/DAG_scraper.py", line 10, in <module>
    from ProcessData.DataProcessor import DataProcessor
  File "/opt/airflow/dags/ProcessData/DataProcessor.py", line 6, in <module>
    from geopy.geocoders import Nominatim
ModuleNotFoundError: No module named 'geopy'
[2025-09-24T12:39:00.800+0000] {processor.py:842} WARNING - No viable dags retrieved from /opt/airflow/dags/DAG_scraper.py
[2025-09-24T12:39:00.818+0000] {processor.py:183} INFO - Processing /opt/airflow/dags/DAG_scraper.py took 0.079 seconds
[2025-09-24T12:39:31.060+0000] {processor.py:161} INFO - Started process (PID=294) to work on /opt/airflow/dags/DAG_scraper.py
[2025-09-24T12:39:31.062+0000] {processor.py:830} INFO - Processing file /opt/airflow/dags/DAG_scraper.py for tasks to queue
[2025-09-24T12:39:31.065+0000] {logging_mixin.py:188} INFO - [2025-09-24T12:39:31.065+0000] {dagbag.py:545} INFO - Filling up the DagBag from /opt/airflow/dags/DAG_scraper.py
[2025-09-24T12:39:31.079+0000] {logging_mixin.py:188} INFO - [2025-09-24T12:39:31.076+0000] {dagbag.py:355} ERROR - Failed to import: /opt/airflow/dags/DAG_scraper.py
Traceback (most recent call last):
  File "/home/airflow/.local/lib/python3.10/site-packages/airflow/models/dagbag.py", line 351, in parse
    loader.exec_module(new_module)
  File "<frozen importlib._bootstrap_external>", line 883, in exec_module
  File "<frozen importlib._bootstrap>", line 241, in _call_with_frames_removed
  File "/opt/airflow/dags/DAG_scraper.py", line 10, in <module>
    from ProcessData.DataProcessor import DataProcessor
  File "/opt/airflow/dags/ProcessData/DataProcessor.py", line 6, in <module>
    from geopy.geocoders import Nominatim
ModuleNotFoundError: No module named 'geopy'
[2025-09-24T12:39:31.079+0000] {processor.py:842} WARNING - No viable dags retrieved from /opt/airflow/dags/DAG_scraper.py
[2025-09-24T12:39:31.118+0000] {processor.py:183} INFO - Processing /opt/airflow/dags/DAG_scraper.py took 0.069 seconds
[2025-09-24T12:40:01.430+0000] {processor.py:161} INFO - Started process (PID=295) to work on /opt/airflow/dags/DAG_scraper.py
[2025-09-24T12:40:01.432+0000] {processor.py:830} INFO - Processing file /opt/airflow/dags/DAG_scraper.py for tasks to queue
[2025-09-24T12:40:01.435+0000] {logging_mixin.py:188} INFO - [2025-09-24T12:40:01.435+0000] {dagbag.py:545} INFO - Filling up the DagBag from /opt/airflow/dags/DAG_scraper.py
[2025-09-24T12:40:01.443+0000] {logging_mixin.py:188} INFO - [2025-09-24T12:40:01.442+0000] {dagbag.py:355} ERROR - Failed to import: /opt/airflow/dags/DAG_scraper.py
Traceback (most recent call last):
  File "/home/airflow/.local/lib/python3.10/site-packages/airflow/models/dagbag.py", line 351, in parse
    loader.exec_module(new_module)
  File "<frozen importlib._bootstrap_external>", line 883, in exec_module
  File "<frozen importlib._bootstrap>", line 241, in _call_with_frames_removed
  File "/opt/airflow/dags/DAG_scraper.py", line 10, in <module>
    from ProcessData.DataProcessor import DataProcessor
  File "/opt/airflow/dags/ProcessData/DataProcessor.py", line 6, in <module>
    from geopy.geocoders import Nominatim
ModuleNotFoundError: No module named 'geopy'
[2025-09-24T12:40:01.444+0000] {processor.py:842} WARNING - No viable dags retrieved from /opt/airflow/dags/DAG_scraper.py
[2025-09-24T12:40:01.463+0000] {processor.py:183} INFO - Processing /opt/airflow/dags/DAG_scraper.py took 0.045 seconds
[2025-09-24T12:40:31.788+0000] {processor.py:161} INFO - Started process (PID=296) to work on /opt/airflow/dags/DAG_scraper.py
[2025-09-24T12:40:31.792+0000] {processor.py:830} INFO - Processing file /opt/airflow/dags/DAG_scraper.py for tasks to queue
[2025-09-24T12:40:31.795+0000] {logging_mixin.py:188} INFO - [2025-09-24T12:40:31.795+0000] {dagbag.py:545} INFO - Filling up the DagBag from /opt/airflow/dags/DAG_scraper.py
[2025-09-24T12:40:31.804+0000] {logging_mixin.py:188} INFO - [2025-09-24T12:40:31.804+0000] {dagbag.py:355} ERROR - Failed to import: /opt/airflow/dags/DAG_scraper.py
Traceback (most recent call last):
  File "/home/airflow/.local/lib/python3.10/site-packages/airflow/models/dagbag.py", line 351, in parse
    loader.exec_module(new_module)
  File "<frozen importlib._bootstrap_external>", line 883, in exec_module
  File "<frozen importlib._bootstrap>", line 241, in _call_with_frames_removed
  File "/opt/airflow/dags/DAG_scraper.py", line 10, in <module>
    from ProcessData.DataProcessor import DataProcessor
  File "/opt/airflow/dags/ProcessData/DataProcessor.py", line 6, in <module>
    from geopy.geocoders import Nominatim
ModuleNotFoundError: No module named 'geopy'
[2025-09-24T12:40:31.805+0000] {processor.py:842} WARNING - No viable dags retrieved from /opt/airflow/dags/DAG_scraper.py
[2025-09-24T12:40:31.822+0000] {processor.py:183} INFO - Processing /opt/airflow/dags/DAG_scraper.py took 0.044 seconds
[2025-09-24T12:41:02.120+0000] {processor.py:161} INFO - Started process (PID=297) to work on /opt/airflow/dags/DAG_scraper.py
[2025-09-24T12:41:02.122+0000] {processor.py:830} INFO - Processing file /opt/airflow/dags/DAG_scraper.py for tasks to queue
[2025-09-24T12:41:02.125+0000] {logging_mixin.py:188} INFO - [2025-09-24T12:41:02.124+0000] {dagbag.py:545} INFO - Filling up the DagBag from /opt/airflow/dags/DAG_scraper.py
[2025-09-24T12:41:02.132+0000] {logging_mixin.py:188} INFO - [2025-09-24T12:41:02.131+0000] {dagbag.py:355} ERROR - Failed to import: /opt/airflow/dags/DAG_scraper.py
Traceback (most recent call last):
  File "/home/airflow/.local/lib/python3.10/site-packages/airflow/models/dagbag.py", line 351, in parse
    loader.exec_module(new_module)
  File "<frozen importlib._bootstrap_external>", line 883, in exec_module
  File "<frozen importlib._bootstrap>", line 241, in _call_with_frames_removed
  File "/opt/airflow/dags/DAG_scraper.py", line 10, in <module>
    from ProcessData.DataProcessor import DataProcessor
  File "/opt/airflow/dags/ProcessData/DataProcessor.py", line 6, in <module>
    from geopy.geocoders import Nominatim
ModuleNotFoundError: No module named 'geopy'
[2025-09-24T12:41:02.132+0000] {processor.py:842} WARNING - No viable dags retrieved from /opt/airflow/dags/DAG_scraper.py
[2025-09-24T12:41:02.149+0000] {processor.py:183} INFO - Processing /opt/airflow/dags/DAG_scraper.py took 0.054 seconds
[2025-09-24T12:41:32.427+0000] {processor.py:161} INFO - Started process (PID=298) to work on /opt/airflow/dags/DAG_scraper.py
[2025-09-24T12:41:32.429+0000] {processor.py:830} INFO - Processing file /opt/airflow/dags/DAG_scraper.py for tasks to queue
[2025-09-24T12:41:32.431+0000] {logging_mixin.py:188} INFO - [2025-09-24T12:41:32.431+0000] {dagbag.py:545} INFO - Filling up the DagBag from /opt/airflow/dags/DAG_scraper.py
[2025-09-24T12:41:32.436+0000] {logging_mixin.py:188} INFO - [2025-09-24T12:41:32.435+0000] {dagbag.py:355} ERROR - Failed to import: /opt/airflow/dags/DAG_scraper.py
Traceback (most recent call last):
  File "/home/airflow/.local/lib/python3.10/site-packages/airflow/models/dagbag.py", line 351, in parse
    loader.exec_module(new_module)
  File "<frozen importlib._bootstrap_external>", line 883, in exec_module
  File "<frozen importlib._bootstrap>", line 241, in _call_with_frames_removed
  File "/opt/airflow/dags/DAG_scraper.py", line 10, in <module>
    from ProcessData.DataProcessor import DataProcessor
  File "/opt/airflow/dags/ProcessData/DataProcessor.py", line 6, in <module>
    from geopy.geocoders import Nominatim
ModuleNotFoundError: No module named 'geopy'
[2025-09-24T12:41:32.436+0000] {processor.py:842} WARNING - No viable dags retrieved from /opt/airflow/dags/DAG_scraper.py
[2025-09-24T12:41:32.452+0000] {processor.py:183} INFO - Processing /opt/airflow/dags/DAG_scraper.py took 0.031 seconds
[2025-09-24T12:42:02.764+0000] {processor.py:161} INFO - Started process (PID=299) to work on /opt/airflow/dags/DAG_scraper.py
[2025-09-24T12:42:02.765+0000] {processor.py:830} INFO - Processing file /opt/airflow/dags/DAG_scraper.py for tasks to queue
[2025-09-24T12:42:02.768+0000] {logging_mixin.py:188} INFO - [2025-09-24T12:42:02.768+0000] {dagbag.py:545} INFO - Filling up the DagBag from /opt/airflow/dags/DAG_scraper.py
[2025-09-24T12:42:02.778+0000] {logging_mixin.py:188} INFO - [2025-09-24T12:42:02.777+0000] {dagbag.py:355} ERROR - Failed to import: /opt/airflow/dags/DAG_scraper.py
Traceback (most recent call last):
  File "/home/airflow/.local/lib/python3.10/site-packages/airflow/models/dagbag.py", line 351, in parse
    loader.exec_module(new_module)
  File "<frozen importlib._bootstrap_external>", line 883, in exec_module
  File "<frozen importlib._bootstrap>", line 241, in _call_with_frames_removed
  File "/opt/airflow/dags/DAG_scraper.py", line 10, in <module>
    from ProcessData.DataProcessor import DataProcessor
  File "/opt/airflow/dags/ProcessData/DataProcessor.py", line 6, in <module>
    from geopy.geocoders import Nominatim
ModuleNotFoundError: No module named 'geopy'
[2025-09-24T12:42:02.778+0000] {processor.py:842} WARNING - No viable dags retrieved from /opt/airflow/dags/DAG_scraper.py
[2025-09-24T12:42:02.801+0000] {processor.py:183} INFO - Processing /opt/airflow/dags/DAG_scraper.py took 0.049 seconds
[2025-09-24T12:42:33.102+0000] {processor.py:161} INFO - Started process (PID=300) to work on /opt/airflow/dags/DAG_scraper.py
[2025-09-24T12:42:33.103+0000] {processor.py:830} INFO - Processing file /opt/airflow/dags/DAG_scraper.py for tasks to queue
[2025-09-24T12:42:33.105+0000] {logging_mixin.py:188} INFO - [2025-09-24T12:42:33.105+0000] {dagbag.py:545} INFO - Filling up the DagBag from /opt/airflow/dags/DAG_scraper.py
[2025-09-24T12:42:33.115+0000] {logging_mixin.py:188} INFO - [2025-09-24T12:42:33.114+0000] {dagbag.py:355} ERROR - Failed to import: /opt/airflow/dags/DAG_scraper.py
Traceback (most recent call last):
  File "/home/airflow/.local/lib/python3.10/site-packages/airflow/models/dagbag.py", line 351, in parse
    loader.exec_module(new_module)
  File "<frozen importlib._bootstrap_external>", line 883, in exec_module
  File "<frozen importlib._bootstrap>", line 241, in _call_with_frames_removed
  File "/opt/airflow/dags/DAG_scraper.py", line 10, in <module>
    from ProcessData.DataProcessor import DataProcessor
  File "/opt/airflow/dags/ProcessData/DataProcessor.py", line 6, in <module>
    from geopy.geocoders import Nominatim
ModuleNotFoundError: No module named 'geopy'
[2025-09-24T12:42:33.116+0000] {processor.py:842} WARNING - No viable dags retrieved from /opt/airflow/dags/DAG_scraper.py
[2025-09-24T12:42:33.145+0000] {processor.py:183} INFO - Processing /opt/airflow/dags/DAG_scraper.py took 0.051 seconds
[2025-09-24T12:43:03.447+0000] {processor.py:161} INFO - Started process (PID=301) to work on /opt/airflow/dags/DAG_scraper.py
[2025-09-24T12:43:03.449+0000] {processor.py:830} INFO - Processing file /opt/airflow/dags/DAG_scraper.py for tasks to queue
[2025-09-24T12:43:03.452+0000] {logging_mixin.py:188} INFO - [2025-09-24T12:43:03.452+0000] {dagbag.py:545} INFO - Filling up the DagBag from /opt/airflow/dags/DAG_scraper.py
[2025-09-24T12:43:03.461+0000] {logging_mixin.py:188} INFO - [2025-09-24T12:43:03.460+0000] {dagbag.py:355} ERROR - Failed to import: /opt/airflow/dags/DAG_scraper.py
Traceback (most recent call last):
  File "/home/airflow/.local/lib/python3.10/site-packages/airflow/models/dagbag.py", line 351, in parse
    loader.exec_module(new_module)
  File "<frozen importlib._bootstrap_external>", line 883, in exec_module
  File "<frozen importlib._bootstrap>", line 241, in _call_with_frames_removed
  File "/opt/airflow/dags/DAG_scraper.py", line 10, in <module>
    from ProcessData.DataProcessor import DataProcessor
  File "/opt/airflow/dags/ProcessData/DataProcessor.py", line 6, in <module>
    from geopy.geocoders import Nominatim
ModuleNotFoundError: No module named 'geopy'
[2025-09-24T12:43:03.461+0000] {processor.py:842} WARNING - No viable dags retrieved from /opt/airflow/dags/DAG_scraper.py
[2025-09-24T12:43:03.476+0000] {processor.py:183} INFO - Processing /opt/airflow/dags/DAG_scraper.py took 0.052 seconds
[2025-09-24T12:59:23.196+0000] {processor.py:161} INFO - Started process (PID=302) to work on /opt/airflow/dags/DAG_scraper.py
[2025-09-24T12:59:23.198+0000] {processor.py:830} INFO - Processing file /opt/airflow/dags/DAG_scraper.py for tasks to queue
[2025-09-24T12:59:23.203+0000] {logging_mixin.py:188} INFO - [2025-09-24T12:59:23.202+0000] {dagbag.py:545} INFO - Filling up the DagBag from /opt/airflow/dags/DAG_scraper.py
[2025-09-24T12:59:23.213+0000] {logging_mixin.py:188} INFO - [2025-09-24T12:59:23.212+0000] {dagbag.py:355} ERROR - Failed to import: /opt/airflow/dags/DAG_scraper.py
Traceback (most recent call last):
  File "/home/airflow/.local/lib/python3.10/site-packages/airflow/models/dagbag.py", line 351, in parse
    loader.exec_module(new_module)
  File "<frozen importlib._bootstrap_external>", line 883, in exec_module
  File "<frozen importlib._bootstrap>", line 241, in _call_with_frames_removed
  File "/opt/airflow/dags/DAG_scraper.py", line 10, in <module>
    from ProcessData.DataProcessor import DataProcessor
  File "/opt/airflow/dags/ProcessData/DataProcessor.py", line 6, in <module>
    from geopy.geocoders import Nominatim
ModuleNotFoundError: No module named 'geopy'
[2025-09-24T12:59:23.213+0000] {processor.py:842} WARNING - No viable dags retrieved from /opt/airflow/dags/DAG_scraper.py
[2025-09-24T12:59:23.226+0000] {processor.py:183} INFO - Processing /opt/airflow/dags/DAG_scraper.py took 0.045 seconds
[2025-09-24T15:00:22.551+0000] {processor.py:161} INFO - Started process (PID=303) to work on /opt/airflow/dags/DAG_scraper.py
[2025-09-24T15:00:22.553+0000] {processor.py:830} INFO - Processing file /opt/airflow/dags/DAG_scraper.py for tasks to queue
[2025-09-24T15:00:22.558+0000] {logging_mixin.py:188} INFO - [2025-09-24T15:00:22.557+0000] {dagbag.py:545} INFO - Filling up the DagBag from /opt/airflow/dags/DAG_scraper.py
[2025-09-24T15:00:22.562+0000] {logging_mixin.py:188} INFO - [2025-09-24T15:00:22.561+0000] {dagbag.py:355} ERROR - Failed to import: /opt/airflow/dags/DAG_scraper.py
Traceback (most recent call last):
  File "/home/airflow/.local/lib/python3.10/site-packages/airflow/models/dagbag.py", line 351, in parse
    loader.exec_module(new_module)
  File "<frozen importlib._bootstrap_external>", line 883, in exec_module
  File "<frozen importlib._bootstrap>", line 241, in _call_with_frames_removed
  File "/opt/airflow/dags/DAG_scraper.py", line 10, in <module>
    from ProcessData.DataProcessor import DataProcessor
  File "/opt/airflow/dags/ProcessData/DataProcessor.py", line 6, in <module>
    from geopy.geocoders import Nominatim
ModuleNotFoundError: No module named 'geopy'
[2025-09-24T15:00:22.562+0000] {processor.py:842} WARNING - No viable dags retrieved from /opt/airflow/dags/DAG_scraper.py
[2025-09-24T15:00:22.572+0000] {processor.py:183} INFO - Processing /opt/airflow/dags/DAG_scraper.py took 0.039 seconds
[2025-09-24T15:14:51.081+0000] {processor.py:161} INFO - Started process (PID=304) to work on /opt/airflow/dags/DAG_scraper.py
[2025-09-24T15:14:51.082+0000] {processor.py:830} INFO - Processing file /opt/airflow/dags/DAG_scraper.py for tasks to queue
[2025-09-24T15:14:51.084+0000] {logging_mixin.py:188} INFO - [2025-09-24T15:14:51.084+0000] {dagbag.py:545} INFO - Filling up the DagBag from /opt/airflow/dags/DAG_scraper.py
[2025-09-24T15:14:51.090+0000] {logging_mixin.py:188} INFO - [2025-09-24T15:14:51.089+0000] {dagbag.py:355} ERROR - Failed to import: /opt/airflow/dags/DAG_scraper.py
Traceback (most recent call last):
  File "/home/airflow/.local/lib/python3.10/site-packages/airflow/models/dagbag.py", line 351, in parse
    loader.exec_module(new_module)
  File "<frozen importlib._bootstrap_external>", line 883, in exec_module
  File "<frozen importlib._bootstrap>", line 241, in _call_with_frames_removed
  File "/opt/airflow/dags/DAG_scraper.py", line 10, in <module>
    from ProcessData.DataProcessor import DataProcessor
  File "/opt/airflow/dags/ProcessData/DataProcessor.py", line 6, in <module>
    from geopy.geocoders import Nominatim
ModuleNotFoundError: No module named 'geopy'
[2025-09-24T15:14:51.090+0000] {processor.py:842} WARNING - No viable dags retrieved from /opt/airflow/dags/DAG_scraper.py
[2025-09-24T15:14:51.106+0000] {processor.py:183} INFO - Processing /opt/airflow/dags/DAG_scraper.py took 0.032 seconds
[2025-09-24T15:15:21.395+0000] {processor.py:161} INFO - Started process (PID=305) to work on /opt/airflow/dags/DAG_scraper.py
[2025-09-24T15:15:21.398+0000] {processor.py:830} INFO - Processing file /opt/airflow/dags/DAG_scraper.py for tasks to queue
[2025-09-24T15:15:21.401+0000] {logging_mixin.py:188} INFO - [2025-09-24T15:15:21.401+0000] {dagbag.py:545} INFO - Filling up the DagBag from /opt/airflow/dags/DAG_scraper.py
[2025-09-24T15:15:21.410+0000] {logging_mixin.py:188} INFO - [2025-09-24T15:15:21.409+0000] {dagbag.py:355} ERROR - Failed to import: /opt/airflow/dags/DAG_scraper.py
Traceback (most recent call last):
  File "/home/airflow/.local/lib/python3.10/site-packages/airflow/models/dagbag.py", line 351, in parse
    loader.exec_module(new_module)
  File "<frozen importlib._bootstrap_external>", line 883, in exec_module
  File "<frozen importlib._bootstrap>", line 241, in _call_with_frames_removed
  File "/opt/airflow/dags/DAG_scraper.py", line 10, in <module>
    from ProcessData.DataProcessor import DataProcessor
  File "/opt/airflow/dags/ProcessData/DataProcessor.py", line 6, in <module>
    from geopy.geocoders import Nominatim
ModuleNotFoundError: No module named 'geopy'
[2025-09-24T15:15:21.410+0000] {processor.py:842} WARNING - No viable dags retrieved from /opt/airflow/dags/DAG_scraper.py
[2025-09-24T15:15:21.428+0000] {processor.py:183} INFO - Processing /opt/airflow/dags/DAG_scraper.py took 0.045 seconds
[2025-09-24T15:15:51.721+0000] {processor.py:161} INFO - Started process (PID=306) to work on /opt/airflow/dags/DAG_scraper.py
[2025-09-24T15:15:51.722+0000] {processor.py:830} INFO - Processing file /opt/airflow/dags/DAG_scraper.py for tasks to queue
[2025-09-24T15:15:51.723+0000] {logging_mixin.py:188} INFO - [2025-09-24T15:15:51.723+0000] {dagbag.py:545} INFO - Filling up the DagBag from /opt/airflow/dags/DAG_scraper.py
[2025-09-24T15:15:51.729+0000] {logging_mixin.py:188} INFO - [2025-09-24T15:15:51.728+0000] {dagbag.py:355} ERROR - Failed to import: /opt/airflow/dags/DAG_scraper.py
Traceback (most recent call last):
  File "/home/airflow/.local/lib/python3.10/site-packages/airflow/models/dagbag.py", line 351, in parse
    loader.exec_module(new_module)
  File "<frozen importlib._bootstrap_external>", line 883, in exec_module
  File "<frozen importlib._bootstrap>", line 241, in _call_with_frames_removed
  File "/opt/airflow/dags/DAG_scraper.py", line 10, in <module>
    from ProcessData.DataProcessor import DataProcessor
  File "/opt/airflow/dags/ProcessData/DataProcessor.py", line 6, in <module>
    from geopy.geocoders import Nominatim
ModuleNotFoundError: No module named 'geopy'
[2025-09-24T15:15:51.729+0000] {processor.py:842} WARNING - No viable dags retrieved from /opt/airflow/dags/DAG_scraper.py
[2025-09-24T15:15:51.745+0000] {processor.py:183} INFO - Processing /opt/airflow/dags/DAG_scraper.py took 0.030 seconds
[2025-09-24T15:16:22.000+0000] {processor.py:161} INFO - Started process (PID=307) to work on /opt/airflow/dags/DAG_scraper.py
[2025-09-24T15:16:22.002+0000] {processor.py:830} INFO - Processing file /opt/airflow/dags/DAG_scraper.py for tasks to queue
[2025-09-24T15:16:22.004+0000] {logging_mixin.py:188} INFO - [2025-09-24T15:16:22.004+0000] {dagbag.py:545} INFO - Filling up the DagBag from /opt/airflow/dags/DAG_scraper.py
[2025-09-24T15:16:22.010+0000] {logging_mixin.py:188} INFO - [2025-09-24T15:16:22.009+0000] {dagbag.py:355} ERROR - Failed to import: /opt/airflow/dags/DAG_scraper.py
Traceback (most recent call last):
  File "/home/airflow/.local/lib/python3.10/site-packages/airflow/models/dagbag.py", line 351, in parse
    loader.exec_module(new_module)
  File "<frozen importlib._bootstrap_external>", line 883, in exec_module
  File "<frozen importlib._bootstrap>", line 241, in _call_with_frames_removed
  File "/opt/airflow/dags/DAG_scraper.py", line 10, in <module>
    from ProcessData.DataProcessor import DataProcessor
  File "/opt/airflow/dags/ProcessData/DataProcessor.py", line 6, in <module>
    from geopy.geocoders import Nominatim
ModuleNotFoundError: No module named 'geopy'
[2025-09-24T15:16:22.010+0000] {processor.py:842} WARNING - No viable dags retrieved from /opt/airflow/dags/DAG_scraper.py
[2025-09-24T15:16:22.025+0000] {processor.py:183} INFO - Processing /opt/airflow/dags/DAG_scraper.py took 0.036 seconds
[2025-09-24T15:16:52.302+0000] {processor.py:161} INFO - Started process (PID=308) to work on /opt/airflow/dags/DAG_scraper.py
[2025-09-24T15:16:52.303+0000] {processor.py:830} INFO - Processing file /opt/airflow/dags/DAG_scraper.py for tasks to queue
[2025-09-24T15:16:52.305+0000] {logging_mixin.py:188} INFO - [2025-09-24T15:16:52.305+0000] {dagbag.py:545} INFO - Filling up the DagBag from /opt/airflow/dags/DAG_scraper.py
[2025-09-24T15:16:52.310+0000] {logging_mixin.py:188} INFO - [2025-09-24T15:16:52.309+0000] {dagbag.py:355} ERROR - Failed to import: /opt/airflow/dags/DAG_scraper.py
Traceback (most recent call last):
  File "/home/airflow/.local/lib/python3.10/site-packages/airflow/models/dagbag.py", line 351, in parse
    loader.exec_module(new_module)
  File "<frozen importlib._bootstrap_external>", line 883, in exec_module
  File "<frozen importlib._bootstrap>", line 241, in _call_with_frames_removed
  File "/opt/airflow/dags/DAG_scraper.py", line 10, in <module>
    from ProcessData.DataProcessor import DataProcessor
  File "/opt/airflow/dags/ProcessData/DataProcessor.py", line 6, in <module>
    from geopy.geocoders import Nominatim
ModuleNotFoundError: No module named 'geopy'
[2025-09-24T15:16:52.310+0000] {processor.py:842} WARNING - No viable dags retrieved from /opt/airflow/dags/DAG_scraper.py
[2025-09-24T15:16:52.323+0000] {processor.py:183} INFO - Processing /opt/airflow/dags/DAG_scraper.py took 0.028 seconds
[2025-09-24T15:17:22.597+0000] {processor.py:161} INFO - Started process (PID=309) to work on /opt/airflow/dags/DAG_scraper.py
[2025-09-24T15:17:22.599+0000] {processor.py:830} INFO - Processing file /opt/airflow/dags/DAG_scraper.py for tasks to queue
[2025-09-24T15:17:22.601+0000] {logging_mixin.py:188} INFO - [2025-09-24T15:17:22.600+0000] {dagbag.py:545} INFO - Filling up the DagBag from /opt/airflow/dags/DAG_scraper.py
[2025-09-24T15:17:22.606+0000] {logging_mixin.py:188} INFO - [2025-09-24T15:17:22.606+0000] {dagbag.py:355} ERROR - Failed to import: /opt/airflow/dags/DAG_scraper.py
Traceback (most recent call last):
  File "/home/airflow/.local/lib/python3.10/site-packages/airflow/models/dagbag.py", line 351, in parse
    loader.exec_module(new_module)
  File "<frozen importlib._bootstrap_external>", line 883, in exec_module
  File "<frozen importlib._bootstrap>", line 241, in _call_with_frames_removed
  File "/opt/airflow/dags/DAG_scraper.py", line 10, in <module>
    from ProcessData.DataProcessor import DataProcessor
  File "/opt/airflow/dags/ProcessData/DataProcessor.py", line 6, in <module>
    from geopy.geocoders import Nominatim
ModuleNotFoundError: No module named 'geopy'
[2025-09-24T15:17:22.607+0000] {processor.py:842} WARNING - No viable dags retrieved from /opt/airflow/dags/DAG_scraper.py
[2025-09-24T15:17:22.622+0000] {processor.py:183} INFO - Processing /opt/airflow/dags/DAG_scraper.py took 0.031 seconds
[2025-09-24T15:17:52.835+0000] {processor.py:161} INFO - Started process (PID=310) to work on /opt/airflow/dags/DAG_scraper.py
[2025-09-24T15:17:52.837+0000] {processor.py:830} INFO - Processing file /opt/airflow/dags/DAG_scraper.py for tasks to queue
[2025-09-24T15:17:52.840+0000] {logging_mixin.py:188} INFO - [2025-09-24T15:17:52.840+0000] {dagbag.py:545} INFO - Filling up the DagBag from /opt/airflow/dags/DAG_scraper.py
[2025-09-24T15:17:52.848+0000] {logging_mixin.py:188} INFO - [2025-09-24T15:17:52.847+0000] {dagbag.py:355} ERROR - Failed to import: /opt/airflow/dags/DAG_scraper.py
Traceback (most recent call last):
  File "/home/airflow/.local/lib/python3.10/site-packages/airflow/models/dagbag.py", line 351, in parse
    loader.exec_module(new_module)
  File "<frozen importlib._bootstrap_external>", line 883, in exec_module
  File "<frozen importlib._bootstrap>", line 241, in _call_with_frames_removed
  File "/opt/airflow/dags/DAG_scraper.py", line 10, in <module>
    from ProcessData.DataProcessor import DataProcessor
  File "/opt/airflow/dags/ProcessData/DataProcessor.py", line 6, in <module>
    from geopy.geocoders import Nominatim
ModuleNotFoundError: No module named 'geopy'
[2025-09-24T15:17:52.849+0000] {processor.py:842} WARNING - No viable dags retrieved from /opt/airflow/dags/DAG_scraper.py
[2025-09-24T15:17:52.883+0000] {processor.py:183} INFO - Processing /opt/airflow/dags/DAG_scraper.py took 0.060 seconds
[2025-09-24T15:18:23.110+0000] {processor.py:161} INFO - Started process (PID=311) to work on /opt/airflow/dags/DAG_scraper.py
[2025-09-24T15:18:23.112+0000] {processor.py:830} INFO - Processing file /opt/airflow/dags/DAG_scraper.py for tasks to queue
[2025-09-24T15:18:23.114+0000] {logging_mixin.py:188} INFO - [2025-09-24T15:18:23.113+0000] {dagbag.py:545} INFO - Filling up the DagBag from /opt/airflow/dags/DAG_scraper.py
[2025-09-24T15:18:23.119+0000] {logging_mixin.py:188} INFO - [2025-09-24T15:18:23.118+0000] {dagbag.py:355} ERROR - Failed to import: /opt/airflow/dags/DAG_scraper.py
Traceback (most recent call last):
  File "/home/airflow/.local/lib/python3.10/site-packages/airflow/models/dagbag.py", line 351, in parse
    loader.exec_module(new_module)
  File "<frozen importlib._bootstrap_external>", line 883, in exec_module
  File "<frozen importlib._bootstrap>", line 241, in _call_with_frames_removed
  File "/opt/airflow/dags/DAG_scraper.py", line 10, in <module>
    from ProcessData.DataProcessor import DataProcessor
  File "/opt/airflow/dags/ProcessData/DataProcessor.py", line 6, in <module>
    from geopy.geocoders import Nominatim
ModuleNotFoundError: No module named 'geopy'
[2025-09-24T15:18:23.119+0000] {processor.py:842} WARNING - No viable dags retrieved from /opt/airflow/dags/DAG_scraper.py
[2025-09-24T15:18:23.133+0000] {processor.py:183} INFO - Processing /opt/airflow/dags/DAG_scraper.py took 0.031 seconds
[2025-09-24T15:18:53.430+0000] {processor.py:161} INFO - Started process (PID=312) to work on /opt/airflow/dags/DAG_scraper.py
[2025-09-24T15:18:53.431+0000] {processor.py:830} INFO - Processing file /opt/airflow/dags/DAG_scraper.py for tasks to queue
[2025-09-24T15:18:53.434+0000] {logging_mixin.py:188} INFO - [2025-09-24T15:18:53.434+0000] {dagbag.py:545} INFO - Filling up the DagBag from /opt/airflow/dags/DAG_scraper.py
[2025-09-24T15:18:53.443+0000] {logging_mixin.py:188} INFO - [2025-09-24T15:18:53.442+0000] {dagbag.py:355} ERROR - Failed to import: /opt/airflow/dags/DAG_scraper.py
Traceback (most recent call last):
  File "/home/airflow/.local/lib/python3.10/site-packages/airflow/models/dagbag.py", line 351, in parse
    loader.exec_module(new_module)
  File "<frozen importlib._bootstrap_external>", line 883, in exec_module
  File "<frozen importlib._bootstrap>", line 241, in _call_with_frames_removed
  File "/opt/airflow/dags/DAG_scraper.py", line 10, in <module>
    from ProcessData.DataProcessor import DataProcessor
  File "/opt/airflow/dags/ProcessData/DataProcessor.py", line 6, in <module>
    from geopy.geocoders import Nominatim
ModuleNotFoundError: No module named 'geopy'
[2025-09-24T15:18:53.444+0000] {processor.py:842} WARNING - No viable dags retrieved from /opt/airflow/dags/DAG_scraper.py
[2025-09-24T15:18:53.461+0000] {processor.py:183} INFO - Processing /opt/airflow/dags/DAG_scraper.py took 0.040 seconds
[2025-09-24T15:19:23.693+0000] {processor.py:161} INFO - Started process (PID=313) to work on /opt/airflow/dags/DAG_scraper.py
[2025-09-24T15:19:23.694+0000] {processor.py:830} INFO - Processing file /opt/airflow/dags/DAG_scraper.py for tasks to queue
[2025-09-24T15:19:23.697+0000] {logging_mixin.py:188} INFO - [2025-09-24T15:19:23.697+0000] {dagbag.py:545} INFO - Filling up the DagBag from /opt/airflow/dags/DAG_scraper.py
[2025-09-24T15:19:23.704+0000] {logging_mixin.py:188} INFO - [2025-09-24T15:19:23.703+0000] {dagbag.py:355} ERROR - Failed to import: /opt/airflow/dags/DAG_scraper.py
Traceback (most recent call last):
  File "/home/airflow/.local/lib/python3.10/site-packages/airflow/models/dagbag.py", line 351, in parse
    loader.exec_module(new_module)
  File "<frozen importlib._bootstrap_external>", line 883, in exec_module
  File "<frozen importlib._bootstrap>", line 241, in _call_with_frames_removed
  File "/opt/airflow/dags/DAG_scraper.py", line 10, in <module>
    from ProcessData.DataProcessor import DataProcessor
  File "/opt/airflow/dags/ProcessData/DataProcessor.py", line 6, in <module>
    from geopy.geocoders import Nominatim
ModuleNotFoundError: No module named 'geopy'
[2025-09-24T15:19:23.704+0000] {processor.py:842} WARNING - No viable dags retrieved from /opt/airflow/dags/DAG_scraper.py
[2025-09-24T15:19:23.722+0000] {processor.py:183} INFO - Processing /opt/airflow/dags/DAG_scraper.py took 0.036 seconds
[2025-09-24T15:19:54.015+0000] {processor.py:161} INFO - Started process (PID=314) to work on /opt/airflow/dags/DAG_scraper.py
[2025-09-24T15:19:54.016+0000] {processor.py:830} INFO - Processing file /opt/airflow/dags/DAG_scraper.py for tasks to queue
[2025-09-24T15:19:54.019+0000] {logging_mixin.py:188} INFO - [2025-09-24T15:19:54.019+0000] {dagbag.py:545} INFO - Filling up the DagBag from /opt/airflow/dags/DAG_scraper.py
[2025-09-24T15:19:54.025+0000] {logging_mixin.py:188} INFO - [2025-09-24T15:19:54.024+0000] {dagbag.py:355} ERROR - Failed to import: /opt/airflow/dags/DAG_scraper.py
Traceback (most recent call last):
  File "/home/airflow/.local/lib/python3.10/site-packages/airflow/models/dagbag.py", line 351, in parse
    loader.exec_module(new_module)
  File "<frozen importlib._bootstrap_external>", line 883, in exec_module
  File "<frozen importlib._bootstrap>", line 241, in _call_with_frames_removed
  File "/opt/airflow/dags/DAG_scraper.py", line 10, in <module>
    from ProcessData.DataProcessor import DataProcessor
  File "/opt/airflow/dags/ProcessData/DataProcessor.py", line 6, in <module>
    from geopy.geocoders import Nominatim
ModuleNotFoundError: No module named 'geopy'
[2025-09-24T15:19:54.025+0000] {processor.py:842} WARNING - No viable dags retrieved from /opt/airflow/dags/DAG_scraper.py
[2025-09-24T15:19:54.041+0000] {processor.py:183} INFO - Processing /opt/airflow/dags/DAG_scraper.py took 0.035 seconds
[2025-09-24T15:20:24.309+0000] {processor.py:161} INFO - Started process (PID=315) to work on /opt/airflow/dags/DAG_scraper.py
[2025-09-24T15:20:24.310+0000] {processor.py:830} INFO - Processing file /opt/airflow/dags/DAG_scraper.py for tasks to queue
[2025-09-24T15:20:24.313+0000] {logging_mixin.py:188} INFO - [2025-09-24T15:20:24.312+0000] {dagbag.py:545} INFO - Filling up the DagBag from /opt/airflow/dags/DAG_scraper.py
[2025-09-24T15:20:24.318+0000] {logging_mixin.py:188} INFO - [2025-09-24T15:20:24.318+0000] {dagbag.py:355} ERROR - Failed to import: /opt/airflow/dags/DAG_scraper.py
Traceback (most recent call last):
  File "/home/airflow/.local/lib/python3.10/site-packages/airflow/models/dagbag.py", line 351, in parse
    loader.exec_module(new_module)
  File "<frozen importlib._bootstrap_external>", line 883, in exec_module
  File "<frozen importlib._bootstrap>", line 241, in _call_with_frames_removed
  File "/opt/airflow/dags/DAG_scraper.py", line 10, in <module>
    from ProcessData.DataProcessor import DataProcessor
  File "/opt/airflow/dags/ProcessData/DataProcessor.py", line 6, in <module>
    from geopy.geocoders import Nominatim
ModuleNotFoundError: No module named 'geopy'
[2025-09-24T15:20:24.319+0000] {processor.py:842} WARNING - No viable dags retrieved from /opt/airflow/dags/DAG_scraper.py
[2025-09-24T15:20:24.335+0000] {processor.py:183} INFO - Processing /opt/airflow/dags/DAG_scraper.py took 0.035 seconds
[2025-09-24T15:20:54.560+0000] {processor.py:161} INFO - Started process (PID=316) to work on /opt/airflow/dags/DAG_scraper.py
[2025-09-24T15:20:54.563+0000] {processor.py:830} INFO - Processing file /opt/airflow/dags/DAG_scraper.py for tasks to queue
[2025-09-24T15:20:54.565+0000] {logging_mixin.py:188} INFO - [2025-09-24T15:20:54.565+0000] {dagbag.py:545} INFO - Filling up the DagBag from /opt/airflow/dags/DAG_scraper.py
[2025-09-24T15:20:54.571+0000] {logging_mixin.py:188} INFO - [2025-09-24T15:20:54.570+0000] {dagbag.py:355} ERROR - Failed to import: /opt/airflow/dags/DAG_scraper.py
Traceback (most recent call last):
  File "/home/airflow/.local/lib/python3.10/site-packages/airflow/models/dagbag.py", line 351, in parse
    loader.exec_module(new_module)
  File "<frozen importlib._bootstrap_external>", line 883, in exec_module
  File "<frozen importlib._bootstrap>", line 241, in _call_with_frames_removed
  File "/opt/airflow/dags/DAG_scraper.py", line 10, in <module>
    from ProcessData.DataProcessor import DataProcessor
  File "/opt/airflow/dags/ProcessData/DataProcessor.py", line 6, in <module>
    from geopy.geocoders import Nominatim
ModuleNotFoundError: No module named 'geopy'
[2025-09-24T15:20:54.571+0000] {processor.py:842} WARNING - No viable dags retrieved from /opt/airflow/dags/DAG_scraper.py
[2025-09-24T15:20:54.588+0000] {processor.py:183} INFO - Processing /opt/airflow/dags/DAG_scraper.py took 0.034 seconds
[2025-09-24T15:21:24.864+0000] {processor.py:161} INFO - Started process (PID=317) to work on /opt/airflow/dags/DAG_scraper.py
[2025-09-24T15:21:24.867+0000] {processor.py:830} INFO - Processing file /opt/airflow/dags/DAG_scraper.py for tasks to queue
[2025-09-24T15:21:24.869+0000] {logging_mixin.py:188} INFO - [2025-09-24T15:21:24.869+0000] {dagbag.py:545} INFO - Filling up the DagBag from /opt/airflow/dags/DAG_scraper.py
[2025-09-24T15:21:24.876+0000] {logging_mixin.py:188} INFO - [2025-09-24T15:21:24.875+0000] {dagbag.py:355} ERROR - Failed to import: /opt/airflow/dags/DAG_scraper.py
Traceback (most recent call last):
  File "/home/airflow/.local/lib/python3.10/site-packages/airflow/models/dagbag.py", line 351, in parse
    loader.exec_module(new_module)
  File "<frozen importlib._bootstrap_external>", line 883, in exec_module
  File "<frozen importlib._bootstrap>", line 241, in _call_with_frames_removed
  File "/opt/airflow/dags/DAG_scraper.py", line 10, in <module>
    from ProcessData.DataProcessor import DataProcessor
  File "/opt/airflow/dags/ProcessData/DataProcessor.py", line 6, in <module>
    from geopy.geocoders import Nominatim
ModuleNotFoundError: No module named 'geopy'
[2025-09-24T15:21:24.876+0000] {processor.py:842} WARNING - No viable dags retrieved from /opt/airflow/dags/DAG_scraper.py
[2025-09-24T15:21:24.891+0000] {processor.py:183} INFO - Processing /opt/airflow/dags/DAG_scraper.py took 0.036 seconds
[2025-09-24T15:21:55.208+0000] {processor.py:161} INFO - Started process (PID=318) to work on /opt/airflow/dags/DAG_scraper.py
[2025-09-24T15:21:55.213+0000] {processor.py:830} INFO - Processing file /opt/airflow/dags/DAG_scraper.py for tasks to queue
[2025-09-24T15:21:55.222+0000] {logging_mixin.py:188} INFO - [2025-09-24T15:21:55.221+0000] {dagbag.py:545} INFO - Filling up the DagBag from /opt/airflow/dags/DAG_scraper.py
[2025-09-24T15:21:55.229+0000] {logging_mixin.py:188} INFO - [2025-09-24T15:21:55.229+0000] {dagbag.py:355} ERROR - Failed to import: /opt/airflow/dags/DAG_scraper.py
Traceback (most recent call last):
  File "/home/airflow/.local/lib/python3.10/site-packages/airflow/models/dagbag.py", line 351, in parse
    loader.exec_module(new_module)
  File "<frozen importlib._bootstrap_external>", line 883, in exec_module
  File "<frozen importlib._bootstrap>", line 241, in _call_with_frames_removed
  File "/opt/airflow/dags/DAG_scraper.py", line 10, in <module>
    from ProcessData.DataProcessor import DataProcessor
  File "/opt/airflow/dags/ProcessData/DataProcessor.py", line 6, in <module>
    from geopy.geocoders import Nominatim
ModuleNotFoundError: No module named 'geopy'
[2025-09-24T15:21:55.230+0000] {processor.py:842} WARNING - No viable dags retrieved from /opt/airflow/dags/DAG_scraper.py
[2025-09-24T15:21:55.247+0000] {processor.py:183} INFO - Processing /opt/airflow/dags/DAG_scraper.py took 0.067 seconds
[2025-09-24T15:22:25.535+0000] {processor.py:161} INFO - Started process (PID=319) to work on /opt/airflow/dags/DAG_scraper.py
[2025-09-24T15:22:25.536+0000] {processor.py:830} INFO - Processing file /opt/airflow/dags/DAG_scraper.py for tasks to queue
[2025-09-24T15:22:25.539+0000] {logging_mixin.py:188} INFO - [2025-09-24T15:22:25.539+0000] {dagbag.py:545} INFO - Filling up the DagBag from /opt/airflow/dags/DAG_scraper.py
[2025-09-24T15:22:25.547+0000] {logging_mixin.py:188} INFO - [2025-09-24T15:22:25.546+0000] {dagbag.py:355} ERROR - Failed to import: /opt/airflow/dags/DAG_scraper.py
Traceback (most recent call last):
  File "/home/airflow/.local/lib/python3.10/site-packages/airflow/models/dagbag.py", line 351, in parse
    loader.exec_module(new_module)
  File "<frozen importlib._bootstrap_external>", line 883, in exec_module
  File "<frozen importlib._bootstrap>", line 241, in _call_with_frames_removed
  File "/opt/airflow/dags/DAG_scraper.py", line 10, in <module>
    from ProcessData.DataProcessor import DataProcessor
  File "/opt/airflow/dags/ProcessData/DataProcessor.py", line 6, in <module>
    from geopy.geocoders import Nominatim
ModuleNotFoundError: No module named 'geopy'
[2025-09-24T15:22:25.548+0000] {processor.py:842} WARNING - No viable dags retrieved from /opt/airflow/dags/DAG_scraper.py
[2025-09-24T15:22:25.565+0000] {processor.py:183} INFO - Processing /opt/airflow/dags/DAG_scraper.py took 0.042 seconds
[2025-09-24T15:22:55.892+0000] {processor.py:161} INFO - Started process (PID=320) to work on /opt/airflow/dags/DAG_scraper.py
[2025-09-24T15:22:55.895+0000] {processor.py:830} INFO - Processing file /opt/airflow/dags/DAG_scraper.py for tasks to queue
[2025-09-24T15:22:55.898+0000] {logging_mixin.py:188} INFO - [2025-09-24T15:22:55.898+0000] {dagbag.py:545} INFO - Filling up the DagBag from /opt/airflow/dags/DAG_scraper.py
[2025-09-24T15:22:55.923+0000] {logging_mixin.py:188} INFO - [2025-09-24T15:22:55.917+0000] {dagbag.py:355} ERROR - Failed to import: /opt/airflow/dags/DAG_scraper.py
Traceback (most recent call last):
  File "/home/airflow/.local/lib/python3.10/site-packages/airflow/models/dagbag.py", line 351, in parse
    loader.exec_module(new_module)
  File "<frozen importlib._bootstrap_external>", line 883, in exec_module
  File "<frozen importlib._bootstrap>", line 241, in _call_with_frames_removed
  File "/opt/airflow/dags/DAG_scraper.py", line 10, in <module>
    from ProcessData.DataProcessor import DataProcessor
  File "/opt/airflow/dags/ProcessData/DataProcessor.py", line 6, in <module>
    from geopy.geocoders import Nominatim
ModuleNotFoundError: No module named 'geopy'
[2025-09-24T15:22:55.925+0000] {processor.py:842} WARNING - No viable dags retrieved from /opt/airflow/dags/DAG_scraper.py
[2025-09-24T15:22:55.982+0000] {processor.py:183} INFO - Processing /opt/airflow/dags/DAG_scraper.py took 0.115 seconds
[2025-09-24T15:23:26.206+0000] {processor.py:161} INFO - Started process (PID=321) to work on /opt/airflow/dags/DAG_scraper.py
[2025-09-24T15:23:26.207+0000] {processor.py:830} INFO - Processing file /opt/airflow/dags/DAG_scraper.py for tasks to queue
[2025-09-24T15:23:26.211+0000] {logging_mixin.py:188} INFO - [2025-09-24T15:23:26.210+0000] {dagbag.py:545} INFO - Filling up the DagBag from /opt/airflow/dags/DAG_scraper.py
[2025-09-24T15:23:26.220+0000] {logging_mixin.py:188} INFO - [2025-09-24T15:23:26.219+0000] {dagbag.py:355} ERROR - Failed to import: /opt/airflow/dags/DAG_scraper.py
Traceback (most recent call last):
  File "/home/airflow/.local/lib/python3.10/site-packages/airflow/models/dagbag.py", line 351, in parse
    loader.exec_module(new_module)
  File "<frozen importlib._bootstrap_external>", line 883, in exec_module
  File "<frozen importlib._bootstrap>", line 241, in _call_with_frames_removed
  File "/opt/airflow/dags/DAG_scraper.py", line 10, in <module>
    from ProcessData.DataProcessor import DataProcessor
  File "/opt/airflow/dags/ProcessData/DataProcessor.py", line 6, in <module>
    from geopy.geocoders import Nominatim
ModuleNotFoundError: No module named 'geopy'
[2025-09-24T15:23:26.220+0000] {processor.py:842} WARNING - No viable dags retrieved from /opt/airflow/dags/DAG_scraper.py
[2025-09-24T15:23:26.240+0000] {processor.py:183} INFO - Processing /opt/airflow/dags/DAG_scraper.py took 0.044 seconds
[2025-09-24T15:23:56.664+0000] {processor.py:161} INFO - Started process (PID=322) to work on /opt/airflow/dags/DAG_scraper.py
[2025-09-24T15:23:56.685+0000] {processor.py:830} INFO - Processing file /opt/airflow/dags/DAG_scraper.py for tasks to queue
[2025-09-24T15:23:56.693+0000] {logging_mixin.py:188} INFO - [2025-09-24T15:23:56.692+0000] {dagbag.py:545} INFO - Filling up the DagBag from /opt/airflow/dags/DAG_scraper.py
[2025-09-24T15:23:56.720+0000] {logging_mixin.py:188} INFO - [2025-09-24T15:23:56.714+0000] {dagbag.py:355} ERROR - Failed to import: /opt/airflow/dags/DAG_scraper.py
Traceback (most recent call last):
  File "/home/airflow/.local/lib/python3.10/site-packages/airflow/models/dagbag.py", line 351, in parse
    loader.exec_module(new_module)
  File "<frozen importlib._bootstrap_external>", line 883, in exec_module
  File "<frozen importlib._bootstrap>", line 241, in _call_with_frames_removed
  File "/opt/airflow/dags/DAG_scraper.py", line 10, in <module>
    from ProcessData.DataProcessor import DataProcessor
  File "/opt/airflow/dags/ProcessData/DataProcessor.py", line 6, in <module>
    from geopy.geocoders import Nominatim
ModuleNotFoundError: No module named 'geopy'
[2025-09-24T15:23:56.722+0000] {processor.py:842} WARNING - No viable dags retrieved from /opt/airflow/dags/DAG_scraper.py
[2025-09-24T15:23:56.781+0000] {processor.py:183} INFO - Processing /opt/airflow/dags/DAG_scraper.py took 0.147 seconds
[2025-09-24T15:24:27.024+0000] {processor.py:161} INFO - Started process (PID=323) to work on /opt/airflow/dags/DAG_scraper.py
[2025-09-24T15:24:27.027+0000] {processor.py:830} INFO - Processing file /opt/airflow/dags/DAG_scraper.py for tasks to queue
[2025-09-24T15:24:27.031+0000] {logging_mixin.py:188} INFO - [2025-09-24T15:24:27.030+0000] {dagbag.py:545} INFO - Filling up the DagBag from /opt/airflow/dags/DAG_scraper.py
[2025-09-24T15:24:27.042+0000] {logging_mixin.py:188} INFO - [2025-09-24T15:24:27.041+0000] {dagbag.py:355} ERROR - Failed to import: /opt/airflow/dags/DAG_scraper.py
Traceback (most recent call last):
  File "/home/airflow/.local/lib/python3.10/site-packages/airflow/models/dagbag.py", line 351, in parse
    loader.exec_module(new_module)
  File "<frozen importlib._bootstrap_external>", line 883, in exec_module
  File "<frozen importlib._bootstrap>", line 241, in _call_with_frames_removed
  File "/opt/airflow/dags/DAG_scraper.py", line 10, in <module>
    from ProcessData.DataProcessor import DataProcessor
  File "/opt/airflow/dags/ProcessData/DataProcessor.py", line 6, in <module>
    from geopy.geocoders import Nominatim
ModuleNotFoundError: No module named 'geopy'
[2025-09-24T15:24:27.042+0000] {processor.py:842} WARNING - No viable dags retrieved from /opt/airflow/dags/DAG_scraper.py
[2025-09-24T15:24:27.075+0000] {processor.py:183} INFO - Processing /opt/airflow/dags/DAG_scraper.py took 0.064 seconds
[2025-09-24T15:24:57.458+0000] {processor.py:161} INFO - Started process (PID=324) to work on /opt/airflow/dags/DAG_scraper.py
[2025-09-24T15:24:57.464+0000] {processor.py:830} INFO - Processing file /opt/airflow/dags/DAG_scraper.py for tasks to queue
[2025-09-24T15:24:57.479+0000] {logging_mixin.py:188} INFO - [2025-09-24T15:24:57.479+0000] {dagbag.py:545} INFO - Filling up the DagBag from /opt/airflow/dags/DAG_scraper.py
[2025-09-24T15:24:57.487+0000] {logging_mixin.py:188} INFO - [2025-09-24T15:24:57.486+0000] {dagbag.py:355} ERROR - Failed to import: /opt/airflow/dags/DAG_scraper.py
Traceback (most recent call last):
  File "/home/airflow/.local/lib/python3.10/site-packages/airflow/models/dagbag.py", line 351, in parse
    loader.exec_module(new_module)
  File "<frozen importlib._bootstrap_external>", line 883, in exec_module
  File "<frozen importlib._bootstrap>", line 241, in _call_with_frames_removed
  File "/opt/airflow/dags/DAG_scraper.py", line 10, in <module>
    from ProcessData.DataProcessor import DataProcessor
  File "/opt/airflow/dags/ProcessData/DataProcessor.py", line 6, in <module>
    from geopy.geocoders import Nominatim
ModuleNotFoundError: No module named 'geopy'
[2025-09-24T15:24:57.487+0000] {processor.py:842} WARNING - No viable dags retrieved from /opt/airflow/dags/DAG_scraper.py
[2025-09-24T15:24:57.505+0000] {processor.py:183} INFO - Processing /opt/airflow/dags/DAG_scraper.py took 0.058 seconds
[2025-09-24T15:25:27.867+0000] {processor.py:161} INFO - Started process (PID=325) to work on /opt/airflow/dags/DAG_scraper.py
[2025-09-24T15:25:27.870+0000] {processor.py:830} INFO - Processing file /opt/airflow/dags/DAG_scraper.py for tasks to queue
[2025-09-24T15:25:27.873+0000] {logging_mixin.py:188} INFO - [2025-09-24T15:25:27.873+0000] {dagbag.py:545} INFO - Filling up the DagBag from /opt/airflow/dags/DAG_scraper.py
[2025-09-24T15:25:27.880+0000] {logging_mixin.py:188} INFO - [2025-09-24T15:25:27.879+0000] {dagbag.py:355} ERROR - Failed to import: /opt/airflow/dags/DAG_scraper.py
Traceback (most recent call last):
  File "/home/airflow/.local/lib/python3.10/site-packages/airflow/models/dagbag.py", line 351, in parse
    loader.exec_module(new_module)
  File "<frozen importlib._bootstrap_external>", line 883, in exec_module
  File "<frozen importlib._bootstrap>", line 241, in _call_with_frames_removed
  File "/opt/airflow/dags/DAG_scraper.py", line 10, in <module>
    from ProcessData.DataProcessor import DataProcessor
  File "/opt/airflow/dags/ProcessData/DataProcessor.py", line 6, in <module>
    from geopy.geocoders import Nominatim
ModuleNotFoundError: No module named 'geopy'
[2025-09-24T15:25:27.880+0000] {processor.py:842} WARNING - No viable dags retrieved from /opt/airflow/dags/DAG_scraper.py
[2025-09-24T15:25:27.900+0000] {processor.py:183} INFO - Processing /opt/airflow/dags/DAG_scraper.py took 0.056 seconds
[2025-09-24T15:25:58.135+0000] {processor.py:161} INFO - Started process (PID=326) to work on /opt/airflow/dags/DAG_scraper.py
[2025-09-24T15:25:58.139+0000] {processor.py:830} INFO - Processing file /opt/airflow/dags/DAG_scraper.py for tasks to queue
[2025-09-24T15:25:58.145+0000] {logging_mixin.py:188} INFO - [2025-09-24T15:25:58.145+0000] {dagbag.py:545} INFO - Filling up the DagBag from /opt/airflow/dags/DAG_scraper.py
[2025-09-24T15:25:58.157+0000] {logging_mixin.py:188} INFO - [2025-09-24T15:25:58.157+0000] {dagbag.py:355} ERROR - Failed to import: /opt/airflow/dags/DAG_scraper.py
Traceback (most recent call last):
  File "/home/airflow/.local/lib/python3.10/site-packages/airflow/models/dagbag.py", line 351, in parse
    loader.exec_module(new_module)
  File "<frozen importlib._bootstrap_external>", line 883, in exec_module
  File "<frozen importlib._bootstrap>", line 241, in _call_with_frames_removed
  File "/opt/airflow/dags/DAG_scraper.py", line 10, in <module>
    from ProcessData.DataProcessor import DataProcessor
  File "/opt/airflow/dags/ProcessData/DataProcessor.py", line 6, in <module>
    from geopy.geocoders import Nominatim
ModuleNotFoundError: No module named 'geopy'
[2025-09-24T15:25:58.158+0000] {processor.py:842} WARNING - No viable dags retrieved from /opt/airflow/dags/DAG_scraper.py
[2025-09-24T15:25:58.173+0000] {processor.py:183} INFO - Processing /opt/airflow/dags/DAG_scraper.py took 0.056 seconds
[2025-09-24T15:26:28.407+0000] {processor.py:161} INFO - Started process (PID=327) to work on /opt/airflow/dags/DAG_scraper.py
[2025-09-24T15:26:28.409+0000] {processor.py:830} INFO - Processing file /opt/airflow/dags/DAG_scraper.py for tasks to queue
[2025-09-24T15:26:28.411+0000] {logging_mixin.py:188} INFO - [2025-09-24T15:26:28.411+0000] {dagbag.py:545} INFO - Filling up the DagBag from /opt/airflow/dags/DAG_scraper.py
[2025-09-24T15:26:28.419+0000] {logging_mixin.py:188} INFO - [2025-09-24T15:26:28.418+0000] {dagbag.py:355} ERROR - Failed to import: /opt/airflow/dags/DAG_scraper.py
Traceback (most recent call last):
  File "/home/airflow/.local/lib/python3.10/site-packages/airflow/models/dagbag.py", line 351, in parse
    loader.exec_module(new_module)
  File "<frozen importlib._bootstrap_external>", line 883, in exec_module
  File "<frozen importlib._bootstrap>", line 241, in _call_with_frames_removed
  File "/opt/airflow/dags/DAG_scraper.py", line 10, in <module>
    from ProcessData.DataProcessor import DataProcessor
  File "/opt/airflow/dags/ProcessData/DataProcessor.py", line 6, in <module>
    from geopy.geocoders import Nominatim
ModuleNotFoundError: No module named 'geopy'
[2025-09-24T15:26:28.419+0000] {processor.py:842} WARNING - No viable dags retrieved from /opt/airflow/dags/DAG_scraper.py
[2025-09-24T15:26:28.436+0000] {processor.py:183} INFO - Processing /opt/airflow/dags/DAG_scraper.py took 0.036 seconds
[2025-09-24T15:26:58.729+0000] {processor.py:161} INFO - Started process (PID=328) to work on /opt/airflow/dags/DAG_scraper.py
[2025-09-24T15:26:58.731+0000] {processor.py:830} INFO - Processing file /opt/airflow/dags/DAG_scraper.py for tasks to queue
[2025-09-24T15:26:58.734+0000] {logging_mixin.py:188} INFO - [2025-09-24T15:26:58.734+0000] {dagbag.py:545} INFO - Filling up the DagBag from /opt/airflow/dags/DAG_scraper.py
[2025-09-24T15:26:58.740+0000] {logging_mixin.py:188} INFO - [2025-09-24T15:26:58.739+0000] {dagbag.py:355} ERROR - Failed to import: /opt/airflow/dags/DAG_scraper.py
Traceback (most recent call last):
  File "/home/airflow/.local/lib/python3.10/site-packages/airflow/models/dagbag.py", line 351, in parse
    loader.exec_module(new_module)
  File "<frozen importlib._bootstrap_external>", line 883, in exec_module
  File "<frozen importlib._bootstrap>", line 241, in _call_with_frames_removed
  File "/opt/airflow/dags/DAG_scraper.py", line 10, in <module>
    from ProcessData.DataProcessor import DataProcessor
  File "/opt/airflow/dags/ProcessData/DataProcessor.py", line 6, in <module>
    from geopy.geocoders import Nominatim
ModuleNotFoundError: No module named 'geopy'
[2025-09-24T15:26:58.740+0000] {processor.py:842} WARNING - No viable dags retrieved from /opt/airflow/dags/DAG_scraper.py
[2025-09-24T15:26:58.765+0000] {processor.py:183} INFO - Processing /opt/airflow/dags/DAG_scraper.py took 0.045 seconds
[2025-09-24T15:27:29.038+0000] {processor.py:161} INFO - Started process (PID=329) to work on /opt/airflow/dags/DAG_scraper.py
[2025-09-24T15:27:29.040+0000] {processor.py:830} INFO - Processing file /opt/airflow/dags/DAG_scraper.py for tasks to queue
[2025-09-24T15:27:29.043+0000] {logging_mixin.py:188} INFO - [2025-09-24T15:27:29.042+0000] {dagbag.py:545} INFO - Filling up the DagBag from /opt/airflow/dags/DAG_scraper.py
[2025-09-24T15:27:29.050+0000] {logging_mixin.py:188} INFO - [2025-09-24T15:27:29.049+0000] {dagbag.py:355} ERROR - Failed to import: /opt/airflow/dags/DAG_scraper.py
Traceback (most recent call last):
  File "/home/airflow/.local/lib/python3.10/site-packages/airflow/models/dagbag.py", line 351, in parse
    loader.exec_module(new_module)
  File "<frozen importlib._bootstrap_external>", line 883, in exec_module
  File "<frozen importlib._bootstrap>", line 241, in _call_with_frames_removed
  File "/opt/airflow/dags/DAG_scraper.py", line 10, in <module>
    from ProcessData.DataProcessor import DataProcessor
  File "/opt/airflow/dags/ProcessData/DataProcessor.py", line 6, in <module>
    from geopy.geocoders import Nominatim
ModuleNotFoundError: No module named 'geopy'
[2025-09-24T15:27:29.051+0000] {processor.py:842} WARNING - No viable dags retrieved from /opt/airflow/dags/DAG_scraper.py
[2025-09-24T15:27:29.067+0000] {processor.py:183} INFO - Processing /opt/airflow/dags/DAG_scraper.py took 0.040 seconds
[2025-09-24T15:27:59.355+0000] {processor.py:161} INFO - Started process (PID=330) to work on /opt/airflow/dags/DAG_scraper.py
[2025-09-24T15:27:59.357+0000] {processor.py:830} INFO - Processing file /opt/airflow/dags/DAG_scraper.py for tasks to queue
[2025-09-24T15:27:59.360+0000] {logging_mixin.py:188} INFO - [2025-09-24T15:27:59.360+0000] {dagbag.py:545} INFO - Filling up the DagBag from /opt/airflow/dags/DAG_scraper.py
[2025-09-24T15:27:59.368+0000] {logging_mixin.py:188} INFO - [2025-09-24T15:27:59.367+0000] {dagbag.py:355} ERROR - Failed to import: /opt/airflow/dags/DAG_scraper.py
Traceback (most recent call last):
  File "/home/airflow/.local/lib/python3.10/site-packages/airflow/models/dagbag.py", line 351, in parse
    loader.exec_module(new_module)
  File "<frozen importlib._bootstrap_external>", line 883, in exec_module
  File "<frozen importlib._bootstrap>", line 241, in _call_with_frames_removed
  File "/opt/airflow/dags/DAG_scraper.py", line 10, in <module>
    from ProcessData.DataProcessor import DataProcessor
  File "/opt/airflow/dags/ProcessData/DataProcessor.py", line 6, in <module>
    from geopy.geocoders import Nominatim
ModuleNotFoundError: No module named 'geopy'
[2025-09-24T15:27:59.368+0000] {processor.py:842} WARNING - No viable dags retrieved from /opt/airflow/dags/DAG_scraper.py
[2025-09-24T15:27:59.404+0000] {processor.py:183} INFO - Processing /opt/airflow/dags/DAG_scraper.py took 0.060 seconds
[2025-09-24T15:28:29.684+0000] {processor.py:161} INFO - Started process (PID=331) to work on /opt/airflow/dags/DAG_scraper.py
[2025-09-24T15:28:29.688+0000] {processor.py:830} INFO - Processing file /opt/airflow/dags/DAG_scraper.py for tasks to queue
[2025-09-24T15:28:29.691+0000] {logging_mixin.py:188} INFO - [2025-09-24T15:28:29.691+0000] {dagbag.py:545} INFO - Filling up the DagBag from /opt/airflow/dags/DAG_scraper.py
[2025-09-24T15:28:29.700+0000] {logging_mixin.py:188} INFO - [2025-09-24T15:28:29.699+0000] {dagbag.py:355} ERROR - Failed to import: /opt/airflow/dags/DAG_scraper.py
Traceback (most recent call last):
  File "/home/airflow/.local/lib/python3.10/site-packages/airflow/models/dagbag.py", line 351, in parse
    loader.exec_module(new_module)
  File "<frozen importlib._bootstrap_external>", line 883, in exec_module
  File "<frozen importlib._bootstrap>", line 241, in _call_with_frames_removed
  File "/opt/airflow/dags/DAG_scraper.py", line 10, in <module>
    from ProcessData.DataProcessor import DataProcessor
  File "/opt/airflow/dags/ProcessData/DataProcessor.py", line 6, in <module>
    from geopy.geocoders import Nominatim
ModuleNotFoundError: No module named 'geopy'
[2025-09-24T15:28:29.701+0000] {processor.py:842} WARNING - No viable dags retrieved from /opt/airflow/dags/DAG_scraper.py
[2025-09-24T15:28:29.721+0000] {processor.py:183} INFO - Processing /opt/airflow/dags/DAG_scraper.py took 0.049 seconds
[2025-09-24T15:29:00.004+0000] {processor.py:161} INFO - Started process (PID=332) to work on /opt/airflow/dags/DAG_scraper.py
[2025-09-24T15:29:00.006+0000] {processor.py:830} INFO - Processing file /opt/airflow/dags/DAG_scraper.py for tasks to queue
[2025-09-24T15:29:00.009+0000] {logging_mixin.py:188} INFO - [2025-09-24T15:29:00.009+0000] {dagbag.py:545} INFO - Filling up the DagBag from /opt/airflow/dags/DAG_scraper.py
[2025-09-24T15:29:00.016+0000] {logging_mixin.py:188} INFO - [2025-09-24T15:29:00.016+0000] {dagbag.py:355} ERROR - Failed to import: /opt/airflow/dags/DAG_scraper.py
Traceback (most recent call last):
  File "/home/airflow/.local/lib/python3.10/site-packages/airflow/models/dagbag.py", line 351, in parse
    loader.exec_module(new_module)
  File "<frozen importlib._bootstrap_external>", line 883, in exec_module
  File "<frozen importlib._bootstrap>", line 241, in _call_with_frames_removed
  File "/opt/airflow/dags/DAG_scraper.py", line 10, in <module>
    from ProcessData.DataProcessor import DataProcessor
  File "/opt/airflow/dags/ProcessData/DataProcessor.py", line 6, in <module>
    from geopy.geocoders import Nominatim
ModuleNotFoundError: No module named 'geopy'
[2025-09-24T15:29:00.017+0000] {processor.py:842} WARNING - No viable dags retrieved from /opt/airflow/dags/DAG_scraper.py
[2025-09-24T15:29:00.035+0000] {processor.py:183} INFO - Processing /opt/airflow/dags/DAG_scraper.py took 0.044 seconds
[2025-09-24T15:29:30.352+0000] {processor.py:161} INFO - Started process (PID=333) to work on /opt/airflow/dags/DAG_scraper.py
[2025-09-24T15:29:30.355+0000] {processor.py:830} INFO - Processing file /opt/airflow/dags/DAG_scraper.py for tasks to queue
[2025-09-24T15:29:30.358+0000] {logging_mixin.py:188} INFO - [2025-09-24T15:29:30.358+0000] {dagbag.py:545} INFO - Filling up the DagBag from /opt/airflow/dags/DAG_scraper.py
[2025-09-24T15:29:30.368+0000] {logging_mixin.py:188} INFO - [2025-09-24T15:29:30.366+0000] {dagbag.py:355} ERROR - Failed to import: /opt/airflow/dags/DAG_scraper.py
Traceback (most recent call last):
  File "/home/airflow/.local/lib/python3.10/site-packages/airflow/models/dagbag.py", line 351, in parse
    loader.exec_module(new_module)
  File "<frozen importlib._bootstrap_external>", line 883, in exec_module
  File "<frozen importlib._bootstrap>", line 241, in _call_with_frames_removed
  File "/opt/airflow/dags/DAG_scraper.py", line 10, in <module>
    from ProcessData.DataProcessor import DataProcessor
  File "/opt/airflow/dags/ProcessData/DataProcessor.py", line 6, in <module>
    from geopy.geocoders import Nominatim
ModuleNotFoundError: No module named 'geopy'
[2025-09-24T15:29:30.368+0000] {processor.py:842} WARNING - No viable dags retrieved from /opt/airflow/dags/DAG_scraper.py
[2025-09-24T15:29:30.393+0000] {processor.py:183} INFO - Processing /opt/airflow/dags/DAG_scraper.py took 0.053 seconds
[2025-09-24T15:30:00.697+0000] {processor.py:161} INFO - Started process (PID=334) to work on /opt/airflow/dags/DAG_scraper.py
[2025-09-24T15:30:00.700+0000] {processor.py:830} INFO - Processing file /opt/airflow/dags/DAG_scraper.py for tasks to queue
[2025-09-24T15:30:00.703+0000] {logging_mixin.py:188} INFO - [2025-09-24T15:30:00.703+0000] {dagbag.py:545} INFO - Filling up the DagBag from /opt/airflow/dags/DAG_scraper.py
[2025-09-24T15:30:00.711+0000] {logging_mixin.py:188} INFO - [2025-09-24T15:30:00.710+0000] {dagbag.py:355} ERROR - Failed to import: /opt/airflow/dags/DAG_scraper.py
Traceback (most recent call last):
  File "/home/airflow/.local/lib/python3.10/site-packages/airflow/models/dagbag.py", line 351, in parse
    loader.exec_module(new_module)
  File "<frozen importlib._bootstrap_external>", line 883, in exec_module
  File "<frozen importlib._bootstrap>", line 241, in _call_with_frames_removed
  File "/opt/airflow/dags/DAG_scraper.py", line 10, in <module>
    from ProcessData.DataProcessor import DataProcessor
  File "/opt/airflow/dags/ProcessData/DataProcessor.py", line 6, in <module>
    from geopy.geocoders import Nominatim
ModuleNotFoundError: No module named 'geopy'
[2025-09-24T15:30:00.712+0000] {processor.py:842} WARNING - No viable dags retrieved from /opt/airflow/dags/DAG_scraper.py
[2025-09-24T15:30:00.727+0000] {processor.py:183} INFO - Processing /opt/airflow/dags/DAG_scraper.py took 0.040 seconds
[2025-09-24T15:30:31.042+0000] {processor.py:161} INFO - Started process (PID=335) to work on /opt/airflow/dags/DAG_scraper.py
[2025-09-24T15:30:31.052+0000] {processor.py:830} INFO - Processing file /opt/airflow/dags/DAG_scraper.py for tasks to queue
[2025-09-24T15:30:31.060+0000] {logging_mixin.py:188} INFO - [2025-09-24T15:30:31.059+0000] {dagbag.py:545} INFO - Filling up the DagBag from /opt/airflow/dags/DAG_scraper.py
[2025-09-24T15:30:31.069+0000] {logging_mixin.py:188} INFO - [2025-09-24T15:30:31.068+0000] {dagbag.py:355} ERROR - Failed to import: /opt/airflow/dags/DAG_scraper.py
Traceback (most recent call last):
  File "/home/airflow/.local/lib/python3.10/site-packages/airflow/models/dagbag.py", line 351, in parse
    loader.exec_module(new_module)
  File "<frozen importlib._bootstrap_external>", line 883, in exec_module
  File "<frozen importlib._bootstrap>", line 241, in _call_with_frames_removed
  File "/opt/airflow/dags/DAG_scraper.py", line 10, in <module>
    from ProcessData.DataProcessor import DataProcessor
  File "/opt/airflow/dags/ProcessData/DataProcessor.py", line 6, in <module>
    from geopy.geocoders import Nominatim
ModuleNotFoundError: No module named 'geopy'
[2025-09-24T15:30:31.070+0000] {processor.py:842} WARNING - No viable dags retrieved from /opt/airflow/dags/DAG_scraper.py
[2025-09-24T15:30:31.085+0000] {processor.py:183} INFO - Processing /opt/airflow/dags/DAG_scraper.py took 0.066 seconds
[2025-09-24T15:31:01.351+0000] {processor.py:161} INFO - Started process (PID=336) to work on /opt/airflow/dags/DAG_scraper.py
[2025-09-24T15:31:01.352+0000] {processor.py:830} INFO - Processing file /opt/airflow/dags/DAG_scraper.py for tasks to queue
[2025-09-24T15:31:01.355+0000] {logging_mixin.py:188} INFO - [2025-09-24T15:31:01.354+0000] {dagbag.py:545} INFO - Filling up the DagBag from /opt/airflow/dags/DAG_scraper.py
[2025-09-24T15:31:01.361+0000] {logging_mixin.py:188} INFO - [2025-09-24T15:31:01.361+0000] {dagbag.py:355} ERROR - Failed to import: /opt/airflow/dags/DAG_scraper.py
Traceback (most recent call last):
  File "/home/airflow/.local/lib/python3.10/site-packages/airflow/models/dagbag.py", line 351, in parse
    loader.exec_module(new_module)
  File "<frozen importlib._bootstrap_external>", line 883, in exec_module
  File "<frozen importlib._bootstrap>", line 241, in _call_with_frames_removed
  File "/opt/airflow/dags/DAG_scraper.py", line 10, in <module>
    from ProcessData.DataProcessor import DataProcessor
  File "/opt/airflow/dags/ProcessData/DataProcessor.py", line 6, in <module>
    from geopy.geocoders import Nominatim
ModuleNotFoundError: No module named 'geopy'
[2025-09-24T15:31:01.362+0000] {processor.py:842} WARNING - No viable dags retrieved from /opt/airflow/dags/DAG_scraper.py
[2025-09-24T15:31:01.379+0000] {processor.py:183} INFO - Processing /opt/airflow/dags/DAG_scraper.py took 0.038 seconds
[2025-09-24T15:31:31.672+0000] {processor.py:161} INFO - Started process (PID=337) to work on /opt/airflow/dags/DAG_scraper.py
[2025-09-24T15:31:31.674+0000] {processor.py:830} INFO - Processing file /opt/airflow/dags/DAG_scraper.py for tasks to queue
[2025-09-24T15:31:31.678+0000] {logging_mixin.py:188} INFO - [2025-09-24T15:31:31.677+0000] {dagbag.py:545} INFO - Filling up the DagBag from /opt/airflow/dags/DAG_scraper.py
[2025-09-24T15:31:31.687+0000] {logging_mixin.py:188} INFO - [2025-09-24T15:31:31.686+0000] {dagbag.py:355} ERROR - Failed to import: /opt/airflow/dags/DAG_scraper.py
Traceback (most recent call last):
  File "/home/airflow/.local/lib/python3.10/site-packages/airflow/models/dagbag.py", line 351, in parse
    loader.exec_module(new_module)
  File "<frozen importlib._bootstrap_external>", line 883, in exec_module
  File "<frozen importlib._bootstrap>", line 241, in _call_with_frames_removed
  File "/opt/airflow/dags/DAG_scraper.py", line 10, in <module>
    from ProcessData.DataProcessor import DataProcessor
  File "/opt/airflow/dags/ProcessData/DataProcessor.py", line 6, in <module>
    from geopy.geocoders import Nominatim
ModuleNotFoundError: No module named 'geopy'
[2025-09-24T15:31:31.687+0000] {processor.py:842} WARNING - No viable dags retrieved from /opt/airflow/dags/DAG_scraper.py
[2025-09-24T15:31:31.705+0000] {processor.py:183} INFO - Processing /opt/airflow/dags/DAG_scraper.py took 0.045 seconds
[2025-09-24T15:32:02.008+0000] {processor.py:161} INFO - Started process (PID=338) to work on /opt/airflow/dags/DAG_scraper.py
[2025-09-24T15:32:02.010+0000] {processor.py:830} INFO - Processing file /opt/airflow/dags/DAG_scraper.py for tasks to queue
[2025-09-24T15:32:02.013+0000] {logging_mixin.py:188} INFO - [2025-09-24T15:32:02.013+0000] {dagbag.py:545} INFO - Filling up the DagBag from /opt/airflow/dags/DAG_scraper.py
[2025-09-24T15:32:02.023+0000] {logging_mixin.py:188} INFO - [2025-09-24T15:32:02.022+0000] {dagbag.py:355} ERROR - Failed to import: /opt/airflow/dags/DAG_scraper.py
Traceback (most recent call last):
  File "/home/airflow/.local/lib/python3.10/site-packages/airflow/models/dagbag.py", line 351, in parse
    loader.exec_module(new_module)
  File "<frozen importlib._bootstrap_external>", line 883, in exec_module
  File "<frozen importlib._bootstrap>", line 241, in _call_with_frames_removed
  File "/opt/airflow/dags/DAG_scraper.py", line 10, in <module>
    from ProcessData.DataProcessor import DataProcessor
  File "/opt/airflow/dags/ProcessData/DataProcessor.py", line 6, in <module>
    from geopy.geocoders import Nominatim
ModuleNotFoundError: No module named 'geopy'
[2025-09-24T15:32:02.023+0000] {processor.py:842} WARNING - No viable dags retrieved from /opt/airflow/dags/DAG_scraper.py
[2025-09-24T15:32:02.040+0000] {processor.py:183} INFO - Processing /opt/airflow/dags/DAG_scraper.py took 0.041 seconds
[2025-09-24T15:32:32.343+0000] {processor.py:161} INFO - Started process (PID=339) to work on /opt/airflow/dags/DAG_scraper.py
[2025-09-24T15:32:32.345+0000] {processor.py:830} INFO - Processing file /opt/airflow/dags/DAG_scraper.py for tasks to queue
[2025-09-24T15:32:32.349+0000] {logging_mixin.py:188} INFO - [2025-09-24T15:32:32.349+0000] {dagbag.py:545} INFO - Filling up the DagBag from /opt/airflow/dags/DAG_scraper.py
[2025-09-24T15:32:32.357+0000] {logging_mixin.py:188} INFO - [2025-09-24T15:32:32.356+0000] {dagbag.py:355} ERROR - Failed to import: /opt/airflow/dags/DAG_scraper.py
Traceback (most recent call last):
  File "/home/airflow/.local/lib/python3.10/site-packages/airflow/models/dagbag.py", line 351, in parse
    loader.exec_module(new_module)
  File "<frozen importlib._bootstrap_external>", line 883, in exec_module
  File "<frozen importlib._bootstrap>", line 241, in _call_with_frames_removed
  File "/opt/airflow/dags/DAG_scraper.py", line 10, in <module>
    from ProcessData.DataProcessor import DataProcessor
  File "/opt/airflow/dags/ProcessData/DataProcessor.py", line 6, in <module>
    from geopy.geocoders import Nominatim
ModuleNotFoundError: No module named 'geopy'
[2025-09-24T15:32:32.357+0000] {processor.py:842} WARNING - No viable dags retrieved from /opt/airflow/dags/DAG_scraper.py
[2025-09-24T15:32:32.390+0000] {processor.py:183} INFO - Processing /opt/airflow/dags/DAG_scraper.py took 0.056 seconds
[2025-09-24T15:33:02.598+0000] {processor.py:161} INFO - Started process (PID=340) to work on /opt/airflow/dags/DAG_scraper.py
[2025-09-24T15:33:02.599+0000] {processor.py:830} INFO - Processing file /opt/airflow/dags/DAG_scraper.py for tasks to queue
[2025-09-24T15:33:02.602+0000] {logging_mixin.py:188} INFO - [2025-09-24T15:33:02.602+0000] {dagbag.py:545} INFO - Filling up the DagBag from /opt/airflow/dags/DAG_scraper.py
[2025-09-24T15:33:02.609+0000] {logging_mixin.py:188} INFO - [2025-09-24T15:33:02.608+0000] {dagbag.py:355} ERROR - Failed to import: /opt/airflow/dags/DAG_scraper.py
Traceback (most recent call last):
  File "/home/airflow/.local/lib/python3.10/site-packages/airflow/models/dagbag.py", line 351, in parse
    loader.exec_module(new_module)
  File "<frozen importlib._bootstrap_external>", line 883, in exec_module
  File "<frozen importlib._bootstrap>", line 241, in _call_with_frames_removed
  File "/opt/airflow/dags/DAG_scraper.py", line 10, in <module>
    from ProcessData.DataProcessor import DataProcessor
  File "/opt/airflow/dags/ProcessData/DataProcessor.py", line 6, in <module>
    from geopy.geocoders import Nominatim
ModuleNotFoundError: No module named 'geopy'
[2025-09-24T15:33:02.609+0000] {processor.py:842} WARNING - No viable dags retrieved from /opt/airflow/dags/DAG_scraper.py
[2025-09-24T15:33:02.635+0000] {processor.py:183} INFO - Processing /opt/airflow/dags/DAG_scraper.py took 0.046 seconds
[2025-09-24T15:33:32.909+0000] {processor.py:161} INFO - Started process (PID=341) to work on /opt/airflow/dags/DAG_scraper.py
[2025-09-24T15:33:32.911+0000] {processor.py:830} INFO - Processing file /opt/airflow/dags/DAG_scraper.py for tasks to queue
[2025-09-24T15:33:32.915+0000] {logging_mixin.py:188} INFO - [2025-09-24T15:33:32.914+0000] {dagbag.py:545} INFO - Filling up the DagBag from /opt/airflow/dags/DAG_scraper.py
[2025-09-24T15:33:32.924+0000] {logging_mixin.py:188} INFO - [2025-09-24T15:33:32.923+0000] {dagbag.py:355} ERROR - Failed to import: /opt/airflow/dags/DAG_scraper.py
Traceback (most recent call last):
  File "/home/airflow/.local/lib/python3.10/site-packages/airflow/models/dagbag.py", line 351, in parse
    loader.exec_module(new_module)
  File "<frozen importlib._bootstrap_external>", line 883, in exec_module
  File "<frozen importlib._bootstrap>", line 241, in _call_with_frames_removed
  File "/opt/airflow/dags/DAG_scraper.py", line 10, in <module>
    from ProcessData.DataProcessor import DataProcessor
  File "/opt/airflow/dags/ProcessData/DataProcessor.py", line 6, in <module>
    from geopy.geocoders import Nominatim
ModuleNotFoundError: No module named 'geopy'
[2025-09-24T15:33:32.924+0000] {processor.py:842} WARNING - No viable dags retrieved from /opt/airflow/dags/DAG_scraper.py
[2025-09-24T15:33:32.946+0000] {processor.py:183} INFO - Processing /opt/airflow/dags/DAG_scraper.py took 0.048 seconds
[2025-09-24T15:34:03.214+0000] {processor.py:161} INFO - Started process (PID=342) to work on /opt/airflow/dags/DAG_scraper.py
[2025-09-24T15:34:03.215+0000] {processor.py:830} INFO - Processing file /opt/airflow/dags/DAG_scraper.py for tasks to queue
[2025-09-24T15:34:03.218+0000] {logging_mixin.py:188} INFO - [2025-09-24T15:34:03.217+0000] {dagbag.py:545} INFO - Filling up the DagBag from /opt/airflow/dags/DAG_scraper.py
[2025-09-24T15:34:03.224+0000] {logging_mixin.py:188} INFO - [2025-09-24T15:34:03.223+0000] {dagbag.py:355} ERROR - Failed to import: /opt/airflow/dags/DAG_scraper.py
Traceback (most recent call last):
  File "/home/airflow/.local/lib/python3.10/site-packages/airflow/models/dagbag.py", line 351, in parse
    loader.exec_module(new_module)
  File "<frozen importlib._bootstrap_external>", line 883, in exec_module
  File "<frozen importlib._bootstrap>", line 241, in _call_with_frames_removed
  File "/opt/airflow/dags/DAG_scraper.py", line 10, in <module>
    from ProcessData.DataProcessor import DataProcessor
  File "/opt/airflow/dags/ProcessData/DataProcessor.py", line 6, in <module>
    from geopy.geocoders import Nominatim
ModuleNotFoundError: No module named 'geopy'
[2025-09-24T15:34:03.224+0000] {processor.py:842} WARNING - No viable dags retrieved from /opt/airflow/dags/DAG_scraper.py
[2025-09-24T15:34:03.244+0000] {processor.py:183} INFO - Processing /opt/airflow/dags/DAG_scraper.py took 0.039 seconds
[2025-09-24T15:34:33.512+0000] {processor.py:161} INFO - Started process (PID=343) to work on /opt/airflow/dags/DAG_scraper.py
[2025-09-24T15:34:33.514+0000] {processor.py:830} INFO - Processing file /opt/airflow/dags/DAG_scraper.py for tasks to queue
[2025-09-24T15:34:33.517+0000] {logging_mixin.py:188} INFO - [2025-09-24T15:34:33.517+0000] {dagbag.py:545} INFO - Filling up the DagBag from /opt/airflow/dags/DAG_scraper.py
[2025-09-24T15:34:33.526+0000] {logging_mixin.py:188} INFO - [2025-09-24T15:34:33.525+0000] {dagbag.py:355} ERROR - Failed to import: /opt/airflow/dags/DAG_scraper.py
Traceback (most recent call last):
  File "/home/airflow/.local/lib/python3.10/site-packages/airflow/models/dagbag.py", line 351, in parse
    loader.exec_module(new_module)
  File "<frozen importlib._bootstrap_external>", line 883, in exec_module
  File "<frozen importlib._bootstrap>", line 241, in _call_with_frames_removed
  File "/opt/airflow/dags/DAG_scraper.py", line 10, in <module>
    from ProcessData.DataProcessor import DataProcessor
  File "/opt/airflow/dags/ProcessData/DataProcessor.py", line 6, in <module>
    from geopy.geocoders import Nominatim
ModuleNotFoundError: No module named 'geopy'
[2025-09-24T15:34:33.526+0000] {processor.py:842} WARNING - No viable dags retrieved from /opt/airflow/dags/DAG_scraper.py
[2025-09-24T15:34:33.545+0000] {processor.py:183} INFO - Processing /opt/airflow/dags/DAG_scraper.py took 0.045 seconds
[2025-09-24T15:35:03.866+0000] {processor.py:161} INFO - Started process (PID=344) to work on /opt/airflow/dags/DAG_scraper.py
[2025-09-24T15:35:03.868+0000] {processor.py:830} INFO - Processing file /opt/airflow/dags/DAG_scraper.py for tasks to queue
[2025-09-24T15:35:03.871+0000] {logging_mixin.py:188} INFO - [2025-09-24T15:35:03.870+0000] {dagbag.py:545} INFO - Filling up the DagBag from /opt/airflow/dags/DAG_scraper.py
[2025-09-24T15:35:03.879+0000] {logging_mixin.py:188} INFO - [2025-09-24T15:35:03.878+0000] {dagbag.py:355} ERROR - Failed to import: /opt/airflow/dags/DAG_scraper.py
Traceback (most recent call last):
  File "/home/airflow/.local/lib/python3.10/site-packages/airflow/models/dagbag.py", line 351, in parse
    loader.exec_module(new_module)
  File "<frozen importlib._bootstrap_external>", line 883, in exec_module
  File "<frozen importlib._bootstrap>", line 241, in _call_with_frames_removed
  File "/opt/airflow/dags/DAG_scraper.py", line 10, in <module>
    from ProcessData.DataProcessor import DataProcessor
  File "/opt/airflow/dags/ProcessData/DataProcessor.py", line 6, in <module>
    from geopy.geocoders import Nominatim
ModuleNotFoundError: No module named 'geopy'
[2025-09-24T15:35:03.879+0000] {processor.py:842} WARNING - No viable dags retrieved from /opt/airflow/dags/DAG_scraper.py
[2025-09-24T15:35:03.900+0000] {processor.py:183} INFO - Processing /opt/airflow/dags/DAG_scraper.py took 0.060 seconds
[2025-09-24T15:35:34.183+0000] {processor.py:161} INFO - Started process (PID=345) to work on /opt/airflow/dags/DAG_scraper.py
[2025-09-24T15:35:34.185+0000] {processor.py:830} INFO - Processing file /opt/airflow/dags/DAG_scraper.py for tasks to queue
[2025-09-24T15:35:34.188+0000] {logging_mixin.py:188} INFO - [2025-09-24T15:35:34.188+0000] {dagbag.py:545} INFO - Filling up the DagBag from /opt/airflow/dags/DAG_scraper.py
[2025-09-24T15:35:34.201+0000] {logging_mixin.py:188} INFO - [2025-09-24T15:35:34.199+0000] {dagbag.py:355} ERROR - Failed to import: /opt/airflow/dags/DAG_scraper.py
Traceback (most recent call last):
  File "/home/airflow/.local/lib/python3.10/site-packages/airflow/models/dagbag.py", line 351, in parse
    loader.exec_module(new_module)
  File "<frozen importlib._bootstrap_external>", line 883, in exec_module
  File "<frozen importlib._bootstrap>", line 241, in _call_with_frames_removed
  File "/opt/airflow/dags/DAG_scraper.py", line 10, in <module>
    from ProcessData.DataProcessor import DataProcessor
  File "/opt/airflow/dags/ProcessData/DataProcessor.py", line 6, in <module>
    from geopy.geocoders import Nominatim
ModuleNotFoundError: No module named 'geopy'
[2025-09-24T15:35:34.201+0000] {processor.py:842} WARNING - No viable dags retrieved from /opt/airflow/dags/DAG_scraper.py
[2025-09-24T15:35:34.230+0000] {processor.py:183} INFO - Processing /opt/airflow/dags/DAG_scraper.py took 0.056 seconds
[2025-09-24T15:36:04.498+0000] {processor.py:161} INFO - Started process (PID=346) to work on /opt/airflow/dags/DAG_scraper.py
[2025-09-24T15:36:04.500+0000] {processor.py:830} INFO - Processing file /opt/airflow/dags/DAG_scraper.py for tasks to queue
[2025-09-24T15:36:04.503+0000] {logging_mixin.py:188} INFO - [2025-09-24T15:36:04.502+0000] {dagbag.py:545} INFO - Filling up the DagBag from /opt/airflow/dags/DAG_scraper.py
[2025-09-24T15:36:04.509+0000] {logging_mixin.py:188} INFO - [2025-09-24T15:36:04.509+0000] {dagbag.py:355} ERROR - Failed to import: /opt/airflow/dags/DAG_scraper.py
Traceback (most recent call last):
  File "/home/airflow/.local/lib/python3.10/site-packages/airflow/models/dagbag.py", line 351, in parse
    loader.exec_module(new_module)
  File "<frozen importlib._bootstrap_external>", line 883, in exec_module
  File "<frozen importlib._bootstrap>", line 241, in _call_with_frames_removed
  File "/opt/airflow/dags/DAG_scraper.py", line 10, in <module>
    from ProcessData.DataProcessor import DataProcessor
  File "/opt/airflow/dags/ProcessData/DataProcessor.py", line 6, in <module>
    from geopy.geocoders import Nominatim
ModuleNotFoundError: No module named 'geopy'
[2025-09-24T15:36:04.510+0000] {processor.py:842} WARNING - No viable dags retrieved from /opt/airflow/dags/DAG_scraper.py
[2025-09-24T15:36:04.522+0000] {processor.py:183} INFO - Processing /opt/airflow/dags/DAG_scraper.py took 0.041 seconds
[2025-09-24T15:36:34.747+0000] {processor.py:161} INFO - Started process (PID=347) to work on /opt/airflow/dags/DAG_scraper.py
[2025-09-24T15:36:34.748+0000] {processor.py:830} INFO - Processing file /opt/airflow/dags/DAG_scraper.py for tasks to queue
[2025-09-24T15:36:34.749+0000] {logging_mixin.py:188} INFO - [2025-09-24T15:36:34.749+0000] {dagbag.py:545} INFO - Filling up the DagBag from /opt/airflow/dags/DAG_scraper.py
[2025-09-24T15:36:34.753+0000] {logging_mixin.py:188} INFO - [2025-09-24T15:36:34.752+0000] {dagbag.py:355} ERROR - Failed to import: /opt/airflow/dags/DAG_scraper.py
Traceback (most recent call last):
  File "/home/airflow/.local/lib/python3.10/site-packages/airflow/models/dagbag.py", line 351, in parse
    loader.exec_module(new_module)
  File "<frozen importlib._bootstrap_external>", line 883, in exec_module
  File "<frozen importlib._bootstrap>", line 241, in _call_with_frames_removed
  File "/opt/airflow/dags/DAG_scraper.py", line 10, in <module>
    from ProcessData.DataProcessor import DataProcessor
  File "/opt/airflow/dags/ProcessData/DataProcessor.py", line 6, in <module>
    from geopy.geocoders import Nominatim
ModuleNotFoundError: No module named 'geopy'
[2025-09-24T15:36:34.753+0000] {processor.py:842} WARNING - No viable dags retrieved from /opt/airflow/dags/DAG_scraper.py
[2025-09-24T15:36:34.764+0000] {processor.py:183} INFO - Processing /opt/airflow/dags/DAG_scraper.py took 0.021 seconds
[2025-09-24T15:37:05.052+0000] {processor.py:161} INFO - Started process (PID=348) to work on /opt/airflow/dags/DAG_scraper.py
[2025-09-24T15:37:05.053+0000] {processor.py:830} INFO - Processing file /opt/airflow/dags/DAG_scraper.py for tasks to queue
[2025-09-24T15:37:05.056+0000] {logging_mixin.py:188} INFO - [2025-09-24T15:37:05.056+0000] {dagbag.py:545} INFO - Filling up the DagBag from /opt/airflow/dags/DAG_scraper.py
[2025-09-24T15:37:05.063+0000] {logging_mixin.py:188} INFO - [2025-09-24T15:37:05.062+0000] {dagbag.py:355} ERROR - Failed to import: /opt/airflow/dags/DAG_scraper.py
Traceback (most recent call last):
  File "/home/airflow/.local/lib/python3.10/site-packages/airflow/models/dagbag.py", line 351, in parse
    loader.exec_module(new_module)
  File "<frozen importlib._bootstrap_external>", line 883, in exec_module
  File "<frozen importlib._bootstrap>", line 241, in _call_with_frames_removed
  File "/opt/airflow/dags/DAG_scraper.py", line 10, in <module>
    from ProcessData.DataProcessor import DataProcessor
  File "/opt/airflow/dags/ProcessData/DataProcessor.py", line 6, in <module>
    from geopy.geocoders import Nominatim
ModuleNotFoundError: No module named 'geopy'
[2025-09-24T15:37:05.063+0000] {processor.py:842} WARNING - No viable dags retrieved from /opt/airflow/dags/DAG_scraper.py
[2025-09-24T15:37:05.078+0000] {processor.py:183} INFO - Processing /opt/airflow/dags/DAG_scraper.py took 0.037 seconds
[2025-09-24T15:37:35.354+0000] {processor.py:161} INFO - Started process (PID=349) to work on /opt/airflow/dags/DAG_scraper.py
[2025-09-24T15:37:35.354+0000] {processor.py:830} INFO - Processing file /opt/airflow/dags/DAG_scraper.py for tasks to queue
[2025-09-24T15:37:35.356+0000] {logging_mixin.py:188} INFO - [2025-09-24T15:37:35.356+0000] {dagbag.py:545} INFO - Filling up the DagBag from /opt/airflow/dags/DAG_scraper.py
[2025-09-24T15:37:35.362+0000] {logging_mixin.py:188} INFO - [2025-09-24T15:37:35.361+0000] {dagbag.py:355} ERROR - Failed to import: /opt/airflow/dags/DAG_scraper.py
Traceback (most recent call last):
  File "/home/airflow/.local/lib/python3.10/site-packages/airflow/models/dagbag.py", line 351, in parse
    loader.exec_module(new_module)
  File "<frozen importlib._bootstrap_external>", line 883, in exec_module
  File "<frozen importlib._bootstrap>", line 241, in _call_with_frames_removed
  File "/opt/airflow/dags/DAG_scraper.py", line 10, in <module>
    from ProcessData.DataProcessor import DataProcessor
  File "/opt/airflow/dags/ProcessData/DataProcessor.py", line 6, in <module>
    from geopy.geocoders import Nominatim
ModuleNotFoundError: No module named 'geopy'
[2025-09-24T15:37:35.362+0000] {processor.py:842} WARNING - No viable dags retrieved from /opt/airflow/dags/DAG_scraper.py
[2025-09-24T15:37:35.381+0000] {processor.py:183} INFO - Processing /opt/airflow/dags/DAG_scraper.py took 0.035 seconds
[2025-09-24T15:38:05.673+0000] {processor.py:161} INFO - Started process (PID=350) to work on /opt/airflow/dags/DAG_scraper.py
[2025-09-24T15:38:05.675+0000] {processor.py:830} INFO - Processing file /opt/airflow/dags/DAG_scraper.py for tasks to queue
[2025-09-24T15:38:05.678+0000] {logging_mixin.py:188} INFO - [2025-09-24T15:38:05.677+0000] {dagbag.py:545} INFO - Filling up the DagBag from /opt/airflow/dags/DAG_scraper.py
[2025-09-24T15:38:05.685+0000] {logging_mixin.py:188} INFO - [2025-09-24T15:38:05.684+0000] {dagbag.py:355} ERROR - Failed to import: /opt/airflow/dags/DAG_scraper.py
Traceback (most recent call last):
  File "/home/airflow/.local/lib/python3.10/site-packages/airflow/models/dagbag.py", line 351, in parse
    loader.exec_module(new_module)
  File "<frozen importlib._bootstrap_external>", line 883, in exec_module
  File "<frozen importlib._bootstrap>", line 241, in _call_with_frames_removed
  File "/opt/airflow/dags/DAG_scraper.py", line 10, in <module>
    from ProcessData.DataProcessor import DataProcessor
  File "/opt/airflow/dags/ProcessData/DataProcessor.py", line 6, in <module>
    from geopy.geocoders import Nominatim
ModuleNotFoundError: No module named 'geopy'
[2025-09-24T15:38:05.686+0000] {processor.py:842} WARNING - No viable dags retrieved from /opt/airflow/dags/DAG_scraper.py
[2025-09-24T15:38:05.702+0000] {processor.py:183} INFO - Processing /opt/airflow/dags/DAG_scraper.py took 0.041 seconds
[2025-09-24T15:38:35.973+0000] {processor.py:161} INFO - Started process (PID=351) to work on /opt/airflow/dags/DAG_scraper.py
[2025-09-24T15:38:35.974+0000] {processor.py:830} INFO - Processing file /opt/airflow/dags/DAG_scraper.py for tasks to queue
[2025-09-24T15:38:35.976+0000] {logging_mixin.py:188} INFO - [2025-09-24T15:38:35.976+0000] {dagbag.py:545} INFO - Filling up the DagBag from /opt/airflow/dags/DAG_scraper.py
[2025-09-24T15:38:35.982+0000] {logging_mixin.py:188} INFO - [2025-09-24T15:38:35.981+0000] {dagbag.py:355} ERROR - Failed to import: /opt/airflow/dags/DAG_scraper.py
Traceback (most recent call last):
  File "/home/airflow/.local/lib/python3.10/site-packages/airflow/models/dagbag.py", line 351, in parse
    loader.exec_module(new_module)
  File "<frozen importlib._bootstrap_external>", line 883, in exec_module
  File "<frozen importlib._bootstrap>", line 241, in _call_with_frames_removed
  File "/opt/airflow/dags/DAG_scraper.py", line 10, in <module>
    from ProcessData.DataProcessor import DataProcessor
  File "/opt/airflow/dags/ProcessData/DataProcessor.py", line 6, in <module>
    from geopy.geocoders import Nominatim
ModuleNotFoundError: No module named 'geopy'
[2025-09-24T15:38:35.982+0000] {processor.py:842} WARNING - No viable dags retrieved from /opt/airflow/dags/DAG_scraper.py
[2025-09-24T15:38:35.996+0000] {processor.py:183} INFO - Processing /opt/airflow/dags/DAG_scraper.py took 0.028 seconds
[2025-09-24T15:39:06.269+0000] {processor.py:161} INFO - Started process (PID=352) to work on /opt/airflow/dags/DAG_scraper.py
[2025-09-24T15:39:06.269+0000] {processor.py:830} INFO - Processing file /opt/airflow/dags/DAG_scraper.py for tasks to queue
[2025-09-24T15:39:06.271+0000] {logging_mixin.py:188} INFO - [2025-09-24T15:39:06.271+0000] {dagbag.py:545} INFO - Filling up the DagBag from /opt/airflow/dags/DAG_scraper.py
[2025-09-24T15:39:06.276+0000] {logging_mixin.py:188} INFO - [2025-09-24T15:39:06.276+0000] {dagbag.py:355} ERROR - Failed to import: /opt/airflow/dags/DAG_scraper.py
Traceback (most recent call last):
  File "/home/airflow/.local/lib/python3.10/site-packages/airflow/models/dagbag.py", line 351, in parse
    loader.exec_module(new_module)
  File "<frozen importlib._bootstrap_external>", line 883, in exec_module
  File "<frozen importlib._bootstrap>", line 241, in _call_with_frames_removed
  File "/opt/airflow/dags/DAG_scraper.py", line 10, in <module>
    from ProcessData.DataProcessor import DataProcessor
  File "/opt/airflow/dags/ProcessData/DataProcessor.py", line 6, in <module>
    from geopy.geocoders import Nominatim
ModuleNotFoundError: No module named 'geopy'
[2025-09-24T15:39:06.277+0000] {processor.py:842} WARNING - No viable dags retrieved from /opt/airflow/dags/DAG_scraper.py
[2025-09-24T15:39:06.289+0000] {processor.py:183} INFO - Processing /opt/airflow/dags/DAG_scraper.py took 0.025 seconds
[2025-09-24T15:39:36.605+0000] {processor.py:161} INFO - Started process (PID=353) to work on /opt/airflow/dags/DAG_scraper.py
[2025-09-24T15:39:36.606+0000] {processor.py:830} INFO - Processing file /opt/airflow/dags/DAG_scraper.py for tasks to queue
[2025-09-24T15:39:36.609+0000] {logging_mixin.py:188} INFO - [2025-09-24T15:39:36.609+0000] {dagbag.py:545} INFO - Filling up the DagBag from /opt/airflow/dags/DAG_scraper.py
[2025-09-24T15:39:36.618+0000] {logging_mixin.py:188} INFO - [2025-09-24T15:39:36.617+0000] {dagbag.py:355} ERROR - Failed to import: /opt/airflow/dags/DAG_scraper.py
Traceback (most recent call last):
  File "/home/airflow/.local/lib/python3.10/site-packages/airflow/models/dagbag.py", line 351, in parse
    loader.exec_module(new_module)
  File "<frozen importlib._bootstrap_external>", line 883, in exec_module
  File "<frozen importlib._bootstrap>", line 241, in _call_with_frames_removed
  File "/opt/airflow/dags/DAG_scraper.py", line 10, in <module>
    from ProcessData.DataProcessor import DataProcessor
  File "/opt/airflow/dags/ProcessData/DataProcessor.py", line 6, in <module>
    from geopy.geocoders import Nominatim
ModuleNotFoundError: No module named 'geopy'
[2025-09-24T15:39:36.618+0000] {processor.py:842} WARNING - No viable dags retrieved from /opt/airflow/dags/DAG_scraper.py
[2025-09-24T15:39:36.664+0000] {processor.py:183} INFO - Processing /opt/airflow/dags/DAG_scraper.py took 0.068 seconds
[2025-09-24T15:40:06.928+0000] {processor.py:161} INFO - Started process (PID=354) to work on /opt/airflow/dags/DAG_scraper.py
[2025-09-24T15:40:06.930+0000] {processor.py:830} INFO - Processing file /opt/airflow/dags/DAG_scraper.py for tasks to queue
[2025-09-24T15:40:06.932+0000] {logging_mixin.py:188} INFO - [2025-09-24T15:40:06.932+0000] {dagbag.py:545} INFO - Filling up the DagBag from /opt/airflow/dags/DAG_scraper.py
[2025-09-24T15:40:06.938+0000] {logging_mixin.py:188} INFO - [2025-09-24T15:40:06.937+0000] {dagbag.py:355} ERROR - Failed to import: /opt/airflow/dags/DAG_scraper.py
Traceback (most recent call last):
  File "/home/airflow/.local/lib/python3.10/site-packages/airflow/models/dagbag.py", line 351, in parse
    loader.exec_module(new_module)
  File "<frozen importlib._bootstrap_external>", line 883, in exec_module
  File "<frozen importlib._bootstrap>", line 241, in _call_with_frames_removed
  File "/opt/airflow/dags/DAG_scraper.py", line 10, in <module>
    from ProcessData.DataProcessor import DataProcessor
  File "/opt/airflow/dags/ProcessData/DataProcessor.py", line 6, in <module>
    from geopy.geocoders import Nominatim
ModuleNotFoundError: No module named 'geopy'
[2025-09-24T15:40:06.938+0000] {processor.py:842} WARNING - No viable dags retrieved from /opt/airflow/dags/DAG_scraper.py
[2025-09-24T15:40:06.953+0000] {processor.py:183} INFO - Processing /opt/airflow/dags/DAG_scraper.py took 0.030 seconds
[2025-09-24T15:40:37.235+0000] {processor.py:161} INFO - Started process (PID=355) to work on /opt/airflow/dags/DAG_scraper.py
[2025-09-24T15:40:37.236+0000] {processor.py:830} INFO - Processing file /opt/airflow/dags/DAG_scraper.py for tasks to queue
[2025-09-24T15:40:37.239+0000] {logging_mixin.py:188} INFO - [2025-09-24T15:40:37.238+0000] {dagbag.py:545} INFO - Filling up the DagBag from /opt/airflow/dags/DAG_scraper.py
[2025-09-24T15:40:37.245+0000] {logging_mixin.py:188} INFO - [2025-09-24T15:40:37.244+0000] {dagbag.py:355} ERROR - Failed to import: /opt/airflow/dags/DAG_scraper.py
Traceback (most recent call last):
  File "/home/airflow/.local/lib/python3.10/site-packages/airflow/models/dagbag.py", line 351, in parse
    loader.exec_module(new_module)
  File "<frozen importlib._bootstrap_external>", line 883, in exec_module
  File "<frozen importlib._bootstrap>", line 241, in _call_with_frames_removed
  File "/opt/airflow/dags/DAG_scraper.py", line 10, in <module>
    from ProcessData.DataProcessor import DataProcessor
  File "/opt/airflow/dags/ProcessData/DataProcessor.py", line 6, in <module>
    from geopy.geocoders import Nominatim
ModuleNotFoundError: No module named 'geopy'
[2025-09-24T15:40:37.245+0000] {processor.py:842} WARNING - No viable dags retrieved from /opt/airflow/dags/DAG_scraper.py
[2025-09-24T15:40:37.262+0000] {processor.py:183} INFO - Processing /opt/airflow/dags/DAG_scraper.py took 0.038 seconds
[2025-09-24T15:41:07.567+0000] {processor.py:161} INFO - Started process (PID=356) to work on /opt/airflow/dags/DAG_scraper.py
[2025-09-24T15:41:07.569+0000] {processor.py:830} INFO - Processing file /opt/airflow/dags/DAG_scraper.py for tasks to queue
[2025-09-24T15:41:07.572+0000] {logging_mixin.py:188} INFO - [2025-09-24T15:41:07.571+0000] {dagbag.py:545} INFO - Filling up the DagBag from /opt/airflow/dags/DAG_scraper.py
[2025-09-24T15:41:07.579+0000] {logging_mixin.py:188} INFO - [2025-09-24T15:41:07.578+0000] {dagbag.py:355} ERROR - Failed to import: /opt/airflow/dags/DAG_scraper.py
Traceback (most recent call last):
  File "/home/airflow/.local/lib/python3.10/site-packages/airflow/models/dagbag.py", line 351, in parse
    loader.exec_module(new_module)
  File "<frozen importlib._bootstrap_external>", line 883, in exec_module
  File "<frozen importlib._bootstrap>", line 241, in _call_with_frames_removed
  File "/opt/airflow/dags/DAG_scraper.py", line 10, in <module>
    from ProcessData.DataProcessor import DataProcessor
  File "/opt/airflow/dags/ProcessData/DataProcessor.py", line 6, in <module>
    from geopy.geocoders import Nominatim
ModuleNotFoundError: No module named 'geopy'
[2025-09-24T15:41:07.579+0000] {processor.py:842} WARNING - No viable dags retrieved from /opt/airflow/dags/DAG_scraper.py
[2025-09-24T15:41:07.617+0000] {processor.py:183} INFO - Processing /opt/airflow/dags/DAG_scraper.py took 0.058 seconds
[2025-09-24T15:41:37.890+0000] {processor.py:161} INFO - Started process (PID=357) to work on /opt/airflow/dags/DAG_scraper.py
[2025-09-24T15:41:37.891+0000] {processor.py:830} INFO - Processing file /opt/airflow/dags/DAG_scraper.py for tasks to queue
[2025-09-24T15:41:37.894+0000] {logging_mixin.py:188} INFO - [2025-09-24T15:41:37.894+0000] {dagbag.py:545} INFO - Filling up the DagBag from /opt/airflow/dags/DAG_scraper.py
[2025-09-24T15:41:37.902+0000] {logging_mixin.py:188} INFO - [2025-09-24T15:41:37.901+0000] {dagbag.py:355} ERROR - Failed to import: /opt/airflow/dags/DAG_scraper.py
Traceback (most recent call last):
  File "/home/airflow/.local/lib/python3.10/site-packages/airflow/models/dagbag.py", line 351, in parse
    loader.exec_module(new_module)
  File "<frozen importlib._bootstrap_external>", line 883, in exec_module
  File "<frozen importlib._bootstrap>", line 241, in _call_with_frames_removed
  File "/opt/airflow/dags/DAG_scraper.py", line 10, in <module>
    from ProcessData.DataProcessor import DataProcessor
  File "/opt/airflow/dags/ProcessData/DataProcessor.py", line 6, in <module>
    from geopy.geocoders import Nominatim
ModuleNotFoundError: No module named 'geopy'
[2025-09-24T15:41:37.902+0000] {processor.py:842} WARNING - No viable dags retrieved from /opt/airflow/dags/DAG_scraper.py
[2025-09-24T15:41:37.921+0000] {processor.py:183} INFO - Processing /opt/airflow/dags/DAG_scraper.py took 0.042 seconds
[2025-09-24T15:42:08.241+0000] {processor.py:161} INFO - Started process (PID=358) to work on /opt/airflow/dags/DAG_scraper.py
[2025-09-24T15:42:08.242+0000] {processor.py:830} INFO - Processing file /opt/airflow/dags/DAG_scraper.py for tasks to queue
[2025-09-24T15:42:08.245+0000] {logging_mixin.py:188} INFO - [2025-09-24T15:42:08.245+0000] {dagbag.py:545} INFO - Filling up the DagBag from /opt/airflow/dags/DAG_scraper.py
[2025-09-24T15:42:08.254+0000] {logging_mixin.py:188} INFO - [2025-09-24T15:42:08.253+0000] {dagbag.py:355} ERROR - Failed to import: /opt/airflow/dags/DAG_scraper.py
Traceback (most recent call last):
  File "/home/airflow/.local/lib/python3.10/site-packages/airflow/models/dagbag.py", line 351, in parse
    loader.exec_module(new_module)
  File "<frozen importlib._bootstrap_external>", line 883, in exec_module
  File "<frozen importlib._bootstrap>", line 241, in _call_with_frames_removed
  File "/opt/airflow/dags/DAG_scraper.py", line 10, in <module>
    from ProcessData.DataProcessor import DataProcessor
  File "/opt/airflow/dags/ProcessData/DataProcessor.py", line 6, in <module>
    from geopy.geocoders import Nominatim
ModuleNotFoundError: No module named 'geopy'
[2025-09-24T15:42:08.254+0000] {processor.py:842} WARNING - No viable dags retrieved from /opt/airflow/dags/DAG_scraper.py
[2025-09-24T15:42:08.277+0000] {processor.py:183} INFO - Processing /opt/airflow/dags/DAG_scraper.py took 0.045 seconds
[2025-09-24T15:42:38.554+0000] {processor.py:161} INFO - Started process (PID=359) to work on /opt/airflow/dags/DAG_scraper.py
[2025-09-24T15:42:38.557+0000] {processor.py:830} INFO - Processing file /opt/airflow/dags/DAG_scraper.py for tasks to queue
[2025-09-24T15:42:38.561+0000] {logging_mixin.py:188} INFO - [2025-09-24T15:42:38.561+0000] {dagbag.py:545} INFO - Filling up the DagBag from /opt/airflow/dags/DAG_scraper.py
[2025-09-24T15:42:38.568+0000] {logging_mixin.py:188} INFO - [2025-09-24T15:42:38.567+0000] {dagbag.py:355} ERROR - Failed to import: /opt/airflow/dags/DAG_scraper.py
Traceback (most recent call last):
  File "/home/airflow/.local/lib/python3.10/site-packages/airflow/models/dagbag.py", line 351, in parse
    loader.exec_module(new_module)
  File "<frozen importlib._bootstrap_external>", line 883, in exec_module
  File "<frozen importlib._bootstrap>", line 241, in _call_with_frames_removed
  File "/opt/airflow/dags/DAG_scraper.py", line 10, in <module>
    from ProcessData.DataProcessor import DataProcessor
  File "/opt/airflow/dags/ProcessData/DataProcessor.py", line 6, in <module>
    from geopy.geocoders import Nominatim
ModuleNotFoundError: No module named 'geopy'
[2025-09-24T15:42:38.568+0000] {processor.py:842} WARNING - No viable dags retrieved from /opt/airflow/dags/DAG_scraper.py
[2025-09-24T15:42:38.588+0000] {processor.py:183} INFO - Processing /opt/airflow/dags/DAG_scraper.py took 0.048 seconds
[2025-09-24T15:43:08.886+0000] {processor.py:161} INFO - Started process (PID=360) to work on /opt/airflow/dags/DAG_scraper.py
[2025-09-24T15:43:08.887+0000] {processor.py:830} INFO - Processing file /opt/airflow/dags/DAG_scraper.py for tasks to queue
[2025-09-24T15:43:08.890+0000] {logging_mixin.py:188} INFO - [2025-09-24T15:43:08.889+0000] {dagbag.py:545} INFO - Filling up the DagBag from /opt/airflow/dags/DAG_scraper.py
[2025-09-24T15:43:08.896+0000] {logging_mixin.py:188} INFO - [2025-09-24T15:43:08.895+0000] {dagbag.py:355} ERROR - Failed to import: /opt/airflow/dags/DAG_scraper.py
Traceback (most recent call last):
  File "/home/airflow/.local/lib/python3.10/site-packages/airflow/models/dagbag.py", line 351, in parse
    loader.exec_module(new_module)
  File "<frozen importlib._bootstrap_external>", line 883, in exec_module
  File "<frozen importlib._bootstrap>", line 241, in _call_with_frames_removed
  File "/opt/airflow/dags/DAG_scraper.py", line 10, in <module>
    from ProcessData.DataProcessor import DataProcessor
  File "/opt/airflow/dags/ProcessData/DataProcessor.py", line 6, in <module>
    from geopy.geocoders import Nominatim
ModuleNotFoundError: No module named 'geopy'
[2025-09-24T15:43:08.896+0000] {processor.py:842} WARNING - No viable dags retrieved from /opt/airflow/dags/DAG_scraper.py
[2025-09-24T15:43:08.913+0000] {processor.py:183} INFO - Processing /opt/airflow/dags/DAG_scraper.py took 0.036 seconds
[2025-09-24T15:43:39.279+0000] {processor.py:161} INFO - Started process (PID=361) to work on /opt/airflow/dags/DAG_scraper.py
[2025-09-24T15:43:39.281+0000] {processor.py:830} INFO - Processing file /opt/airflow/dags/DAG_scraper.py for tasks to queue
[2025-09-24T15:43:39.285+0000] {logging_mixin.py:188} INFO - [2025-09-24T15:43:39.284+0000] {dagbag.py:545} INFO - Filling up the DagBag from /opt/airflow/dags/DAG_scraper.py
[2025-09-24T15:43:39.294+0000] {logging_mixin.py:188} INFO - [2025-09-24T15:43:39.292+0000] {dagbag.py:355} ERROR - Failed to import: /opt/airflow/dags/DAG_scraper.py
Traceback (most recent call last):
  File "/home/airflow/.local/lib/python3.10/site-packages/airflow/models/dagbag.py", line 351, in parse
    loader.exec_module(new_module)
  File "<frozen importlib._bootstrap_external>", line 883, in exec_module
  File "<frozen importlib._bootstrap>", line 241, in _call_with_frames_removed
  File "/opt/airflow/dags/DAG_scraper.py", line 10, in <module>
    from ProcessData.DataProcessor import DataProcessor
  File "/opt/airflow/dags/ProcessData/DataProcessor.py", line 6, in <module>
    from geopy.geocoders import Nominatim
ModuleNotFoundError: No module named 'geopy'
[2025-09-24T15:43:39.294+0000] {processor.py:842} WARNING - No viable dags retrieved from /opt/airflow/dags/DAG_scraper.py
[2025-09-24T15:43:39.326+0000] {processor.py:183} INFO - Processing /opt/airflow/dags/DAG_scraper.py took 0.060 seconds
[2025-09-24T15:44:09.583+0000] {processor.py:161} INFO - Started process (PID=362) to work on /opt/airflow/dags/DAG_scraper.py
[2025-09-24T15:44:09.585+0000] {processor.py:830} INFO - Processing file /opt/airflow/dags/DAG_scraper.py for tasks to queue
[2025-09-24T15:44:09.588+0000] {logging_mixin.py:188} INFO - [2025-09-24T15:44:09.587+0000] {dagbag.py:545} INFO - Filling up the DagBag from /opt/airflow/dags/DAG_scraper.py
[2025-09-24T15:44:09.594+0000] {logging_mixin.py:188} INFO - [2025-09-24T15:44:09.593+0000] {dagbag.py:355} ERROR - Failed to import: /opt/airflow/dags/DAG_scraper.py
Traceback (most recent call last):
  File "/home/airflow/.local/lib/python3.10/site-packages/airflow/models/dagbag.py", line 351, in parse
    loader.exec_module(new_module)
  File "<frozen importlib._bootstrap_external>", line 883, in exec_module
  File "<frozen importlib._bootstrap>", line 241, in _call_with_frames_removed
  File "/opt/airflow/dags/DAG_scraper.py", line 10, in <module>
    from ProcessData.DataProcessor import DataProcessor
  File "/opt/airflow/dags/ProcessData/DataProcessor.py", line 6, in <module>
    from geopy.geocoders import Nominatim
ModuleNotFoundError: No module named 'geopy'
[2025-09-24T15:44:09.594+0000] {processor.py:842} WARNING - No viable dags retrieved from /opt/airflow/dags/DAG_scraper.py
[2025-09-24T15:44:09.611+0000] {processor.py:183} INFO - Processing /opt/airflow/dags/DAG_scraper.py took 0.044 seconds
[2025-09-24T15:44:39.881+0000] {processor.py:161} INFO - Started process (PID=363) to work on /opt/airflow/dags/DAG_scraper.py
[2025-09-24T15:44:39.883+0000] {processor.py:830} INFO - Processing file /opt/airflow/dags/DAG_scraper.py for tasks to queue
[2025-09-24T15:44:39.886+0000] {logging_mixin.py:188} INFO - [2025-09-24T15:44:39.885+0000] {dagbag.py:545} INFO - Filling up the DagBag from /opt/airflow/dags/DAG_scraper.py
[2025-09-24T15:44:39.893+0000] {logging_mixin.py:188} INFO - [2025-09-24T15:44:39.892+0000] {dagbag.py:355} ERROR - Failed to import: /opt/airflow/dags/DAG_scraper.py
Traceback (most recent call last):
  File "/home/airflow/.local/lib/python3.10/site-packages/airflow/models/dagbag.py", line 351, in parse
    loader.exec_module(new_module)
  File "<frozen importlib._bootstrap_external>", line 883, in exec_module
  File "<frozen importlib._bootstrap>", line 241, in _call_with_frames_removed
  File "/opt/airflow/dags/DAG_scraper.py", line 10, in <module>
    from ProcessData.DataProcessor import DataProcessor
  File "/opt/airflow/dags/ProcessData/DataProcessor.py", line 6, in <module>
    from geopy.geocoders import Nominatim
ModuleNotFoundError: No module named 'geopy'
[2025-09-24T15:44:39.893+0000] {processor.py:842} WARNING - No viable dags retrieved from /opt/airflow/dags/DAG_scraper.py
[2025-09-24T15:44:39.911+0000] {processor.py:183} INFO - Processing /opt/airflow/dags/DAG_scraper.py took 0.038 seconds
[2025-09-24T15:45:10.246+0000] {processor.py:161} INFO - Started process (PID=364) to work on /opt/airflow/dags/DAG_scraper.py
[2025-09-24T15:45:10.248+0000] {processor.py:830} INFO - Processing file /opt/airflow/dags/DAG_scraper.py for tasks to queue
[2025-09-24T15:45:10.251+0000] {logging_mixin.py:188} INFO - [2025-09-24T15:45:10.251+0000] {dagbag.py:545} INFO - Filling up the DagBag from /opt/airflow/dags/DAG_scraper.py
[2025-09-24T15:45:10.257+0000] {logging_mixin.py:188} INFO - [2025-09-24T15:45:10.256+0000] {dagbag.py:355} ERROR - Failed to import: /opt/airflow/dags/DAG_scraper.py
Traceback (most recent call last):
  File "/home/airflow/.local/lib/python3.10/site-packages/airflow/models/dagbag.py", line 351, in parse
    loader.exec_module(new_module)
  File "<frozen importlib._bootstrap_external>", line 883, in exec_module
  File "<frozen importlib._bootstrap>", line 241, in _call_with_frames_removed
  File "/opt/airflow/dags/DAG_scraper.py", line 10, in <module>
    from ProcessData.DataProcessor import DataProcessor
  File "/opt/airflow/dags/ProcessData/DataProcessor.py", line 6, in <module>
    from geopy.geocoders import Nominatim
ModuleNotFoundError: No module named 'geopy'
[2025-09-24T15:45:10.257+0000] {processor.py:842} WARNING - No viable dags retrieved from /opt/airflow/dags/DAG_scraper.py
[2025-09-24T15:45:10.273+0000] {processor.py:183} INFO - Processing /opt/airflow/dags/DAG_scraper.py took 0.036 seconds
[2025-09-24T15:45:40.538+0000] {processor.py:161} INFO - Started process (PID=365) to work on /opt/airflow/dags/DAG_scraper.py
[2025-09-24T15:45:40.540+0000] {processor.py:830} INFO - Processing file /opt/airflow/dags/DAG_scraper.py for tasks to queue
[2025-09-24T15:45:40.541+0000] {logging_mixin.py:188} INFO - [2025-09-24T15:45:40.541+0000] {dagbag.py:545} INFO - Filling up the DagBag from /opt/airflow/dags/DAG_scraper.py
[2025-09-24T15:45:40.547+0000] {logging_mixin.py:188} INFO - [2025-09-24T15:45:40.546+0000] {dagbag.py:355} ERROR - Failed to import: /opt/airflow/dags/DAG_scraper.py
Traceback (most recent call last):
  File "/home/airflow/.local/lib/python3.10/site-packages/airflow/models/dagbag.py", line 351, in parse
    loader.exec_module(new_module)
  File "<frozen importlib._bootstrap_external>", line 883, in exec_module
  File "<frozen importlib._bootstrap>", line 241, in _call_with_frames_removed
  File "/opt/airflow/dags/DAG_scraper.py", line 10, in <module>
    from ProcessData.DataProcessor import DataProcessor
  File "/opt/airflow/dags/ProcessData/DataProcessor.py", line 6, in <module>
    from geopy.geocoders import Nominatim
ModuleNotFoundError: No module named 'geopy'
[2025-09-24T15:45:40.547+0000] {processor.py:842} WARNING - No viable dags retrieved from /opt/airflow/dags/DAG_scraper.py
[2025-09-24T15:45:40.561+0000] {processor.py:183} INFO - Processing /opt/airflow/dags/DAG_scraper.py took 0.029 seconds
[2025-09-24T15:46:10.891+0000] {processor.py:161} INFO - Started process (PID=366) to work on /opt/airflow/dags/DAG_scraper.py
[2025-09-24T15:46:10.892+0000] {processor.py:830} INFO - Processing file /opt/airflow/dags/DAG_scraper.py for tasks to queue
[2025-09-24T15:46:10.896+0000] {logging_mixin.py:188} INFO - [2025-09-24T15:46:10.896+0000] {dagbag.py:545} INFO - Filling up the DagBag from /opt/airflow/dags/DAG_scraper.py
[2025-09-24T15:46:10.905+0000] {logging_mixin.py:188} INFO - [2025-09-24T15:46:10.904+0000] {dagbag.py:355} ERROR - Failed to import: /opt/airflow/dags/DAG_scraper.py
Traceback (most recent call last):
  File "/home/airflow/.local/lib/python3.10/site-packages/airflow/models/dagbag.py", line 351, in parse
    loader.exec_module(new_module)
  File "<frozen importlib._bootstrap_external>", line 883, in exec_module
  File "<frozen importlib._bootstrap>", line 241, in _call_with_frames_removed
  File "/opt/airflow/dags/DAG_scraper.py", line 10, in <module>
    from ProcessData.DataProcessor import DataProcessor
  File "/opt/airflow/dags/ProcessData/DataProcessor.py", line 6, in <module>
    from geopy.geocoders import Nominatim
ModuleNotFoundError: No module named 'geopy'
[2025-09-24T15:46:10.906+0000] {processor.py:842} WARNING - No viable dags retrieved from /opt/airflow/dags/DAG_scraper.py
[2025-09-24T15:46:10.925+0000] {processor.py:183} INFO - Processing /opt/airflow/dags/DAG_scraper.py took 0.045 seconds
[2025-09-24T16:18:14.631+0000] {processor.py:161} INFO - Started process (PID=367) to work on /opt/airflow/dags/DAG_scraper.py
[2025-09-24T16:18:14.632+0000] {processor.py:830} INFO - Processing file /opt/airflow/dags/DAG_scraper.py for tasks to queue
[2025-09-24T16:18:14.633+0000] {logging_mixin.py:188} INFO - [2025-09-24T16:18:14.633+0000] {dagbag.py:545} INFO - Filling up the DagBag from /opt/airflow/dags/DAG_scraper.py
[2025-09-24T16:18:14.636+0000] {logging_mixin.py:188} INFO - [2025-09-24T16:18:14.636+0000] {dagbag.py:355} ERROR - Failed to import: /opt/airflow/dags/DAG_scraper.py
Traceback (most recent call last):
  File "/home/airflow/.local/lib/python3.10/site-packages/airflow/models/dagbag.py", line 351, in parse
    loader.exec_module(new_module)
  File "<frozen importlib._bootstrap_external>", line 883, in exec_module
  File "<frozen importlib._bootstrap>", line 241, in _call_with_frames_removed
  File "/opt/airflow/dags/DAG_scraper.py", line 10, in <module>
    from ProcessData.DataProcessor import DataProcessor
  File "/opt/airflow/dags/ProcessData/DataProcessor.py", line 6, in <module>
    from geopy.geocoders import Nominatim
ModuleNotFoundError: No module named 'geopy'
[2025-09-24T16:18:14.636+0000] {processor.py:842} WARNING - No viable dags retrieved from /opt/airflow/dags/DAG_scraper.py
[2025-09-24T16:18:14.648+0000] {processor.py:183} INFO - Processing /opt/airflow/dags/DAG_scraper.py took 0.020 seconds
[2025-09-24T16:18:44.913+0000] {processor.py:161} INFO - Started process (PID=368) to work on /opt/airflow/dags/DAG_scraper.py
[2025-09-24T16:18:44.914+0000] {processor.py:830} INFO - Processing file /opt/airflow/dags/DAG_scraper.py for tasks to queue
[2025-09-24T16:18:44.916+0000] {logging_mixin.py:188} INFO - [2025-09-24T16:18:44.916+0000] {dagbag.py:545} INFO - Filling up the DagBag from /opt/airflow/dags/DAG_scraper.py
[2025-09-24T16:18:44.923+0000] {logging_mixin.py:188} INFO - [2025-09-24T16:18:44.922+0000] {dagbag.py:355} ERROR - Failed to import: /opt/airflow/dags/DAG_scraper.py
Traceback (most recent call last):
  File "/home/airflow/.local/lib/python3.10/site-packages/airflow/models/dagbag.py", line 351, in parse
    loader.exec_module(new_module)
  File "<frozen importlib._bootstrap_external>", line 883, in exec_module
  File "<frozen importlib._bootstrap>", line 241, in _call_with_frames_removed
  File "/opt/airflow/dags/DAG_scraper.py", line 10, in <module>
    from ProcessData.DataProcessor import DataProcessor
  File "/opt/airflow/dags/ProcessData/DataProcessor.py", line 6, in <module>
    from geopy.geocoders import Nominatim
ModuleNotFoundError: No module named 'geopy'
[2025-09-24T16:18:44.923+0000] {processor.py:842} WARNING - No viable dags retrieved from /opt/airflow/dags/DAG_scraper.py
[2025-09-24T16:18:44.941+0000] {processor.py:183} INFO - Processing /opt/airflow/dags/DAG_scraper.py took 0.037 seconds
[2025-09-24T16:19:15.199+0000] {processor.py:161} INFO - Started process (PID=369) to work on /opt/airflow/dags/DAG_scraper.py
[2025-09-24T16:19:15.202+0000] {processor.py:830} INFO - Processing file /opt/airflow/dags/DAG_scraper.py for tasks to queue
[2025-09-24T16:19:15.204+0000] {logging_mixin.py:188} INFO - [2025-09-24T16:19:15.204+0000] {dagbag.py:545} INFO - Filling up the DagBag from /opt/airflow/dags/DAG_scraper.py
[2025-09-24T16:19:15.210+0000] {logging_mixin.py:188} INFO - [2025-09-24T16:19:15.210+0000] {dagbag.py:355} ERROR - Failed to import: /opt/airflow/dags/DAG_scraper.py
Traceback (most recent call last):
  File "/home/airflow/.local/lib/python3.10/site-packages/airflow/models/dagbag.py", line 351, in parse
    loader.exec_module(new_module)
  File "<frozen importlib._bootstrap_external>", line 883, in exec_module
  File "<frozen importlib._bootstrap>", line 241, in _call_with_frames_removed
  File "/opt/airflow/dags/DAG_scraper.py", line 10, in <module>
    from ProcessData.DataProcessor import DataProcessor
  File "/opt/airflow/dags/ProcessData/DataProcessor.py", line 6, in <module>
    from geopy.geocoders import Nominatim
ModuleNotFoundError: No module named 'geopy'
[2025-09-24T16:19:15.211+0000] {processor.py:842} WARNING - No viable dags retrieved from /opt/airflow/dags/DAG_scraper.py
[2025-09-24T16:19:15.225+0000] {processor.py:183} INFO - Processing /opt/airflow/dags/DAG_scraper.py took 0.034 seconds
[2025-09-24T16:19:45.447+0000] {processor.py:161} INFO - Started process (PID=370) to work on /opt/airflow/dags/DAG_scraper.py
[2025-09-24T16:19:45.448+0000] {processor.py:830} INFO - Processing file /opt/airflow/dags/DAG_scraper.py for tasks to queue
[2025-09-24T16:19:45.451+0000] {logging_mixin.py:188} INFO - [2025-09-24T16:19:45.450+0000] {dagbag.py:545} INFO - Filling up the DagBag from /opt/airflow/dags/DAG_scraper.py
[2025-09-24T16:19:45.456+0000] {logging_mixin.py:188} INFO - [2025-09-24T16:19:45.456+0000] {dagbag.py:355} ERROR - Failed to import: /opt/airflow/dags/DAG_scraper.py
Traceback (most recent call last):
  File "/home/airflow/.local/lib/python3.10/site-packages/airflow/models/dagbag.py", line 351, in parse
    loader.exec_module(new_module)
  File "<frozen importlib._bootstrap_external>", line 883, in exec_module
  File "<frozen importlib._bootstrap>", line 241, in _call_with_frames_removed
  File "/opt/airflow/dags/DAG_scraper.py", line 10, in <module>
    from ProcessData.DataProcessor import DataProcessor
  File "/opt/airflow/dags/ProcessData/DataProcessor.py", line 6, in <module>
    from geopy.geocoders import Nominatim
ModuleNotFoundError: No module named 'geopy'
[2025-09-24T16:19:45.457+0000] {processor.py:842} WARNING - No viable dags retrieved from /opt/airflow/dags/DAG_scraper.py
[2025-09-24T16:19:45.486+0000] {processor.py:183} INFO - Processing /opt/airflow/dags/DAG_scraper.py took 0.048 seconds
[2025-09-24T16:20:15.690+0000] {processor.py:161} INFO - Started process (PID=371) to work on /opt/airflow/dags/DAG_scraper.py
[2025-09-24T16:20:15.691+0000] {processor.py:830} INFO - Processing file /opt/airflow/dags/DAG_scraper.py for tasks to queue
[2025-09-24T16:20:15.692+0000] {logging_mixin.py:188} INFO - [2025-09-24T16:20:15.692+0000] {dagbag.py:545} INFO - Filling up the DagBag from /opt/airflow/dags/DAG_scraper.py
[2025-09-24T16:20:15.696+0000] {logging_mixin.py:188} INFO - [2025-09-24T16:20:15.695+0000] {dagbag.py:355} ERROR - Failed to import: /opt/airflow/dags/DAG_scraper.py
Traceback (most recent call last):
  File "/home/airflow/.local/lib/python3.10/site-packages/airflow/models/dagbag.py", line 351, in parse
    loader.exec_module(new_module)
  File "<frozen importlib._bootstrap_external>", line 883, in exec_module
  File "<frozen importlib._bootstrap>", line 241, in _call_with_frames_removed
  File "/opt/airflow/dags/DAG_scraper.py", line 10, in <module>
    from ProcessData.DataProcessor import DataProcessor
  File "/opt/airflow/dags/ProcessData/DataProcessor.py", line 6, in <module>
    from geopy.geocoders import Nominatim
ModuleNotFoundError: No module named 'geopy'
[2025-09-24T16:20:15.696+0000] {processor.py:842} WARNING - No viable dags retrieved from /opt/airflow/dags/DAG_scraper.py
[2025-09-24T16:20:15.708+0000] {processor.py:183} INFO - Processing /opt/airflow/dags/DAG_scraper.py took 0.026 seconds
[2025-09-24T16:20:45.976+0000] {processor.py:161} INFO - Started process (PID=372) to work on /opt/airflow/dags/DAG_scraper.py
[2025-09-24T16:20:45.977+0000] {processor.py:830} INFO - Processing file /opt/airflow/dags/DAG_scraper.py for tasks to queue
[2025-09-24T16:20:45.980+0000] {logging_mixin.py:188} INFO - [2025-09-24T16:20:45.979+0000] {dagbag.py:545} INFO - Filling up the DagBag from /opt/airflow/dags/DAG_scraper.py
[2025-09-24T16:20:45.986+0000] {logging_mixin.py:188} INFO - [2025-09-24T16:20:45.985+0000] {dagbag.py:355} ERROR - Failed to import: /opt/airflow/dags/DAG_scraper.py
Traceback (most recent call last):
  File "/home/airflow/.local/lib/python3.10/site-packages/airflow/models/dagbag.py", line 351, in parse
    loader.exec_module(new_module)
  File "<frozen importlib._bootstrap_external>", line 883, in exec_module
  File "<frozen importlib._bootstrap>", line 241, in _call_with_frames_removed
  File "/opt/airflow/dags/DAG_scraper.py", line 10, in <module>
    from ProcessData.DataProcessor import DataProcessor
  File "/opt/airflow/dags/ProcessData/DataProcessor.py", line 6, in <module>
    from geopy.geocoders import Nominatim
ModuleNotFoundError: No module named 'geopy'
[2025-09-24T16:20:45.986+0000] {processor.py:842} WARNING - No viable dags retrieved from /opt/airflow/dags/DAG_scraper.py
[2025-09-24T16:20:46.001+0000] {processor.py:183} INFO - Processing /opt/airflow/dags/DAG_scraper.py took 0.032 seconds
[2025-09-24T16:21:16.238+0000] {processor.py:161} INFO - Started process (PID=373) to work on /opt/airflow/dags/DAG_scraper.py
[2025-09-24T16:21:16.240+0000] {processor.py:830} INFO - Processing file /opt/airflow/dags/DAG_scraper.py for tasks to queue
[2025-09-24T16:21:16.242+0000] {logging_mixin.py:188} INFO - [2025-09-24T16:21:16.242+0000] {dagbag.py:545} INFO - Filling up the DagBag from /opt/airflow/dags/DAG_scraper.py
[2025-09-24T16:21:16.249+0000] {logging_mixin.py:188} INFO - [2025-09-24T16:21:16.248+0000] {dagbag.py:355} ERROR - Failed to import: /opt/airflow/dags/DAG_scraper.py
Traceback (most recent call last):
  File "/home/airflow/.local/lib/python3.10/site-packages/airflow/models/dagbag.py", line 351, in parse
    loader.exec_module(new_module)
  File "<frozen importlib._bootstrap_external>", line 883, in exec_module
  File "<frozen importlib._bootstrap>", line 241, in _call_with_frames_removed
  File "/opt/airflow/dags/DAG_scraper.py", line 10, in <module>
    from ProcessData.DataProcessor import DataProcessor
  File "/opt/airflow/dags/ProcessData/DataProcessor.py", line 6, in <module>
    from geopy.geocoders import Nominatim
ModuleNotFoundError: No module named 'geopy'
[2025-09-24T16:21:16.249+0000] {processor.py:842} WARNING - No viable dags retrieved from /opt/airflow/dags/DAG_scraper.py
[2025-09-24T16:21:16.266+0000] {processor.py:183} INFO - Processing /opt/airflow/dags/DAG_scraper.py took 0.035 seconds
[2025-09-24T16:21:46.595+0000] {processor.py:161} INFO - Started process (PID=374) to work on /opt/airflow/dags/DAG_scraper.py
[2025-09-24T16:21:46.596+0000] {processor.py:830} INFO - Processing file /opt/airflow/dags/DAG_scraper.py for tasks to queue
[2025-09-24T16:21:46.600+0000] {logging_mixin.py:188} INFO - [2025-09-24T16:21:46.599+0000] {dagbag.py:545} INFO - Filling up the DagBag from /opt/airflow/dags/DAG_scraper.py
[2025-09-24T16:21:46.614+0000] {logging_mixin.py:188} INFO - [2025-09-24T16:21:46.612+0000] {dagbag.py:355} ERROR - Failed to import: /opt/airflow/dags/DAG_scraper.py
Traceback (most recent call last):
  File "/home/airflow/.local/lib/python3.10/site-packages/airflow/models/dagbag.py", line 351, in parse
    loader.exec_module(new_module)
  File "<frozen importlib._bootstrap_external>", line 883, in exec_module
  File "<frozen importlib._bootstrap>", line 241, in _call_with_frames_removed
  File "/opt/airflow/dags/DAG_scraper.py", line 10, in <module>
    from ProcessData.DataProcessor import DataProcessor
  File "/opt/airflow/dags/ProcessData/DataProcessor.py", line 6, in <module>
    from geopy.geocoders import Nominatim
ModuleNotFoundError: No module named 'geopy'
[2025-09-24T16:21:46.615+0000] {processor.py:842} WARNING - No viable dags retrieved from /opt/airflow/dags/DAG_scraper.py
[2025-09-24T16:21:46.635+0000] {processor.py:183} INFO - Processing /opt/airflow/dags/DAG_scraper.py took 0.052 seconds
[2025-09-24T16:22:16.881+0000] {processor.py:161} INFO - Started process (PID=375) to work on /opt/airflow/dags/DAG_scraper.py
[2025-09-24T16:22:16.883+0000] {processor.py:830} INFO - Processing file /opt/airflow/dags/DAG_scraper.py for tasks to queue
[2025-09-24T16:22:16.884+0000] {logging_mixin.py:188} INFO - [2025-09-24T16:22:16.884+0000] {dagbag.py:545} INFO - Filling up the DagBag from /opt/airflow/dags/DAG_scraper.py
[2025-09-24T16:22:16.889+0000] {logging_mixin.py:188} INFO - [2025-09-24T16:22:16.888+0000] {dagbag.py:355} ERROR - Failed to import: /opt/airflow/dags/DAG_scraper.py
Traceback (most recent call last):
  File "/home/airflow/.local/lib/python3.10/site-packages/airflow/models/dagbag.py", line 351, in parse
    loader.exec_module(new_module)
  File "<frozen importlib._bootstrap_external>", line 883, in exec_module
  File "<frozen importlib._bootstrap>", line 241, in _call_with_frames_removed
  File "/opt/airflow/dags/DAG_scraper.py", line 10, in <module>
    from ProcessData.DataProcessor import DataProcessor
  File "/opt/airflow/dags/ProcessData/DataProcessor.py", line 6, in <module>
    from geopy.geocoders import Nominatim
ModuleNotFoundError: No module named 'geopy'
[2025-09-24T16:22:16.890+0000] {processor.py:842} WARNING - No viable dags retrieved from /opt/airflow/dags/DAG_scraper.py
[2025-09-24T16:22:16.904+0000] {processor.py:183} INFO - Processing /opt/airflow/dags/DAG_scraper.py took 0.028 seconds
[2025-09-24T16:22:47.207+0000] {processor.py:161} INFO - Started process (PID=376) to work on /opt/airflow/dags/DAG_scraper.py
[2025-09-24T16:22:47.208+0000] {processor.py:830} INFO - Processing file /opt/airflow/dags/DAG_scraper.py for tasks to queue
[2025-09-24T16:22:47.212+0000] {logging_mixin.py:188} INFO - [2025-09-24T16:22:47.211+0000] {dagbag.py:545} INFO - Filling up the DagBag from /opt/airflow/dags/DAG_scraper.py
[2025-09-24T16:22:47.220+0000] {logging_mixin.py:188} INFO - [2025-09-24T16:22:47.219+0000] {dagbag.py:355} ERROR - Failed to import: /opt/airflow/dags/DAG_scraper.py
Traceback (most recent call last):
  File "/home/airflow/.local/lib/python3.10/site-packages/airflow/models/dagbag.py", line 351, in parse
    loader.exec_module(new_module)
  File "<frozen importlib._bootstrap_external>", line 883, in exec_module
  File "<frozen importlib._bootstrap>", line 241, in _call_with_frames_removed
  File "/opt/airflow/dags/DAG_scraper.py", line 10, in <module>
    from ProcessData.DataProcessor import DataProcessor
  File "/opt/airflow/dags/ProcessData/DataProcessor.py", line 6, in <module>
    from geopy.geocoders import Nominatim
ModuleNotFoundError: No module named 'geopy'
[2025-09-24T16:22:47.220+0000] {processor.py:842} WARNING - No viable dags retrieved from /opt/airflow/dags/DAG_scraper.py
[2025-09-24T16:22:47.238+0000] {processor.py:183} INFO - Processing /opt/airflow/dags/DAG_scraper.py took 0.043 seconds
[2025-09-24T16:23:17.641+0000] {processor.py:161} INFO - Started process (PID=377) to work on /opt/airflow/dags/DAG_scraper.py
[2025-09-24T16:23:17.642+0000] {processor.py:830} INFO - Processing file /opt/airflow/dags/DAG_scraper.py for tasks to queue
[2025-09-24T16:23:17.650+0000] {logging_mixin.py:188} INFO - [2025-09-24T16:23:17.648+0000] {dagbag.py:545} INFO - Filling up the DagBag from /opt/airflow/dags/DAG_scraper.py
[2025-09-24T16:23:17.675+0000] {logging_mixin.py:188} INFO - [2025-09-24T16:23:17.674+0000] {dagbag.py:355} ERROR - Failed to import: /opt/airflow/dags/DAG_scraper.py
Traceback (most recent call last):
  File "/home/airflow/.local/lib/python3.10/site-packages/airflow/models/dagbag.py", line 351, in parse
    loader.exec_module(new_module)
  File "<frozen importlib._bootstrap_external>", line 883, in exec_module
  File "<frozen importlib._bootstrap>", line 241, in _call_with_frames_removed
  File "/opt/airflow/dags/DAG_scraper.py", line 10, in <module>
    from ProcessData.DataProcessor import DataProcessor
  File "/opt/airflow/dags/ProcessData/DataProcessor.py", line 6, in <module>
    from geopy.geocoders import Nominatim
ModuleNotFoundError: No module named 'geopy'
[2025-09-24T16:23:17.675+0000] {processor.py:842} WARNING - No viable dags retrieved from /opt/airflow/dags/DAG_scraper.py
[2025-09-24T16:23:17.690+0000] {processor.py:183} INFO - Processing /opt/airflow/dags/DAG_scraper.py took 0.061 seconds
[2025-09-24T16:23:48.000+0000] {processor.py:161} INFO - Started process (PID=378) to work on /opt/airflow/dags/DAG_scraper.py
[2025-09-24T16:23:48.001+0000] {processor.py:830} INFO - Processing file /opt/airflow/dags/DAG_scraper.py for tasks to queue
[2025-09-24T16:23:48.005+0000] {logging_mixin.py:188} INFO - [2025-09-24T16:23:48.004+0000] {dagbag.py:545} INFO - Filling up the DagBag from /opt/airflow/dags/DAG_scraper.py
[2025-09-24T16:23:48.013+0000] {logging_mixin.py:188} INFO - [2025-09-24T16:23:48.012+0000] {dagbag.py:355} ERROR - Failed to import: /opt/airflow/dags/DAG_scraper.py
Traceback (most recent call last):
  File "/home/airflow/.local/lib/python3.10/site-packages/airflow/models/dagbag.py", line 351, in parse
    loader.exec_module(new_module)
  File "<frozen importlib._bootstrap_external>", line 883, in exec_module
  File "<frozen importlib._bootstrap>", line 241, in _call_with_frames_removed
  File "/opt/airflow/dags/DAG_scraper.py", line 10, in <module>
    from ProcessData.DataProcessor import DataProcessor
  File "/opt/airflow/dags/ProcessData/DataProcessor.py", line 6, in <module>
    from geopy.geocoders import Nominatim
ModuleNotFoundError: No module named 'geopy'
[2025-09-24T16:23:48.013+0000] {processor.py:842} WARNING - No viable dags retrieved from /opt/airflow/dags/DAG_scraper.py
[2025-09-24T16:23:48.031+0000] {processor.py:183} INFO - Processing /opt/airflow/dags/DAG_scraper.py took 0.058 seconds
[2025-09-24T16:24:18.327+0000] {processor.py:161} INFO - Started process (PID=379) to work on /opt/airflow/dags/DAG_scraper.py
[2025-09-24T16:24:18.328+0000] {processor.py:830} INFO - Processing file /opt/airflow/dags/DAG_scraper.py for tasks to queue
[2025-09-24T16:24:18.332+0000] {logging_mixin.py:188} INFO - [2025-09-24T16:24:18.331+0000] {dagbag.py:545} INFO - Filling up the DagBag from /opt/airflow/dags/DAG_scraper.py
[2025-09-24T16:24:18.341+0000] {logging_mixin.py:188} INFO - [2025-09-24T16:24:18.340+0000] {dagbag.py:355} ERROR - Failed to import: /opt/airflow/dags/DAG_scraper.py
Traceback (most recent call last):
  File "/home/airflow/.local/lib/python3.10/site-packages/airflow/models/dagbag.py", line 351, in parse
    loader.exec_module(new_module)
  File "<frozen importlib._bootstrap_external>", line 883, in exec_module
  File "<frozen importlib._bootstrap>", line 241, in _call_with_frames_removed
  File "/opt/airflow/dags/DAG_scraper.py", line 10, in <module>
    from ProcessData.DataProcessor import DataProcessor
  File "/opt/airflow/dags/ProcessData/DataProcessor.py", line 6, in <module>
    from geopy.geocoders import Nominatim
ModuleNotFoundError: No module named 'geopy'
[2025-09-24T16:24:18.341+0000] {processor.py:842} WARNING - No viable dags retrieved from /opt/airflow/dags/DAG_scraper.py
[2025-09-24T16:24:18.358+0000] {processor.py:183} INFO - Processing /opt/airflow/dags/DAG_scraper.py took 0.043 seconds
[2025-09-24T16:24:48.659+0000] {processor.py:161} INFO - Started process (PID=380) to work on /opt/airflow/dags/DAG_scraper.py
[2025-09-24T16:24:48.661+0000] {processor.py:830} INFO - Processing file /opt/airflow/dags/DAG_scraper.py for tasks to queue
[2025-09-24T16:24:48.665+0000] {logging_mixin.py:188} INFO - [2025-09-24T16:24:48.664+0000] {dagbag.py:545} INFO - Filling up the DagBag from /opt/airflow/dags/DAG_scraper.py
[2025-09-24T16:24:48.674+0000] {logging_mixin.py:188} INFO - [2025-09-24T16:24:48.673+0000] {dagbag.py:355} ERROR - Failed to import: /opt/airflow/dags/DAG_scraper.py
Traceback (most recent call last):
  File "/home/airflow/.local/lib/python3.10/site-packages/airflow/models/dagbag.py", line 351, in parse
    loader.exec_module(new_module)
  File "<frozen importlib._bootstrap_external>", line 883, in exec_module
  File "<frozen importlib._bootstrap>", line 241, in _call_with_frames_removed
  File "/opt/airflow/dags/DAG_scraper.py", line 10, in <module>
    from ProcessData.DataProcessor import DataProcessor
  File "/opt/airflow/dags/ProcessData/DataProcessor.py", line 6, in <module>
    from geopy.geocoders import Nominatim
ModuleNotFoundError: No module named 'geopy'
[2025-09-24T16:24:48.674+0000] {processor.py:842} WARNING - No viable dags retrieved from /opt/airflow/dags/DAG_scraper.py
[2025-09-24T16:24:48.691+0000] {processor.py:183} INFO - Processing /opt/airflow/dags/DAG_scraper.py took 0.044 seconds
[2025-09-24T16:25:19.043+0000] {processor.py:161} INFO - Started process (PID=381) to work on /opt/airflow/dags/DAG_scraper.py
[2025-09-24T16:25:19.045+0000] {processor.py:830} INFO - Processing file /opt/airflow/dags/DAG_scraper.py for tasks to queue
[2025-09-24T16:25:19.049+0000] {logging_mixin.py:188} INFO - [2025-09-24T16:25:19.048+0000] {dagbag.py:545} INFO - Filling up the DagBag from /opt/airflow/dags/DAG_scraper.py
[2025-09-24T16:25:19.057+0000] {logging_mixin.py:188} INFO - [2025-09-24T16:25:19.056+0000] {dagbag.py:355} ERROR - Failed to import: /opt/airflow/dags/DAG_scraper.py
Traceback (most recent call last):
  File "/home/airflow/.local/lib/python3.10/site-packages/airflow/models/dagbag.py", line 351, in parse
    loader.exec_module(new_module)
  File "<frozen importlib._bootstrap_external>", line 883, in exec_module
  File "<frozen importlib._bootstrap>", line 241, in _call_with_frames_removed
  File "/opt/airflow/dags/DAG_scraper.py", line 10, in <module>
    from ProcessData.DataProcessor import DataProcessor
  File "/opt/airflow/dags/ProcessData/DataProcessor.py", line 6, in <module>
    from geopy.geocoders import Nominatim
ModuleNotFoundError: No module named 'geopy'
[2025-09-24T16:25:19.057+0000] {processor.py:842} WARNING - No viable dags retrieved from /opt/airflow/dags/DAG_scraper.py
[2025-09-24T16:25:19.072+0000] {processor.py:183} INFO - Processing /opt/airflow/dags/DAG_scraper.py took 0.052 seconds
[2025-09-24T16:25:49.360+0000] {processor.py:161} INFO - Started process (PID=382) to work on /opt/airflow/dags/DAG_scraper.py
[2025-09-24T16:25:49.363+0000] {processor.py:830} INFO - Processing file /opt/airflow/dags/DAG_scraper.py for tasks to queue
[2025-09-24T16:25:49.372+0000] {logging_mixin.py:188} INFO - [2025-09-24T16:25:49.371+0000] {dagbag.py:545} INFO - Filling up the DagBag from /opt/airflow/dags/DAG_scraper.py
[2025-09-24T16:25:49.402+0000] {logging_mixin.py:188} INFO - [2025-09-24T16:25:49.398+0000] {dagbag.py:355} ERROR - Failed to import: /opt/airflow/dags/DAG_scraper.py
Traceback (most recent call last):
  File "/home/airflow/.local/lib/python3.10/site-packages/airflow/models/dagbag.py", line 351, in parse
    loader.exec_module(new_module)
  File "<frozen importlib._bootstrap_external>", line 883, in exec_module
  File "<frozen importlib._bootstrap>", line 241, in _call_with_frames_removed
  File "/opt/airflow/dags/DAG_scraper.py", line 10, in <module>
    from ProcessData.DataProcessor import DataProcessor
  File "/opt/airflow/dags/ProcessData/DataProcessor.py", line 6, in <module>
    from geopy.geocoders import Nominatim
ModuleNotFoundError: No module named 'geopy'
[2025-09-24T16:25:49.402+0000] {processor.py:842} WARNING - No viable dags retrieved from /opt/airflow/dags/DAG_scraper.py
[2025-09-24T16:25:49.423+0000] {processor.py:183} INFO - Processing /opt/airflow/dags/DAG_scraper.py took 0.074 seconds
[2025-09-24T16:26:19.643+0000] {processor.py:161} INFO - Started process (PID=383) to work on /opt/airflow/dags/DAG_scraper.py
[2025-09-24T16:26:19.644+0000] {processor.py:830} INFO - Processing file /opt/airflow/dags/DAG_scraper.py for tasks to queue
[2025-09-24T16:26:19.647+0000] {logging_mixin.py:188} INFO - [2025-09-24T16:26:19.646+0000] {dagbag.py:545} INFO - Filling up the DagBag from /opt/airflow/dags/DAG_scraper.py
[2025-09-24T16:26:19.653+0000] {logging_mixin.py:188} INFO - [2025-09-24T16:26:19.652+0000] {dagbag.py:355} ERROR - Failed to import: /opt/airflow/dags/DAG_scraper.py
Traceback (most recent call last):
  File "/home/airflow/.local/lib/python3.10/site-packages/airflow/models/dagbag.py", line 351, in parse
    loader.exec_module(new_module)
  File "<frozen importlib._bootstrap_external>", line 883, in exec_module
  File "<frozen importlib._bootstrap>", line 241, in _call_with_frames_removed
  File "/opt/airflow/dags/DAG_scraper.py", line 10, in <module>
    from ProcessData.DataProcessor import DataProcessor
  File "/opt/airflow/dags/ProcessData/DataProcessor.py", line 6, in <module>
    from geopy.geocoders import Nominatim
ModuleNotFoundError: No module named 'geopy'
[2025-09-24T16:26:19.653+0000] {processor.py:842} WARNING - No viable dags retrieved from /opt/airflow/dags/DAG_scraper.py
[2025-09-24T16:26:19.668+0000] {processor.py:183} INFO - Processing /opt/airflow/dags/DAG_scraper.py took 0.033 seconds
[2025-09-24T16:26:49.965+0000] {processor.py:161} INFO - Started process (PID=384) to work on /opt/airflow/dags/DAG_scraper.py
[2025-09-24T16:26:49.967+0000] {processor.py:830} INFO - Processing file /opt/airflow/dags/DAG_scraper.py for tasks to queue
[2025-09-24T16:26:49.970+0000] {logging_mixin.py:188} INFO - [2025-09-24T16:26:49.970+0000] {dagbag.py:545} INFO - Filling up the DagBag from /opt/airflow/dags/DAG_scraper.py
[2025-09-24T16:26:49.979+0000] {logging_mixin.py:188} INFO - [2025-09-24T16:26:49.977+0000] {dagbag.py:355} ERROR - Failed to import: /opt/airflow/dags/DAG_scraper.py
Traceback (most recent call last):
  File "/home/airflow/.local/lib/python3.10/site-packages/airflow/models/dagbag.py", line 351, in parse
    loader.exec_module(new_module)
  File "<frozen importlib._bootstrap_external>", line 883, in exec_module
  File "<frozen importlib._bootstrap>", line 241, in _call_with_frames_removed
  File "/opt/airflow/dags/DAG_scraper.py", line 10, in <module>
    from ProcessData.DataProcessor import DataProcessor
  File "/opt/airflow/dags/ProcessData/DataProcessor.py", line 6, in <module>
    from geopy.geocoders import Nominatim
ModuleNotFoundError: No module named 'geopy'
[2025-09-24T16:26:49.979+0000] {processor.py:842} WARNING - No viable dags retrieved from /opt/airflow/dags/DAG_scraper.py
[2025-09-24T16:26:49.997+0000] {processor.py:183} INFO - Processing /opt/airflow/dags/DAG_scraper.py took 0.044 seconds
[2025-09-24T16:27:20.301+0000] {processor.py:161} INFO - Started process (PID=385) to work on /opt/airflow/dags/DAG_scraper.py
[2025-09-24T16:27:20.303+0000] {processor.py:830} INFO - Processing file /opt/airflow/dags/DAG_scraper.py for tasks to queue
[2025-09-24T16:27:20.310+0000] {logging_mixin.py:188} INFO - [2025-09-24T16:27:20.309+0000] {dagbag.py:545} INFO - Filling up the DagBag from /opt/airflow/dags/DAG_scraper.py
[2025-09-24T16:27:20.318+0000] {logging_mixin.py:188} INFO - [2025-09-24T16:27:20.317+0000] {dagbag.py:355} ERROR - Failed to import: /opt/airflow/dags/DAG_scraper.py
Traceback (most recent call last):
  File "/home/airflow/.local/lib/python3.10/site-packages/airflow/models/dagbag.py", line 351, in parse
    loader.exec_module(new_module)
  File "<frozen importlib._bootstrap_external>", line 883, in exec_module
  File "<frozen importlib._bootstrap>", line 241, in _call_with_frames_removed
  File "/opt/airflow/dags/DAG_scraper.py", line 10, in <module>
    from ProcessData.DataProcessor import DataProcessor
  File "/opt/airflow/dags/ProcessData/DataProcessor.py", line 6, in <module>
    from geopy.geocoders import Nominatim
ModuleNotFoundError: No module named 'geopy'
[2025-09-24T16:27:20.318+0000] {processor.py:842} WARNING - No viable dags retrieved from /opt/airflow/dags/DAG_scraper.py
[2025-09-24T16:27:20.334+0000] {processor.py:183} INFO - Processing /opt/airflow/dags/DAG_scraper.py took 0.056 seconds
[2025-09-24T16:27:50.618+0000] {processor.py:161} INFO - Started process (PID=386) to work on /opt/airflow/dags/DAG_scraper.py
[2025-09-24T16:27:50.619+0000] {processor.py:830} INFO - Processing file /opt/airflow/dags/DAG_scraper.py for tasks to queue
[2025-09-24T16:27:50.623+0000] {logging_mixin.py:188} INFO - [2025-09-24T16:27:50.622+0000] {dagbag.py:545} INFO - Filling up the DagBag from /opt/airflow/dags/DAG_scraper.py
[2025-09-24T16:27:50.631+0000] {logging_mixin.py:188} INFO - [2025-09-24T16:27:50.630+0000] {dagbag.py:355} ERROR - Failed to import: /opt/airflow/dags/DAG_scraper.py
Traceback (most recent call last):
  File "/home/airflow/.local/lib/python3.10/site-packages/airflow/models/dagbag.py", line 351, in parse
    loader.exec_module(new_module)
  File "<frozen importlib._bootstrap_external>", line 883, in exec_module
  File "<frozen importlib._bootstrap>", line 241, in _call_with_frames_removed
  File "/opt/airflow/dags/DAG_scraper.py", line 10, in <module>
    from ProcessData.DataProcessor import DataProcessor
  File "/opt/airflow/dags/ProcessData/DataProcessor.py", line 6, in <module>
    from geopy.geocoders import Nominatim
ModuleNotFoundError: No module named 'geopy'
[2025-09-24T16:27:50.632+0000] {processor.py:842} WARNING - No viable dags retrieved from /opt/airflow/dags/DAG_scraper.py
[2025-09-24T16:27:50.650+0000] {processor.py:183} INFO - Processing /opt/airflow/dags/DAG_scraper.py took 0.043 seconds
[2025-09-24T16:28:20.940+0000] {processor.py:161} INFO - Started process (PID=387) to work on /opt/airflow/dags/DAG_scraper.py
[2025-09-24T16:28:20.941+0000] {processor.py:830} INFO - Processing file /opt/airflow/dags/DAG_scraper.py for tasks to queue
[2025-09-24T16:28:20.944+0000] {logging_mixin.py:188} INFO - [2025-09-24T16:28:20.944+0000] {dagbag.py:545} INFO - Filling up the DagBag from /opt/airflow/dags/DAG_scraper.py
[2025-09-24T16:28:20.950+0000] {logging_mixin.py:188} INFO - [2025-09-24T16:28:20.950+0000] {dagbag.py:355} ERROR - Failed to import: /opt/airflow/dags/DAG_scraper.py
Traceback (most recent call last):
  File "/home/airflow/.local/lib/python3.10/site-packages/airflow/models/dagbag.py", line 351, in parse
    loader.exec_module(new_module)
  File "<frozen importlib._bootstrap_external>", line 883, in exec_module
  File "<frozen importlib._bootstrap>", line 241, in _call_with_frames_removed
  File "/opt/airflow/dags/DAG_scraper.py", line 10, in <module>
    from ProcessData.DataProcessor import DataProcessor
  File "/opt/airflow/dags/ProcessData/DataProcessor.py", line 6, in <module>
    from geopy.geocoders import Nominatim
ModuleNotFoundError: No module named 'geopy'
[2025-09-24T16:28:20.951+0000] {processor.py:842} WARNING - No viable dags retrieved from /opt/airflow/dags/DAG_scraper.py
[2025-09-24T16:28:20.968+0000] {processor.py:183} INFO - Processing /opt/airflow/dags/DAG_scraper.py took 0.041 seconds
[2025-09-24T16:28:51.315+0000] {processor.py:161} INFO - Started process (PID=388) to work on /opt/airflow/dags/DAG_scraper.py
[2025-09-24T16:28:51.316+0000] {processor.py:830} INFO - Processing file /opt/airflow/dags/DAG_scraper.py for tasks to queue
[2025-09-24T16:28:51.319+0000] {logging_mixin.py:188} INFO - [2025-09-24T16:28:51.318+0000] {dagbag.py:545} INFO - Filling up the DagBag from /opt/airflow/dags/DAG_scraper.py
[2025-09-24T16:28:51.327+0000] {logging_mixin.py:188} INFO - [2025-09-24T16:28:51.326+0000] {dagbag.py:355} ERROR - Failed to import: /opt/airflow/dags/DAG_scraper.py
Traceback (most recent call last):
  File "/home/airflow/.local/lib/python3.10/site-packages/airflow/models/dagbag.py", line 351, in parse
    loader.exec_module(new_module)
  File "<frozen importlib._bootstrap_external>", line 883, in exec_module
  File "<frozen importlib._bootstrap>", line 241, in _call_with_frames_removed
  File "/opt/airflow/dags/DAG_scraper.py", line 10, in <module>
    from ProcessData.DataProcessor import DataProcessor
  File "/opt/airflow/dags/ProcessData/DataProcessor.py", line 6, in <module>
    from geopy.geocoders import Nominatim
ModuleNotFoundError: No module named 'geopy'
[2025-09-24T16:28:51.327+0000] {processor.py:842} WARNING - No viable dags retrieved from /opt/airflow/dags/DAG_scraper.py
[2025-09-24T16:28:51.359+0000] {processor.py:183} INFO - Processing /opt/airflow/dags/DAG_scraper.py took 0.056 seconds
[2025-09-24T16:29:21.641+0000] {processor.py:161} INFO - Started process (PID=389) to work on /opt/airflow/dags/DAG_scraper.py
[2025-09-24T16:29:21.644+0000] {processor.py:830} INFO - Processing file /opt/airflow/dags/DAG_scraper.py for tasks to queue
[2025-09-24T16:29:21.649+0000] {logging_mixin.py:188} INFO - [2025-09-24T16:29:21.648+0000] {dagbag.py:545} INFO - Filling up the DagBag from /opt/airflow/dags/DAG_scraper.py
[2025-09-24T16:29:21.662+0000] {logging_mixin.py:188} INFO - [2025-09-24T16:29:21.661+0000] {dagbag.py:355} ERROR - Failed to import: /opt/airflow/dags/DAG_scraper.py
Traceback (most recent call last):
  File "/home/airflow/.local/lib/python3.10/site-packages/airflow/models/dagbag.py", line 351, in parse
    loader.exec_module(new_module)
  File "<frozen importlib._bootstrap_external>", line 883, in exec_module
  File "<frozen importlib._bootstrap>", line 241, in _call_with_frames_removed
  File "/opt/airflow/dags/DAG_scraper.py", line 10, in <module>
    from ProcessData.DataProcessor import DataProcessor
  File "/opt/airflow/dags/ProcessData/DataProcessor.py", line 6, in <module>
    from geopy.geocoders import Nominatim
ModuleNotFoundError: No module named 'geopy'
[2025-09-24T16:29:21.663+0000] {processor.py:842} WARNING - No viable dags retrieved from /opt/airflow/dags/DAG_scraper.py
[2025-09-24T16:29:21.682+0000] {processor.py:183} INFO - Processing /opt/airflow/dags/DAG_scraper.py took 0.048 seconds
[2025-09-24T16:29:51.985+0000] {processor.py:161} INFO - Started process (PID=390) to work on /opt/airflow/dags/DAG_scraper.py
[2025-09-24T16:29:51.988+0000] {processor.py:830} INFO - Processing file /opt/airflow/dags/DAG_scraper.py for tasks to queue
[2025-09-24T16:29:51.991+0000] {logging_mixin.py:188} INFO - [2025-09-24T16:29:51.991+0000] {dagbag.py:545} INFO - Filling up the DagBag from /opt/airflow/dags/DAG_scraper.py
[2025-09-24T16:29:51.999+0000] {logging_mixin.py:188} INFO - [2025-09-24T16:29:51.998+0000] {dagbag.py:355} ERROR - Failed to import: /opt/airflow/dags/DAG_scraper.py
Traceback (most recent call last):
  File "/home/airflow/.local/lib/python3.10/site-packages/airflow/models/dagbag.py", line 351, in parse
    loader.exec_module(new_module)
  File "<frozen importlib._bootstrap_external>", line 883, in exec_module
  File "<frozen importlib._bootstrap>", line 241, in _call_with_frames_removed
  File "/opt/airflow/dags/DAG_scraper.py", line 10, in <module>
    from ProcessData.DataProcessor import DataProcessor
  File "/opt/airflow/dags/ProcessData/DataProcessor.py", line 6, in <module>
    from geopy.geocoders import Nominatim
ModuleNotFoundError: No module named 'geopy'
[2025-09-24T16:29:51.999+0000] {processor.py:842} WARNING - No viable dags retrieved from /opt/airflow/dags/DAG_scraper.py
[2025-09-24T16:29:52.035+0000] {processor.py:183} INFO - Processing /opt/airflow/dags/DAG_scraper.py took 0.059 seconds
[2025-09-24T16:30:22.324+0000] {processor.py:161} INFO - Started process (PID=391) to work on /opt/airflow/dags/DAG_scraper.py
[2025-09-24T16:30:22.327+0000] {processor.py:830} INFO - Processing file /opt/airflow/dags/DAG_scraper.py for tasks to queue
[2025-09-24T16:30:22.335+0000] {logging_mixin.py:188} INFO - [2025-09-24T16:30:22.335+0000] {dagbag.py:545} INFO - Filling up the DagBag from /opt/airflow/dags/DAG_scraper.py
[2025-09-24T16:30:22.343+0000] {logging_mixin.py:188} INFO - [2025-09-24T16:30:22.342+0000] {dagbag.py:355} ERROR - Failed to import: /opt/airflow/dags/DAG_scraper.py
Traceback (most recent call last):
  File "/home/airflow/.local/lib/python3.10/site-packages/airflow/models/dagbag.py", line 351, in parse
    loader.exec_module(new_module)
  File "<frozen importlib._bootstrap_external>", line 883, in exec_module
  File "<frozen importlib._bootstrap>", line 241, in _call_with_frames_removed
  File "/opt/airflow/dags/DAG_scraper.py", line 10, in <module>
    from ProcessData.DataProcessor import DataProcessor
  File "/opt/airflow/dags/ProcessData/DataProcessor.py", line 6, in <module>
    from geopy.geocoders import Nominatim
ModuleNotFoundError: No module named 'geopy'
[2025-09-24T16:30:22.343+0000] {processor.py:842} WARNING - No viable dags retrieved from /opt/airflow/dags/DAG_scraper.py
[2025-09-24T16:30:22.359+0000] {processor.py:183} INFO - Processing /opt/airflow/dags/DAG_scraper.py took 0.043 seconds
[2025-09-24T16:30:52.655+0000] {processor.py:161} INFO - Started process (PID=392) to work on /opt/airflow/dags/DAG_scraper.py
[2025-09-24T16:30:52.658+0000] {processor.py:830} INFO - Processing file /opt/airflow/dags/DAG_scraper.py for tasks to queue
[2025-09-24T16:30:52.667+0000] {logging_mixin.py:188} INFO - [2025-09-24T16:30:52.665+0000] {dagbag.py:545} INFO - Filling up the DagBag from /opt/airflow/dags/DAG_scraper.py
[2025-09-24T16:30:52.677+0000] {logging_mixin.py:188} INFO - [2025-09-24T16:30:52.676+0000] {dagbag.py:355} ERROR - Failed to import: /opt/airflow/dags/DAG_scraper.py
Traceback (most recent call last):
  File "/home/airflow/.local/lib/python3.10/site-packages/airflow/models/dagbag.py", line 351, in parse
    loader.exec_module(new_module)
  File "<frozen importlib._bootstrap_external>", line 883, in exec_module
  File "<frozen importlib._bootstrap>", line 241, in _call_with_frames_removed
  File "/opt/airflow/dags/DAG_scraper.py", line 10, in <module>
    from ProcessData.DataProcessor import DataProcessor
  File "/opt/airflow/dags/ProcessData/DataProcessor.py", line 6, in <module>
    from geopy.geocoders import Nominatim
ModuleNotFoundError: No module named 'geopy'
[2025-09-24T16:30:52.678+0000] {processor.py:842} WARNING - No viable dags retrieved from /opt/airflow/dags/DAG_scraper.py
[2025-09-24T16:30:52.693+0000] {processor.py:183} INFO - Processing /opt/airflow/dags/DAG_scraper.py took 0.061 seconds
[2025-09-24T16:31:22.981+0000] {processor.py:161} INFO - Started process (PID=393) to work on /opt/airflow/dags/DAG_scraper.py
[2025-09-24T16:31:22.982+0000] {processor.py:830} INFO - Processing file /opt/airflow/dags/DAG_scraper.py for tasks to queue
[2025-09-24T16:31:22.985+0000] {logging_mixin.py:188} INFO - [2025-09-24T16:31:22.985+0000] {dagbag.py:545} INFO - Filling up the DagBag from /opt/airflow/dags/DAG_scraper.py
[2025-09-24T16:31:22.992+0000] {logging_mixin.py:188} INFO - [2025-09-24T16:31:22.991+0000] {dagbag.py:355} ERROR - Failed to import: /opt/airflow/dags/DAG_scraper.py
Traceback (most recent call last):
  File "/home/airflow/.local/lib/python3.10/site-packages/airflow/models/dagbag.py", line 351, in parse
    loader.exec_module(new_module)
  File "<frozen importlib._bootstrap_external>", line 883, in exec_module
  File "<frozen importlib._bootstrap>", line 241, in _call_with_frames_removed
  File "/opt/airflow/dags/DAG_scraper.py", line 10, in <module>
    from ProcessData.DataProcessor import DataProcessor
  File "/opt/airflow/dags/ProcessData/DataProcessor.py", line 6, in <module>
    from geopy.geocoders import Nominatim
ModuleNotFoundError: No module named 'geopy'
[2025-09-24T16:31:22.993+0000] {processor.py:842} WARNING - No viable dags retrieved from /opt/airflow/dags/DAG_scraper.py
[2025-09-24T16:31:23.010+0000] {processor.py:183} INFO - Processing /opt/airflow/dags/DAG_scraper.py took 0.040 seconds
[2025-09-24T16:31:53.333+0000] {processor.py:161} INFO - Started process (PID=394) to work on /opt/airflow/dags/DAG_scraper.py
[2025-09-24T16:31:53.335+0000] {processor.py:830} INFO - Processing file /opt/airflow/dags/DAG_scraper.py for tasks to queue
[2025-09-24T16:31:53.344+0000] {logging_mixin.py:188} INFO - [2025-09-24T16:31:53.343+0000] {dagbag.py:545} INFO - Filling up the DagBag from /opt/airflow/dags/DAG_scraper.py
[2025-09-24T16:31:53.358+0000] {logging_mixin.py:188} INFO - [2025-09-24T16:31:53.357+0000] {dagbag.py:355} ERROR - Failed to import: /opt/airflow/dags/DAG_scraper.py
Traceback (most recent call last):
  File "/home/airflow/.local/lib/python3.10/site-packages/airflow/models/dagbag.py", line 351, in parse
    loader.exec_module(new_module)
  File "<frozen importlib._bootstrap_external>", line 883, in exec_module
  File "<frozen importlib._bootstrap>", line 241, in _call_with_frames_removed
  File "/opt/airflow/dags/DAG_scraper.py", line 10, in <module>
    from ProcessData.DataProcessor import DataProcessor
  File "/opt/airflow/dags/ProcessData/DataProcessor.py", line 6, in <module>
    from geopy.geocoders import Nominatim
ModuleNotFoundError: No module named 'geopy'
[2025-09-24T16:31:53.358+0000] {processor.py:842} WARNING - No viable dags retrieved from /opt/airflow/dags/DAG_scraper.py
[2025-09-24T16:31:53.374+0000] {processor.py:183} INFO - Processing /opt/airflow/dags/DAG_scraper.py took 0.065 seconds
[2025-09-24T16:32:23.683+0000] {processor.py:161} INFO - Started process (PID=395) to work on /opt/airflow/dags/DAG_scraper.py
[2025-09-24T16:32:23.684+0000] {processor.py:830} INFO - Processing file /opt/airflow/dags/DAG_scraper.py for tasks to queue
[2025-09-24T16:32:23.686+0000] {logging_mixin.py:188} INFO - [2025-09-24T16:32:23.686+0000] {dagbag.py:545} INFO - Filling up the DagBag from /opt/airflow/dags/DAG_scraper.py
[2025-09-24T16:32:23.692+0000] {logging_mixin.py:188} INFO - [2025-09-24T16:32:23.692+0000] {dagbag.py:355} ERROR - Failed to import: /opt/airflow/dags/DAG_scraper.py
Traceback (most recent call last):
  File "/home/airflow/.local/lib/python3.10/site-packages/airflow/models/dagbag.py", line 351, in parse
    loader.exec_module(new_module)
  File "<frozen importlib._bootstrap_external>", line 883, in exec_module
  File "<frozen importlib._bootstrap>", line 241, in _call_with_frames_removed
  File "/opt/airflow/dags/DAG_scraper.py", line 10, in <module>
    from ProcessData.DataProcessor import DataProcessor
  File "/opt/airflow/dags/ProcessData/DataProcessor.py", line 6, in <module>
    from geopy.geocoders import Nominatim
ModuleNotFoundError: No module named 'geopy'
[2025-09-24T16:32:23.693+0000] {processor.py:842} WARNING - No viable dags retrieved from /opt/airflow/dags/DAG_scraper.py
[2025-09-24T16:32:23.709+0000] {processor.py:183} INFO - Processing /opt/airflow/dags/DAG_scraper.py took 0.033 seconds
[2025-09-24T16:32:54.018+0000] {processor.py:161} INFO - Started process (PID=396) to work on /opt/airflow/dags/DAG_scraper.py
[2025-09-24T16:32:54.020+0000] {processor.py:830} INFO - Processing file /opt/airflow/dags/DAG_scraper.py for tasks to queue
[2025-09-24T16:32:54.024+0000] {logging_mixin.py:188} INFO - [2025-09-24T16:32:54.023+0000] {dagbag.py:545} INFO - Filling up the DagBag from /opt/airflow/dags/DAG_scraper.py
[2025-09-24T16:32:54.033+0000] {logging_mixin.py:188} INFO - [2025-09-24T16:32:54.032+0000] {dagbag.py:355} ERROR - Failed to import: /opt/airflow/dags/DAG_scraper.py
Traceback (most recent call last):
  File "/home/airflow/.local/lib/python3.10/site-packages/airflow/models/dagbag.py", line 351, in parse
    loader.exec_module(new_module)
  File "<frozen importlib._bootstrap_external>", line 883, in exec_module
  File "<frozen importlib._bootstrap>", line 241, in _call_with_frames_removed
  File "/opt/airflow/dags/DAG_scraper.py", line 10, in <module>
    from ProcessData.DataProcessor import DataProcessor
  File "/opt/airflow/dags/ProcessData/DataProcessor.py", line 6, in <module>
    from geopy.geocoders import Nominatim
ModuleNotFoundError: No module named 'geopy'
[2025-09-24T16:32:54.033+0000] {processor.py:842} WARNING - No viable dags retrieved from /opt/airflow/dags/DAG_scraper.py
[2025-09-24T16:32:54.060+0000] {processor.py:183} INFO - Processing /opt/airflow/dags/DAG_scraper.py took 0.055 seconds
[2025-09-24T16:33:24.364+0000] {processor.py:161} INFO - Started process (PID=397) to work on /opt/airflow/dags/DAG_scraper.py
[2025-09-24T16:33:24.365+0000] {processor.py:830} INFO - Processing file /opt/airflow/dags/DAG_scraper.py for tasks to queue
[2025-09-24T16:33:24.369+0000] {logging_mixin.py:188} INFO - [2025-09-24T16:33:24.368+0000] {dagbag.py:545} INFO - Filling up the DagBag from /opt/airflow/dags/DAG_scraper.py
[2025-09-24T16:33:24.375+0000] {logging_mixin.py:188} INFO - [2025-09-24T16:33:24.374+0000] {dagbag.py:355} ERROR - Failed to import: /opt/airflow/dags/DAG_scraper.py
Traceback (most recent call last):
  File "/home/airflow/.local/lib/python3.10/site-packages/airflow/models/dagbag.py", line 351, in parse
    loader.exec_module(new_module)
  File "<frozen importlib._bootstrap_external>", line 883, in exec_module
  File "<frozen importlib._bootstrap>", line 241, in _call_with_frames_removed
  File "/opt/airflow/dags/DAG_scraper.py", line 10, in <module>
    from ProcessData.DataProcessor import DataProcessor
  File "/opt/airflow/dags/ProcessData/DataProcessor.py", line 6, in <module>
    from geopy.geocoders import Nominatim
ModuleNotFoundError: No module named 'geopy'
[2025-09-24T16:33:24.375+0000] {processor.py:842} WARNING - No viable dags retrieved from /opt/airflow/dags/DAG_scraper.py
[2025-09-24T16:33:24.403+0000] {processor.py:183} INFO - Processing /opt/airflow/dags/DAG_scraper.py took 0.048 seconds
