[2025-09-23T21:47:58.250+0000] {processor.py:161} INFO - Started process (PID=28) to work on /opt/airflow/dags/DAG_scraper.py
[2025-09-23T21:47:58.251+0000] {processor.py:830} INFO - Processing file /opt/airflow/dags/DAG_scraper.py for tasks to queue
[2025-09-23T21:47:58.253+0000] {logging_mixin.py:188} INFO - [2025-09-23T21:47:58.252+0000] {dagbag.py:545} INFO - Filling up the DagBag from /opt/airflow/dags/DAG_scraper.py
[2025-09-23T21:47:58.261+0000] {logging_mixin.py:188} INFO - [2025-09-23T21:47:58.261+0000] {dagbag.py:355} ERROR - Failed to import: /opt/airflow/dags/DAG_scraper.py
Traceback (most recent call last):
  File "/home/airflow/.local/lib/python3.10/site-packages/airflow/models/dagbag.py", line 351, in parse
    loader.exec_module(new_module)
  File "<frozen importlib._bootstrap_external>", line 883, in exec_module
  File "<frozen importlib._bootstrap>", line 241, in _call_with_frames_removed
  File "/opt/airflow/dags/DAG_scraper.py", line 10, in <module>
    from ProcessData.DataProcessor import DataProcessor
  File "/opt/airflow/dags/ProcessData/DataProcessor.py", line 6, in <module>
    from geopy.geocoders import Nominatim
ModuleNotFoundError: No module named 'geopy'
[2025-09-23T21:47:58.262+0000] {processor.py:842} WARNING - No viable dags retrieved from /opt/airflow/dags/DAG_scraper.py
[2025-09-23T21:47:58.274+0000] {processor.py:183} INFO - Processing /opt/airflow/dags/DAG_scraper.py took 0.029 seconds
[2025-09-23T21:48:28.578+0000] {processor.py:161} INFO - Started process (PID=29) to work on /opt/airflow/dags/DAG_scraper.py
[2025-09-23T21:48:28.579+0000] {processor.py:830} INFO - Processing file /opt/airflow/dags/DAG_scraper.py for tasks to queue
[2025-09-23T21:48:28.585+0000] {logging_mixin.py:188} INFO - [2025-09-23T21:48:28.584+0000] {dagbag.py:545} INFO - Filling up the DagBag from /opt/airflow/dags/DAG_scraper.py
[2025-09-23T21:48:28.596+0000] {logging_mixin.py:188} INFO - [2025-09-23T21:48:28.594+0000] {dagbag.py:355} ERROR - Failed to import: /opt/airflow/dags/DAG_scraper.py
Traceback (most recent call last):
  File "/home/airflow/.local/lib/python3.10/site-packages/airflow/models/dagbag.py", line 351, in parse
    loader.exec_module(new_module)
  File "<frozen importlib._bootstrap_external>", line 883, in exec_module
  File "<frozen importlib._bootstrap>", line 241, in _call_with_frames_removed
  File "/opt/airflow/dags/DAG_scraper.py", line 10, in <module>
    from ProcessData.DataProcessor import DataProcessor
  File "/opt/airflow/dags/ProcessData/DataProcessor.py", line 6, in <module>
    from geopy.geocoders import Nominatim
ModuleNotFoundError: No module named 'geopy'
[2025-09-23T21:48:28.596+0000] {processor.py:842} WARNING - No viable dags retrieved from /opt/airflow/dags/DAG_scraper.py
[2025-09-23T21:48:28.620+0000] {processor.py:183} INFO - Processing /opt/airflow/dags/DAG_scraper.py took 0.054 seconds
[2025-09-23T21:48:58.881+0000] {processor.py:161} INFO - Started process (PID=30) to work on /opt/airflow/dags/DAG_scraper.py
[2025-09-23T21:48:58.882+0000] {processor.py:830} INFO - Processing file /opt/airflow/dags/DAG_scraper.py for tasks to queue
[2025-09-23T21:48:58.886+0000] {logging_mixin.py:188} INFO - [2025-09-23T21:48:58.886+0000] {dagbag.py:545} INFO - Filling up the DagBag from /opt/airflow/dags/DAG_scraper.py
[2025-09-23T21:48:58.892+0000] {logging_mixin.py:188} INFO - [2025-09-23T21:48:58.891+0000] {dagbag.py:355} ERROR - Failed to import: /opt/airflow/dags/DAG_scraper.py
Traceback (most recent call last):
  File "/home/airflow/.local/lib/python3.10/site-packages/airflow/models/dagbag.py", line 351, in parse
    loader.exec_module(new_module)
  File "<frozen importlib._bootstrap_external>", line 883, in exec_module
  File "<frozen importlib._bootstrap>", line 241, in _call_with_frames_removed
  File "/opt/airflow/dags/DAG_scraper.py", line 10, in <module>
    from ProcessData.DataProcessor import DataProcessor
  File "/opt/airflow/dags/ProcessData/DataProcessor.py", line 6, in <module>
    from geopy.geocoders import Nominatim
ModuleNotFoundError: No module named 'geopy'
[2025-09-23T21:48:58.892+0000] {processor.py:842} WARNING - No viable dags retrieved from /opt/airflow/dags/DAG_scraper.py
[2025-09-23T21:48:58.908+0000] {processor.py:183} INFO - Processing /opt/airflow/dags/DAG_scraper.py took 0.045 seconds
[2025-09-23T22:01:11.314+0000] {processor.py:161} INFO - Started process (PID=29) to work on /opt/airflow/dags/DAG_scraper.py
[2025-09-23T22:01:11.315+0000] {processor.py:830} INFO - Processing file /opt/airflow/dags/DAG_scraper.py for tasks to queue
[2025-09-23T22:01:11.319+0000] {logging_mixin.py:188} INFO - [2025-09-23T22:01:11.318+0000] {dagbag.py:545} INFO - Filling up the DagBag from /opt/airflow/dags/DAG_scraper.py
[2025-09-23T22:01:11.327+0000] {logging_mixin.py:188} INFO - [2025-09-23T22:01:11.326+0000] {dagbag.py:355} ERROR - Failed to import: /opt/airflow/dags/DAG_scraper.py
Traceback (most recent call last):
  File "/home/airflow/.local/lib/python3.10/site-packages/airflow/models/dagbag.py", line 351, in parse
    loader.exec_module(new_module)
  File "<frozen importlib._bootstrap_external>", line 883, in exec_module
  File "<frozen importlib._bootstrap>", line 241, in _call_with_frames_removed
  File "/opt/airflow/dags/DAG_scraper.py", line 10, in <module>
    from ProcessData.DataProcessor import DataProcessor
  File "/opt/airflow/dags/ProcessData/DataProcessor.py", line 6, in <module>
    from geopy.geocoders import Nominatim
ModuleNotFoundError: No module named 'geopy'
[2025-09-23T22:01:11.327+0000] {processor.py:842} WARNING - No viable dags retrieved from /opt/airflow/dags/DAG_scraper.py
[2025-09-23T22:01:11.336+0000] {processor.py:183} INFO - Processing /opt/airflow/dags/DAG_scraper.py took 0.027 seconds
[2025-09-23T22:01:41.594+0000] {processor.py:161} INFO - Started process (PID=30) to work on /opt/airflow/dags/DAG_scraper.py
[2025-09-23T22:01:41.595+0000] {processor.py:830} INFO - Processing file /opt/airflow/dags/DAG_scraper.py for tasks to queue
[2025-09-23T22:01:41.597+0000] {logging_mixin.py:188} INFO - [2025-09-23T22:01:41.596+0000] {dagbag.py:545} INFO - Filling up the DagBag from /opt/airflow/dags/DAG_scraper.py
[2025-09-23T22:01:41.603+0000] {logging_mixin.py:188} INFO - [2025-09-23T22:01:41.602+0000] {dagbag.py:355} ERROR - Failed to import: /opt/airflow/dags/DAG_scraper.py
Traceback (most recent call last):
  File "/home/airflow/.local/lib/python3.10/site-packages/airflow/models/dagbag.py", line 351, in parse
    loader.exec_module(new_module)
  File "<frozen importlib._bootstrap_external>", line 883, in exec_module
  File "<frozen importlib._bootstrap>", line 241, in _call_with_frames_removed
  File "/opt/airflow/dags/DAG_scraper.py", line 10, in <module>
    from ProcessData.DataProcessor import DataProcessor
  File "/opt/airflow/dags/ProcessData/DataProcessor.py", line 6, in <module>
    from geopy.geocoders import Nominatim
ModuleNotFoundError: No module named 'geopy'
[2025-09-23T22:01:41.603+0000] {processor.py:842} WARNING - No viable dags retrieved from /opt/airflow/dags/DAG_scraper.py
[2025-09-23T22:01:41.631+0000] {processor.py:183} INFO - Processing /opt/airflow/dags/DAG_scraper.py took 0.047 seconds
[2025-09-23T22:02:11.946+0000] {processor.py:161} INFO - Started process (PID=31) to work on /opt/airflow/dags/DAG_scraper.py
[2025-09-23T22:02:11.947+0000] {processor.py:830} INFO - Processing file /opt/airflow/dags/DAG_scraper.py for tasks to queue
[2025-09-23T22:02:11.950+0000] {logging_mixin.py:188} INFO - [2025-09-23T22:02:11.950+0000] {dagbag.py:545} INFO - Filling up the DagBag from /opt/airflow/dags/DAG_scraper.py
[2025-09-23T22:02:11.957+0000] {logging_mixin.py:188} INFO - [2025-09-23T22:02:11.956+0000] {dagbag.py:355} ERROR - Failed to import: /opt/airflow/dags/DAG_scraper.py
Traceback (most recent call last):
  File "/home/airflow/.local/lib/python3.10/site-packages/airflow/models/dagbag.py", line 351, in parse
    loader.exec_module(new_module)
  File "<frozen importlib._bootstrap_external>", line 883, in exec_module
  File "<frozen importlib._bootstrap>", line 241, in _call_with_frames_removed
  File "/opt/airflow/dags/DAG_scraper.py", line 10, in <module>
    from ProcessData.DataProcessor import DataProcessor
  File "/opt/airflow/dags/ProcessData/DataProcessor.py", line 6, in <module>
    from geopy.geocoders import Nominatim
ModuleNotFoundError: No module named 'geopy'
[2025-09-23T22:02:11.957+0000] {processor.py:842} WARNING - No viable dags retrieved from /opt/airflow/dags/DAG_scraper.py
[2025-09-23T22:02:11.979+0000] {processor.py:183} INFO - Processing /opt/airflow/dags/DAG_scraper.py took 0.055 seconds
[2025-09-23T22:02:42.333+0000] {processor.py:161} INFO - Started process (PID=32) to work on /opt/airflow/dags/DAG_scraper.py
[2025-09-23T22:02:42.334+0000] {processor.py:830} INFO - Processing file /opt/airflow/dags/DAG_scraper.py for tasks to queue
[2025-09-23T22:02:42.337+0000] {logging_mixin.py:188} INFO - [2025-09-23T22:02:42.337+0000] {dagbag.py:545} INFO - Filling up the DagBag from /opt/airflow/dags/DAG_scraper.py
[2025-09-23T22:02:42.344+0000] {logging_mixin.py:188} INFO - [2025-09-23T22:02:42.343+0000] {dagbag.py:355} ERROR - Failed to import: /opt/airflow/dags/DAG_scraper.py
Traceback (most recent call last):
  File "/home/airflow/.local/lib/python3.10/site-packages/airflow/models/dagbag.py", line 351, in parse
    loader.exec_module(new_module)
  File "<frozen importlib._bootstrap_external>", line 883, in exec_module
  File "<frozen importlib._bootstrap>", line 241, in _call_with_frames_removed
  File "/opt/airflow/dags/DAG_scraper.py", line 10, in <module>
    from ProcessData.DataProcessor import DataProcessor
  File "/opt/airflow/dags/ProcessData/DataProcessor.py", line 6, in <module>
    from geopy.geocoders import Nominatim
ModuleNotFoundError: No module named 'geopy'
[2025-09-23T22:02:42.344+0000] {processor.py:842} WARNING - No viable dags retrieved from /opt/airflow/dags/DAG_scraper.py
[2025-09-23T22:02:42.369+0000] {processor.py:183} INFO - Processing /opt/airflow/dags/DAG_scraper.py took 0.052 seconds
[2025-09-23T22:10:17.337+0000] {processor.py:161} INFO - Started process (PID=29) to work on /opt/airflow/dags/DAG_scraper.py
[2025-09-23T22:10:17.338+0000] {processor.py:830} INFO - Processing file /opt/airflow/dags/DAG_scraper.py for tasks to queue
[2025-09-23T22:10:17.341+0000] {logging_mixin.py:188} INFO - [2025-09-23T22:10:17.341+0000] {dagbag.py:545} INFO - Filling up the DagBag from /opt/airflow/dags/DAG_scraper.py
[2025-09-23T22:10:17.351+0000] {logging_mixin.py:188} INFO - [2025-09-23T22:10:17.350+0000] {dagbag.py:355} ERROR - Failed to import: /opt/airflow/dags/DAG_scraper.py
Traceback (most recent call last):
  File "/home/airflow/.local/lib/python3.10/site-packages/airflow/models/dagbag.py", line 351, in parse
    loader.exec_module(new_module)
  File "<frozen importlib._bootstrap_external>", line 883, in exec_module
  File "<frozen importlib._bootstrap>", line 241, in _call_with_frames_removed
  File "/opt/airflow/dags/DAG_scraper.py", line 10, in <module>
    from ProcessData.DataProcessor import DataProcessor
  File "/opt/airflow/dags/ProcessData/DataProcessor.py", line 6, in <module>
    from geopy.geocoders import Nominatim
ModuleNotFoundError: No module named 'geopy'
[2025-09-23T22:10:17.351+0000] {processor.py:842} WARNING - No viable dags retrieved from /opt/airflow/dags/DAG_scraper.py
[2025-09-23T22:10:17.360+0000] {processor.py:183} INFO - Processing /opt/airflow/dags/DAG_scraper.py took 0.027 seconds
[2025-09-23T22:10:47.670+0000] {processor.py:161} INFO - Started process (PID=30) to work on /opt/airflow/dags/DAG_scraper.py
[2025-09-23T22:10:47.671+0000] {processor.py:830} INFO - Processing file /opt/airflow/dags/DAG_scraper.py for tasks to queue
[2025-09-23T22:10:47.674+0000] {logging_mixin.py:188} INFO - [2025-09-23T22:10:47.674+0000] {dagbag.py:545} INFO - Filling up the DagBag from /opt/airflow/dags/DAG_scraper.py
[2025-09-23T22:10:47.683+0000] {logging_mixin.py:188} INFO - [2025-09-23T22:10:47.682+0000] {dagbag.py:355} ERROR - Failed to import: /opt/airflow/dags/DAG_scraper.py
Traceback (most recent call last):
  File "/home/airflow/.local/lib/python3.10/site-packages/airflow/models/dagbag.py", line 351, in parse
    loader.exec_module(new_module)
  File "<frozen importlib._bootstrap_external>", line 883, in exec_module
  File "<frozen importlib._bootstrap>", line 241, in _call_with_frames_removed
  File "/opt/airflow/dags/DAG_scraper.py", line 10, in <module>
    from ProcessData.DataProcessor import DataProcessor
  File "/opt/airflow/dags/ProcessData/DataProcessor.py", line 6, in <module>
    from geopy.geocoders import Nominatim
ModuleNotFoundError: No module named 'geopy'
[2025-09-23T22:10:47.683+0000] {processor.py:842} WARNING - No viable dags retrieved from /opt/airflow/dags/DAG_scraper.py
[2025-09-23T22:10:47.700+0000] {processor.py:183} INFO - Processing /opt/airflow/dags/DAG_scraper.py took 0.054 seconds
[2025-09-23T22:11:18.007+0000] {processor.py:161} INFO - Started process (PID=31) to work on /opt/airflow/dags/DAG_scraper.py
[2025-09-23T22:11:18.009+0000] {processor.py:830} INFO - Processing file /opt/airflow/dags/DAG_scraper.py for tasks to queue
[2025-09-23T22:11:18.012+0000] {logging_mixin.py:188} INFO - [2025-09-23T22:11:18.011+0000] {dagbag.py:545} INFO - Filling up the DagBag from /opt/airflow/dags/DAG_scraper.py
[2025-09-23T22:11:18.019+0000] {logging_mixin.py:188} INFO - [2025-09-23T22:11:18.018+0000] {dagbag.py:355} ERROR - Failed to import: /opt/airflow/dags/DAG_scraper.py
Traceback (most recent call last):
  File "/home/airflow/.local/lib/python3.10/site-packages/airflow/models/dagbag.py", line 351, in parse
    loader.exec_module(new_module)
  File "<frozen importlib._bootstrap_external>", line 883, in exec_module
  File "<frozen importlib._bootstrap>", line 241, in _call_with_frames_removed
  File "/opt/airflow/dags/DAG_scraper.py", line 10, in <module>
    from ProcessData.DataProcessor import DataProcessor
  File "/opt/airflow/dags/ProcessData/DataProcessor.py", line 6, in <module>
    from geopy.geocoders import Nominatim
ModuleNotFoundError: No module named 'geopy'
[2025-09-23T22:11:18.019+0000] {processor.py:842} WARNING - No viable dags retrieved from /opt/airflow/dags/DAG_scraper.py
[2025-09-23T22:11:18.038+0000] {processor.py:183} INFO - Processing /opt/airflow/dags/DAG_scraper.py took 0.041 seconds
[2025-09-23T22:11:48.337+0000] {processor.py:161} INFO - Started process (PID=32) to work on /opt/airflow/dags/DAG_scraper.py
[2025-09-23T22:11:48.338+0000] {processor.py:830} INFO - Processing file /opt/airflow/dags/DAG_scraper.py for tasks to queue
[2025-09-23T22:11:48.340+0000] {logging_mixin.py:188} INFO - [2025-09-23T22:11:48.340+0000] {dagbag.py:545} INFO - Filling up the DagBag from /opt/airflow/dags/DAG_scraper.py
[2025-09-23T22:11:48.347+0000] {logging_mixin.py:188} INFO - [2025-09-23T22:11:48.346+0000] {dagbag.py:355} ERROR - Failed to import: /opt/airflow/dags/DAG_scraper.py
Traceback (most recent call last):
  File "/home/airflow/.local/lib/python3.10/site-packages/airflow/models/dagbag.py", line 351, in parse
    loader.exec_module(new_module)
  File "<frozen importlib._bootstrap_external>", line 883, in exec_module
  File "<frozen importlib._bootstrap>", line 241, in _call_with_frames_removed
  File "/opt/airflow/dags/DAG_scraper.py", line 10, in <module>
    from ProcessData.DataProcessor import DataProcessor
  File "/opt/airflow/dags/ProcessData/DataProcessor.py", line 6, in <module>
    from geopy.geocoders import Nominatim
ModuleNotFoundError: No module named 'geopy'
[2025-09-23T22:11:48.347+0000] {processor.py:842} WARNING - No viable dags retrieved from /opt/airflow/dags/DAG_scraper.py
[2025-09-23T22:11:48.377+0000] {processor.py:183} INFO - Processing /opt/airflow/dags/DAG_scraper.py took 0.054 seconds
[2025-09-23T22:12:18.710+0000] {processor.py:161} INFO - Started process (PID=33) to work on /opt/airflow/dags/DAG_scraper.py
[2025-09-23T22:12:18.711+0000] {processor.py:830} INFO - Processing file /opt/airflow/dags/DAG_scraper.py for tasks to queue
[2025-09-23T22:12:18.714+0000] {logging_mixin.py:188} INFO - [2025-09-23T22:12:18.713+0000] {dagbag.py:545} INFO - Filling up the DagBag from /opt/airflow/dags/DAG_scraper.py
[2025-09-23T22:12:18.726+0000] {logging_mixin.py:188} INFO - [2025-09-23T22:12:18.725+0000] {dagbag.py:355} ERROR - Failed to import: /opt/airflow/dags/DAG_scraper.py
Traceback (most recent call last):
  File "/home/airflow/.local/lib/python3.10/site-packages/airflow/models/dagbag.py", line 351, in parse
    loader.exec_module(new_module)
  File "<frozen importlib._bootstrap_external>", line 883, in exec_module
  File "<frozen importlib._bootstrap>", line 241, in _call_with_frames_removed
  File "/opt/airflow/dags/DAG_scraper.py", line 10, in <module>
    from ProcessData.DataProcessor import DataProcessor
  File "/opt/airflow/dags/ProcessData/DataProcessor.py", line 6, in <module>
    from geopy.geocoders import Nominatim
ModuleNotFoundError: No module named 'geopy'
[2025-09-23T22:12:18.727+0000] {processor.py:842} WARNING - No viable dags retrieved from /opt/airflow/dags/DAG_scraper.py
[2025-09-23T22:12:18.747+0000] {processor.py:183} INFO - Processing /opt/airflow/dags/DAG_scraper.py took 0.044 seconds
[2025-09-23T22:12:49.004+0000] {processor.py:161} INFO - Started process (PID=34) to work on /opt/airflow/dags/DAG_scraper.py
[2025-09-23T22:12:49.006+0000] {processor.py:830} INFO - Processing file /opt/airflow/dags/DAG_scraper.py for tasks to queue
[2025-09-23T22:12:49.008+0000] {logging_mixin.py:188} INFO - [2025-09-23T22:12:49.008+0000] {dagbag.py:545} INFO - Filling up the DagBag from /opt/airflow/dags/DAG_scraper.py
[2025-09-23T22:12:49.015+0000] {logging_mixin.py:188} INFO - [2025-09-23T22:12:49.014+0000] {dagbag.py:355} ERROR - Failed to import: /opt/airflow/dags/DAG_scraper.py
Traceback (most recent call last):
  File "/home/airflow/.local/lib/python3.10/site-packages/airflow/models/dagbag.py", line 351, in parse
    loader.exec_module(new_module)
  File "<frozen importlib._bootstrap_external>", line 883, in exec_module
  File "<frozen importlib._bootstrap>", line 241, in _call_with_frames_removed
  File "/opt/airflow/dags/DAG_scraper.py", line 10, in <module>
    from ProcessData.DataProcessor import DataProcessor
  File "/opt/airflow/dags/ProcessData/DataProcessor.py", line 6, in <module>
    from geopy.geocoders import Nominatim
ModuleNotFoundError: No module named 'geopy'
[2025-09-23T22:12:49.016+0000] {processor.py:842} WARNING - No viable dags retrieved from /opt/airflow/dags/DAG_scraper.py
[2025-09-23T22:12:49.033+0000] {processor.py:183} INFO - Processing /opt/airflow/dags/DAG_scraper.py took 0.038 seconds
[2025-09-23T22:13:19.333+0000] {processor.py:161} INFO - Started process (PID=35) to work on /opt/airflow/dags/DAG_scraper.py
[2025-09-23T22:13:19.334+0000] {processor.py:830} INFO - Processing file /opt/airflow/dags/DAG_scraper.py for tasks to queue
[2025-09-23T22:13:19.337+0000] {logging_mixin.py:188} INFO - [2025-09-23T22:13:19.337+0000] {dagbag.py:545} INFO - Filling up the DagBag from /opt/airflow/dags/DAG_scraper.py
[2025-09-23T22:13:19.345+0000] {logging_mixin.py:188} INFO - [2025-09-23T22:13:19.344+0000] {dagbag.py:355} ERROR - Failed to import: /opt/airflow/dags/DAG_scraper.py
Traceback (most recent call last):
  File "/home/airflow/.local/lib/python3.10/site-packages/airflow/models/dagbag.py", line 351, in parse
    loader.exec_module(new_module)
  File "<frozen importlib._bootstrap_external>", line 883, in exec_module
  File "<frozen importlib._bootstrap>", line 241, in _call_with_frames_removed
  File "/opt/airflow/dags/DAG_scraper.py", line 10, in <module>
    from ProcessData.DataProcessor import DataProcessor
  File "/opt/airflow/dags/ProcessData/DataProcessor.py", line 6, in <module>
    from geopy.geocoders import Nominatim
ModuleNotFoundError: No module named 'geopy'
[2025-09-23T22:13:19.345+0000] {processor.py:842} WARNING - No viable dags retrieved from /opt/airflow/dags/DAG_scraper.py
[2025-09-23T22:13:19.362+0000] {processor.py:183} INFO - Processing /opt/airflow/dags/DAG_scraper.py took 0.038 seconds
[2025-09-23T22:13:49.640+0000] {processor.py:161} INFO - Started process (PID=36) to work on /opt/airflow/dags/DAG_scraper.py
[2025-09-23T22:13:49.641+0000] {processor.py:830} INFO - Processing file /opt/airflow/dags/DAG_scraper.py for tasks to queue
[2025-09-23T22:13:49.645+0000] {logging_mixin.py:188} INFO - [2025-09-23T22:13:49.644+0000] {dagbag.py:545} INFO - Filling up the DagBag from /opt/airflow/dags/DAG_scraper.py
[2025-09-23T22:13:49.652+0000] {logging_mixin.py:188} INFO - [2025-09-23T22:13:49.651+0000] {dagbag.py:355} ERROR - Failed to import: /opt/airflow/dags/DAG_scraper.py
Traceback (most recent call last):
  File "/home/airflow/.local/lib/python3.10/site-packages/airflow/models/dagbag.py", line 351, in parse
    loader.exec_module(new_module)
  File "<frozen importlib._bootstrap_external>", line 883, in exec_module
  File "<frozen importlib._bootstrap>", line 241, in _call_with_frames_removed
  File "/opt/airflow/dags/DAG_scraper.py", line 10, in <module>
    from ProcessData.DataProcessor import DataProcessor
  File "/opt/airflow/dags/ProcessData/DataProcessor.py", line 6, in <module>
    from geopy.geocoders import Nominatim
ModuleNotFoundError: No module named 'geopy'
[2025-09-23T22:13:49.652+0000] {processor.py:842} WARNING - No viable dags retrieved from /opt/airflow/dags/DAG_scraper.py
[2025-09-23T22:13:49.673+0000] {processor.py:183} INFO - Processing /opt/airflow/dags/DAG_scraper.py took 0.041 seconds
[2025-09-23T22:14:20.021+0000] {processor.py:161} INFO - Started process (PID=37) to work on /opt/airflow/dags/DAG_scraper.py
[2025-09-23T22:14:20.022+0000] {processor.py:830} INFO - Processing file /opt/airflow/dags/DAG_scraper.py for tasks to queue
[2025-09-23T22:14:20.024+0000] {logging_mixin.py:188} INFO - [2025-09-23T22:14:20.024+0000] {dagbag.py:545} INFO - Filling up the DagBag from /opt/airflow/dags/DAG_scraper.py
[2025-09-23T22:14:20.031+0000] {logging_mixin.py:188} INFO - [2025-09-23T22:14:20.030+0000] {dagbag.py:355} ERROR - Failed to import: /opt/airflow/dags/DAG_scraper.py
Traceback (most recent call last):
  File "/home/airflow/.local/lib/python3.10/site-packages/airflow/models/dagbag.py", line 351, in parse
    loader.exec_module(new_module)
  File "<frozen importlib._bootstrap_external>", line 883, in exec_module
  File "<frozen importlib._bootstrap>", line 241, in _call_with_frames_removed
  File "/opt/airflow/dags/DAG_scraper.py", line 10, in <module>
    from ProcessData.DataProcessor import DataProcessor
  File "/opt/airflow/dags/ProcessData/DataProcessor.py", line 6, in <module>
    from geopy.geocoders import Nominatim
ModuleNotFoundError: No module named 'geopy'
[2025-09-23T22:14:20.031+0000] {processor.py:842} WARNING - No viable dags retrieved from /opt/airflow/dags/DAG_scraper.py
[2025-09-23T22:14:20.049+0000] {processor.py:183} INFO - Processing /opt/airflow/dags/DAG_scraper.py took 0.055 seconds
[2025-09-23T22:14:50.362+0000] {processor.py:161} INFO - Started process (PID=38) to work on /opt/airflow/dags/DAG_scraper.py
[2025-09-23T22:14:50.364+0000] {processor.py:830} INFO - Processing file /opt/airflow/dags/DAG_scraper.py for tasks to queue
[2025-09-23T22:14:50.366+0000] {logging_mixin.py:188} INFO - [2025-09-23T22:14:50.366+0000] {dagbag.py:545} INFO - Filling up the DagBag from /opt/airflow/dags/DAG_scraper.py
[2025-09-23T22:14:50.373+0000] {logging_mixin.py:188} INFO - [2025-09-23T22:14:50.372+0000] {dagbag.py:355} ERROR - Failed to import: /opt/airflow/dags/DAG_scraper.py
Traceback (most recent call last):
  File "/home/airflow/.local/lib/python3.10/site-packages/airflow/models/dagbag.py", line 351, in parse
    loader.exec_module(new_module)
  File "<frozen importlib._bootstrap_external>", line 883, in exec_module
  File "<frozen importlib._bootstrap>", line 241, in _call_with_frames_removed
  File "/opt/airflow/dags/DAG_scraper.py", line 10, in <module>
    from ProcessData.DataProcessor import DataProcessor
  File "/opt/airflow/dags/ProcessData/DataProcessor.py", line 6, in <module>
    from geopy.geocoders import Nominatim
ModuleNotFoundError: No module named 'geopy'
[2025-09-23T22:14:50.373+0000] {processor.py:842} WARNING - No viable dags retrieved from /opt/airflow/dags/DAG_scraper.py
[2025-09-23T22:14:50.393+0000] {processor.py:183} INFO - Processing /opt/airflow/dags/DAG_scraper.py took 0.049 seconds
[2025-09-23T22:15:20.777+0000] {processor.py:161} INFO - Started process (PID=39) to work on /opt/airflow/dags/DAG_scraper.py
[2025-09-23T22:15:20.778+0000] {processor.py:830} INFO - Processing file /opt/airflow/dags/DAG_scraper.py for tasks to queue
[2025-09-23T22:15:20.781+0000] {logging_mixin.py:188} INFO - [2025-09-23T22:15:20.780+0000] {dagbag.py:545} INFO - Filling up the DagBag from /opt/airflow/dags/DAG_scraper.py
[2025-09-23T22:15:20.788+0000] {logging_mixin.py:188} INFO - [2025-09-23T22:15:20.787+0000] {dagbag.py:355} ERROR - Failed to import: /opt/airflow/dags/DAG_scraper.py
Traceback (most recent call last):
  File "/home/airflow/.local/lib/python3.10/site-packages/airflow/models/dagbag.py", line 351, in parse
    loader.exec_module(new_module)
  File "<frozen importlib._bootstrap_external>", line 883, in exec_module
  File "<frozen importlib._bootstrap>", line 241, in _call_with_frames_removed
  File "/opt/airflow/dags/DAG_scraper.py", line 10, in <module>
    from ProcessData.DataProcessor import DataProcessor
  File "/opt/airflow/dags/ProcessData/DataProcessor.py", line 6, in <module>
    from geopy.geocoders import Nominatim
ModuleNotFoundError: No module named 'geopy'
[2025-09-23T22:15:20.789+0000] {processor.py:842} WARNING - No viable dags retrieved from /opt/airflow/dags/DAG_scraper.py
[2025-09-23T22:15:20.819+0000] {processor.py:183} INFO - Processing /opt/airflow/dags/DAG_scraper.py took 0.050 seconds
[2025-09-23T22:15:51.030+0000] {processor.py:161} INFO - Started process (PID=40) to work on /opt/airflow/dags/DAG_scraper.py
[2025-09-23T22:15:51.031+0000] {processor.py:830} INFO - Processing file /opt/airflow/dags/DAG_scraper.py for tasks to queue
[2025-09-23T22:15:51.032+0000] {logging_mixin.py:188} INFO - [2025-09-23T22:15:51.032+0000] {dagbag.py:545} INFO - Filling up the DagBag from /opt/airflow/dags/DAG_scraper.py
[2025-09-23T22:15:51.036+0000] {logging_mixin.py:188} INFO - [2025-09-23T22:15:51.035+0000] {dagbag.py:355} ERROR - Failed to import: /opt/airflow/dags/DAG_scraper.py
Traceback (most recent call last):
  File "/home/airflow/.local/lib/python3.10/site-packages/airflow/models/dagbag.py", line 351, in parse
    loader.exec_module(new_module)
  File "<frozen importlib._bootstrap_external>", line 883, in exec_module
  File "<frozen importlib._bootstrap>", line 241, in _call_with_frames_removed
  File "/opt/airflow/dags/DAG_scraper.py", line 10, in <module>
    from ProcessData.DataProcessor import DataProcessor
  File "/opt/airflow/dags/ProcessData/DataProcessor.py", line 6, in <module>
    from geopy.geocoders import Nominatim
ModuleNotFoundError: No module named 'geopy'
[2025-09-23T22:15:51.036+0000] {processor.py:842} WARNING - No viable dags retrieved from /opt/airflow/dags/DAG_scraper.py
[2025-09-23T22:15:51.050+0000] {processor.py:183} INFO - Processing /opt/airflow/dags/DAG_scraper.py took 0.025 seconds
[2025-09-23T22:16:21.370+0000] {processor.py:161} INFO - Started process (PID=41) to work on /opt/airflow/dags/DAG_scraper.py
[2025-09-23T22:16:21.371+0000] {processor.py:830} INFO - Processing file /opt/airflow/dags/DAG_scraper.py for tasks to queue
[2025-09-23T22:16:21.374+0000] {logging_mixin.py:188} INFO - [2025-09-23T22:16:21.373+0000] {dagbag.py:545} INFO - Filling up the DagBag from /opt/airflow/dags/DAG_scraper.py
[2025-09-23T22:16:21.380+0000] {logging_mixin.py:188} INFO - [2025-09-23T22:16:21.379+0000] {dagbag.py:355} ERROR - Failed to import: /opt/airflow/dags/DAG_scraper.py
Traceback (most recent call last):
  File "/home/airflow/.local/lib/python3.10/site-packages/airflow/models/dagbag.py", line 351, in parse
    loader.exec_module(new_module)
  File "<frozen importlib._bootstrap_external>", line 883, in exec_module
  File "<frozen importlib._bootstrap>", line 241, in _call_with_frames_removed
  File "/opt/airflow/dags/DAG_scraper.py", line 10, in <module>
    from ProcessData.DataProcessor import DataProcessor
  File "/opt/airflow/dags/ProcessData/DataProcessor.py", line 6, in <module>
    from geopy.geocoders import Nominatim
ModuleNotFoundError: No module named 'geopy'
[2025-09-23T22:16:21.380+0000] {processor.py:842} WARNING - No viable dags retrieved from /opt/airflow/dags/DAG_scraper.py
[2025-09-23T22:16:21.398+0000] {processor.py:183} INFO - Processing /opt/airflow/dags/DAG_scraper.py took 0.041 seconds
[2025-09-23T22:16:51.788+0000] {processor.py:161} INFO - Started process (PID=42) to work on /opt/airflow/dags/DAG_scraper.py
[2025-09-23T22:16:51.789+0000] {processor.py:830} INFO - Processing file /opt/airflow/dags/DAG_scraper.py for tasks to queue
[2025-09-23T22:16:51.792+0000] {logging_mixin.py:188} INFO - [2025-09-23T22:16:51.791+0000] {dagbag.py:545} INFO - Filling up the DagBag from /opt/airflow/dags/DAG_scraper.py
[2025-09-23T22:16:51.798+0000] {logging_mixin.py:188} INFO - [2025-09-23T22:16:51.797+0000] {dagbag.py:355} ERROR - Failed to import: /opt/airflow/dags/DAG_scraper.py
Traceback (most recent call last):
  File "/home/airflow/.local/lib/python3.10/site-packages/airflow/models/dagbag.py", line 351, in parse
    loader.exec_module(new_module)
  File "<frozen importlib._bootstrap_external>", line 883, in exec_module
  File "<frozen importlib._bootstrap>", line 241, in _call_with_frames_removed
  File "/opt/airflow/dags/DAG_scraper.py", line 10, in <module>
    from ProcessData.DataProcessor import DataProcessor
  File "/opt/airflow/dags/ProcessData/DataProcessor.py", line 6, in <module>
    from geopy.geocoders import Nominatim
ModuleNotFoundError: No module named 'geopy'
[2025-09-23T22:16:51.798+0000] {processor.py:842} WARNING - No viable dags retrieved from /opt/airflow/dags/DAG_scraper.py
[2025-09-23T22:16:51.815+0000] {processor.py:183} INFO - Processing /opt/airflow/dags/DAG_scraper.py took 0.045 seconds
[2025-09-23T22:17:22.103+0000] {processor.py:161} INFO - Started process (PID=43) to work on /opt/airflow/dags/DAG_scraper.py
[2025-09-23T22:17:22.105+0000] {processor.py:830} INFO - Processing file /opt/airflow/dags/DAG_scraper.py for tasks to queue
[2025-09-23T22:17:22.107+0000] {logging_mixin.py:188} INFO - [2025-09-23T22:17:22.107+0000] {dagbag.py:545} INFO - Filling up the DagBag from /opt/airflow/dags/DAG_scraper.py
[2025-09-23T22:17:22.116+0000] {logging_mixin.py:188} INFO - [2025-09-23T22:17:22.115+0000] {dagbag.py:355} ERROR - Failed to import: /opt/airflow/dags/DAG_scraper.py
Traceback (most recent call last):
  File "/home/airflow/.local/lib/python3.10/site-packages/airflow/models/dagbag.py", line 351, in parse
    loader.exec_module(new_module)
  File "<frozen importlib._bootstrap_external>", line 883, in exec_module
  File "<frozen importlib._bootstrap>", line 241, in _call_with_frames_removed
  File "/opt/airflow/dags/DAG_scraper.py", line 10, in <module>
    from ProcessData.DataProcessor import DataProcessor
  File "/opt/airflow/dags/ProcessData/DataProcessor.py", line 6, in <module>
    from geopy.geocoders import Nominatim
ModuleNotFoundError: No module named 'geopy'
[2025-09-23T22:17:22.116+0000] {processor.py:842} WARNING - No viable dags retrieved from /opt/airflow/dags/DAG_scraper.py
[2025-09-23T22:17:22.161+0000] {processor.py:183} INFO - Processing /opt/airflow/dags/DAG_scraper.py took 0.065 seconds
[2025-09-23T22:17:52.410+0000] {processor.py:161} INFO - Started process (PID=44) to work on /opt/airflow/dags/DAG_scraper.py
[2025-09-23T22:17:52.411+0000] {processor.py:830} INFO - Processing file /opt/airflow/dags/DAG_scraper.py for tasks to queue
[2025-09-23T22:17:52.414+0000] {logging_mixin.py:188} INFO - [2025-09-23T22:17:52.413+0000] {dagbag.py:545} INFO - Filling up the DagBag from /opt/airflow/dags/DAG_scraper.py
[2025-09-23T22:17:52.420+0000] {logging_mixin.py:188} INFO - [2025-09-23T22:17:52.419+0000] {dagbag.py:355} ERROR - Failed to import: /opt/airflow/dags/DAG_scraper.py
Traceback (most recent call last):
  File "/home/airflow/.local/lib/python3.10/site-packages/airflow/models/dagbag.py", line 351, in parse
    loader.exec_module(new_module)
  File "<frozen importlib._bootstrap_external>", line 883, in exec_module
  File "<frozen importlib._bootstrap>", line 241, in _call_with_frames_removed
  File "/opt/airflow/dags/DAG_scraper.py", line 10, in <module>
    from ProcessData.DataProcessor import DataProcessor
  File "/opt/airflow/dags/ProcessData/DataProcessor.py", line 6, in <module>
    from geopy.geocoders import Nominatim
ModuleNotFoundError: No module named 'geopy'
[2025-09-23T22:17:52.421+0000] {processor.py:842} WARNING - No viable dags retrieved from /opt/airflow/dags/DAG_scraper.py
[2025-09-23T22:17:52.438+0000] {processor.py:183} INFO - Processing /opt/airflow/dags/DAG_scraper.py took 0.035 seconds
[2025-09-23T22:18:22.825+0000] {processor.py:161} INFO - Started process (PID=45) to work on /opt/airflow/dags/DAG_scraper.py
[2025-09-23T22:18:22.841+0000] {processor.py:830} INFO - Processing file /opt/airflow/dags/DAG_scraper.py for tasks to queue
[2025-09-23T22:18:22.845+0000] {logging_mixin.py:188} INFO - [2025-09-23T22:18:22.845+0000] {dagbag.py:545} INFO - Filling up the DagBag from /opt/airflow/dags/DAG_scraper.py
[2025-09-23T22:18:22.857+0000] {logging_mixin.py:188} INFO - [2025-09-23T22:18:22.855+0000] {dagbag.py:355} ERROR - Failed to import: /opt/airflow/dags/DAG_scraper.py
Traceback (most recent call last):
  File "/home/airflow/.local/lib/python3.10/site-packages/airflow/models/dagbag.py", line 351, in parse
    loader.exec_module(new_module)
  File "<frozen importlib._bootstrap_external>", line 883, in exec_module
  File "<frozen importlib._bootstrap>", line 241, in _call_with_frames_removed
  File "/opt/airflow/dags/DAG_scraper.py", line 10, in <module>
    from ProcessData.DataProcessor import DataProcessor
  File "/opt/airflow/dags/ProcessData/DataProcessor.py", line 6, in <module>
    from geopy.geocoders import Nominatim
ModuleNotFoundError: No module named 'geopy'
[2025-09-23T22:18:22.857+0000] {processor.py:842} WARNING - No viable dags retrieved from /opt/airflow/dags/DAG_scraper.py
[2025-09-23T22:18:22.895+0000] {processor.py:183} INFO - Processing /opt/airflow/dags/DAG_scraper.py took 0.087 seconds
[2025-09-23T22:18:53.179+0000] {processor.py:161} INFO - Started process (PID=46) to work on /opt/airflow/dags/DAG_scraper.py
[2025-09-23T22:18:53.180+0000] {processor.py:830} INFO - Processing file /opt/airflow/dags/DAG_scraper.py for tasks to queue
[2025-09-23T22:18:53.184+0000] {logging_mixin.py:188} INFO - [2025-09-23T22:18:53.183+0000] {dagbag.py:545} INFO - Filling up the DagBag from /opt/airflow/dags/DAG_scraper.py
[2025-09-23T22:18:53.192+0000] {logging_mixin.py:188} INFO - [2025-09-23T22:18:53.191+0000] {dagbag.py:355} ERROR - Failed to import: /opt/airflow/dags/DAG_scraper.py
Traceback (most recent call last):
  File "/home/airflow/.local/lib/python3.10/site-packages/airflow/models/dagbag.py", line 351, in parse
    loader.exec_module(new_module)
  File "<frozen importlib._bootstrap_external>", line 883, in exec_module
  File "<frozen importlib._bootstrap>", line 241, in _call_with_frames_removed
  File "/opt/airflow/dags/DAG_scraper.py", line 10, in <module>
    from ProcessData.DataProcessor import DataProcessor
  File "/opt/airflow/dags/ProcessData/DataProcessor.py", line 6, in <module>
    from geopy.geocoders import Nominatim
ModuleNotFoundError: No module named 'geopy'
[2025-09-23T22:18:53.192+0000] {processor.py:842} WARNING - No viable dags retrieved from /opt/airflow/dags/DAG_scraper.py
[2025-09-23T22:18:53.215+0000] {processor.py:183} INFO - Processing /opt/airflow/dags/DAG_scraper.py took 0.053 seconds
[2025-09-23T22:19:23.509+0000] {processor.py:161} INFO - Started process (PID=47) to work on /opt/airflow/dags/DAG_scraper.py
[2025-09-23T22:19:23.510+0000] {processor.py:830} INFO - Processing file /opt/airflow/dags/DAG_scraper.py for tasks to queue
[2025-09-23T22:19:23.513+0000] {logging_mixin.py:188} INFO - [2025-09-23T22:19:23.513+0000] {dagbag.py:545} INFO - Filling up the DagBag from /opt/airflow/dags/DAG_scraper.py
[2025-09-23T22:19:23.520+0000] {logging_mixin.py:188} INFO - [2025-09-23T22:19:23.519+0000] {dagbag.py:355} ERROR - Failed to import: /opt/airflow/dags/DAG_scraper.py
Traceback (most recent call last):
  File "/home/airflow/.local/lib/python3.10/site-packages/airflow/models/dagbag.py", line 351, in parse
    loader.exec_module(new_module)
  File "<frozen importlib._bootstrap_external>", line 883, in exec_module
  File "<frozen importlib._bootstrap>", line 241, in _call_with_frames_removed
  File "/opt/airflow/dags/DAG_scraper.py", line 10, in <module>
    from ProcessData.DataProcessor import DataProcessor
  File "/opt/airflow/dags/ProcessData/DataProcessor.py", line 6, in <module>
    from geopy.geocoders import Nominatim
ModuleNotFoundError: No module named 'geopy'
[2025-09-23T22:19:23.520+0000] {processor.py:842} WARNING - No viable dags retrieved from /opt/airflow/dags/DAG_scraper.py
[2025-09-23T22:19:23.537+0000] {processor.py:183} INFO - Processing /opt/airflow/dags/DAG_scraper.py took 0.045 seconds
[2025-09-23T22:19:53.813+0000] {processor.py:161} INFO - Started process (PID=48) to work on /opt/airflow/dags/DAG_scraper.py
[2025-09-23T22:19:53.814+0000] {processor.py:830} INFO - Processing file /opt/airflow/dags/DAG_scraper.py for tasks to queue
[2025-09-23T22:19:53.817+0000] {logging_mixin.py:188} INFO - [2025-09-23T22:19:53.817+0000] {dagbag.py:545} INFO - Filling up the DagBag from /opt/airflow/dags/DAG_scraper.py
[2025-09-23T22:19:53.825+0000] {logging_mixin.py:188} INFO - [2025-09-23T22:19:53.824+0000] {dagbag.py:355} ERROR - Failed to import: /opt/airflow/dags/DAG_scraper.py
Traceback (most recent call last):
  File "/home/airflow/.local/lib/python3.10/site-packages/airflow/models/dagbag.py", line 351, in parse
    loader.exec_module(new_module)
  File "<frozen importlib._bootstrap_external>", line 883, in exec_module
  File "<frozen importlib._bootstrap>", line 241, in _call_with_frames_removed
  File "/opt/airflow/dags/DAG_scraper.py", line 10, in <module>
    from ProcessData.DataProcessor import DataProcessor
  File "/opt/airflow/dags/ProcessData/DataProcessor.py", line 6, in <module>
    from geopy.geocoders import Nominatim
ModuleNotFoundError: No module named 'geopy'
[2025-09-23T22:19:53.825+0000] {processor.py:842} WARNING - No viable dags retrieved from /opt/airflow/dags/DAG_scraper.py
[2025-09-23T22:19:53.843+0000] {processor.py:183} INFO - Processing /opt/airflow/dags/DAG_scraper.py took 0.043 seconds
[2025-09-23T22:20:24.120+0000] {processor.py:161} INFO - Started process (PID=49) to work on /opt/airflow/dags/DAG_scraper.py
[2025-09-23T22:20:24.122+0000] {processor.py:830} INFO - Processing file /opt/airflow/dags/DAG_scraper.py for tasks to queue
[2025-09-23T22:20:24.124+0000] {logging_mixin.py:188} INFO - [2025-09-23T22:20:24.123+0000] {dagbag.py:545} INFO - Filling up the DagBag from /opt/airflow/dags/DAG_scraper.py
[2025-09-23T22:20:24.128+0000] {logging_mixin.py:188} INFO - [2025-09-23T22:20:24.128+0000] {dagbag.py:355} ERROR - Failed to import: /opt/airflow/dags/DAG_scraper.py
Traceback (most recent call last):
  File "/home/airflow/.local/lib/python3.10/site-packages/airflow/models/dagbag.py", line 351, in parse
    loader.exec_module(new_module)
  File "<frozen importlib._bootstrap_external>", line 883, in exec_module
  File "<frozen importlib._bootstrap>", line 241, in _call_with_frames_removed
  File "/opt/airflow/dags/DAG_scraper.py", line 10, in <module>
    from ProcessData.DataProcessor import DataProcessor
  File "/opt/airflow/dags/ProcessData/DataProcessor.py", line 6, in <module>
    from geopy.geocoders import Nominatim
ModuleNotFoundError: No module named 'geopy'
[2025-09-23T22:20:24.128+0000] {processor.py:842} WARNING - No viable dags retrieved from /opt/airflow/dags/DAG_scraper.py
[2025-09-23T22:20:24.140+0000] {processor.py:183} INFO - Processing /opt/airflow/dags/DAG_scraper.py took 0.026 seconds
[2025-09-23T22:20:54.432+0000] {processor.py:161} INFO - Started process (PID=50) to work on /opt/airflow/dags/DAG_scraper.py
[2025-09-23T22:20:54.434+0000] {processor.py:830} INFO - Processing file /opt/airflow/dags/DAG_scraper.py for tasks to queue
[2025-09-23T22:20:54.436+0000] {logging_mixin.py:188} INFO - [2025-09-23T22:20:54.436+0000] {dagbag.py:545} INFO - Filling up the DagBag from /opt/airflow/dags/DAG_scraper.py
[2025-09-23T22:20:54.444+0000] {logging_mixin.py:188} INFO - [2025-09-23T22:20:54.443+0000] {dagbag.py:355} ERROR - Failed to import: /opt/airflow/dags/DAG_scraper.py
Traceback (most recent call last):
  File "/home/airflow/.local/lib/python3.10/site-packages/airflow/models/dagbag.py", line 351, in parse
    loader.exec_module(new_module)
  File "<frozen importlib._bootstrap_external>", line 883, in exec_module
  File "<frozen importlib._bootstrap>", line 241, in _call_with_frames_removed
  File "/opt/airflow/dags/DAG_scraper.py", line 10, in <module>
    from ProcessData.DataProcessor import DataProcessor
  File "/opt/airflow/dags/ProcessData/DataProcessor.py", line 6, in <module>
    from geopy.geocoders import Nominatim
ModuleNotFoundError: No module named 'geopy'
[2025-09-23T22:20:54.444+0000] {processor.py:842} WARNING - No viable dags retrieved from /opt/airflow/dags/DAG_scraper.py
[2025-09-23T22:20:54.476+0000] {processor.py:183} INFO - Processing /opt/airflow/dags/DAG_scraper.py took 0.052 seconds
[2025-09-23T22:21:24.692+0000] {processor.py:161} INFO - Started process (PID=51) to work on /opt/airflow/dags/DAG_scraper.py
[2025-09-23T22:21:24.692+0000] {processor.py:830} INFO - Processing file /opt/airflow/dags/DAG_scraper.py for tasks to queue
[2025-09-23T22:21:24.694+0000] {logging_mixin.py:188} INFO - [2025-09-23T22:21:24.693+0000] {dagbag.py:545} INFO - Filling up the DagBag from /opt/airflow/dags/DAG_scraper.py
[2025-09-23T22:21:24.698+0000] {logging_mixin.py:188} INFO - [2025-09-23T22:21:24.697+0000] {dagbag.py:355} ERROR - Failed to import: /opt/airflow/dags/DAG_scraper.py
Traceback (most recent call last):
  File "/home/airflow/.local/lib/python3.10/site-packages/airflow/models/dagbag.py", line 351, in parse
    loader.exec_module(new_module)
  File "<frozen importlib._bootstrap_external>", line 883, in exec_module
  File "<frozen importlib._bootstrap>", line 241, in _call_with_frames_removed
  File "/opt/airflow/dags/DAG_scraper.py", line 10, in <module>
    from ProcessData.DataProcessor import DataProcessor
  File "/opt/airflow/dags/ProcessData/DataProcessor.py", line 6, in <module>
    from geopy.geocoders import Nominatim
ModuleNotFoundError: No module named 'geopy'
[2025-09-23T22:21:24.698+0000] {processor.py:842} WARNING - No viable dags retrieved from /opt/airflow/dags/DAG_scraper.py
[2025-09-23T22:21:24.714+0000] {processor.py:183} INFO - Processing /opt/airflow/dags/DAG_scraper.py took 0.027 seconds
[2025-09-23T22:21:54.963+0000] {processor.py:161} INFO - Started process (PID=52) to work on /opt/airflow/dags/DAG_scraper.py
[2025-09-23T22:21:54.964+0000] {processor.py:830} INFO - Processing file /opt/airflow/dags/DAG_scraper.py for tasks to queue
[2025-09-23T22:21:54.966+0000] {logging_mixin.py:188} INFO - [2025-09-23T22:21:54.966+0000] {dagbag.py:545} INFO - Filling up the DagBag from /opt/airflow/dags/DAG_scraper.py
[2025-09-23T22:21:54.972+0000] {logging_mixin.py:188} INFO - [2025-09-23T22:21:54.971+0000] {dagbag.py:355} ERROR - Failed to import: /opt/airflow/dags/DAG_scraper.py
Traceback (most recent call last):
  File "/home/airflow/.local/lib/python3.10/site-packages/airflow/models/dagbag.py", line 351, in parse
    loader.exec_module(new_module)
  File "<frozen importlib._bootstrap_external>", line 883, in exec_module
  File "<frozen importlib._bootstrap>", line 241, in _call_with_frames_removed
  File "/opt/airflow/dags/DAG_scraper.py", line 10, in <module>
    from ProcessData.DataProcessor import DataProcessor
  File "/opt/airflow/dags/ProcessData/DataProcessor.py", line 6, in <module>
    from geopy.geocoders import Nominatim
ModuleNotFoundError: No module named 'geopy'
[2025-09-23T22:21:54.973+0000] {processor.py:842} WARNING - No viable dags retrieved from /opt/airflow/dags/DAG_scraper.py
[2025-09-23T22:21:54.989+0000] {processor.py:183} INFO - Processing /opt/airflow/dags/DAG_scraper.py took 0.032 seconds
[2025-09-23T22:22:25.215+0000] {processor.py:161} INFO - Started process (PID=53) to work on /opt/airflow/dags/DAG_scraper.py
[2025-09-23T22:22:25.216+0000] {processor.py:830} INFO - Processing file /opt/airflow/dags/DAG_scraper.py for tasks to queue
[2025-09-23T22:22:25.217+0000] {logging_mixin.py:188} INFO - [2025-09-23T22:22:25.217+0000] {dagbag.py:545} INFO - Filling up the DagBag from /opt/airflow/dags/DAG_scraper.py
[2025-09-23T22:22:25.222+0000] {logging_mixin.py:188} INFO - [2025-09-23T22:22:25.221+0000] {dagbag.py:355} ERROR - Failed to import: /opt/airflow/dags/DAG_scraper.py
Traceback (most recent call last):
  File "/home/airflow/.local/lib/python3.10/site-packages/airflow/models/dagbag.py", line 351, in parse
    loader.exec_module(new_module)
  File "<frozen importlib._bootstrap_external>", line 883, in exec_module
  File "<frozen importlib._bootstrap>", line 241, in _call_with_frames_removed
  File "/opt/airflow/dags/DAG_scraper.py", line 10, in <module>
    from ProcessData.DataProcessor import DataProcessor
  File "/opt/airflow/dags/ProcessData/DataProcessor.py", line 6, in <module>
    from geopy.geocoders import Nominatim
ModuleNotFoundError: No module named 'geopy'
[2025-09-23T22:22:25.222+0000] {processor.py:842} WARNING - No viable dags retrieved from /opt/airflow/dags/DAG_scraper.py
[2025-09-23T22:22:25.235+0000] {processor.py:183} INFO - Processing /opt/airflow/dags/DAG_scraper.py took 0.024 seconds
[2025-09-23T22:22:55.505+0000] {processor.py:161} INFO - Started process (PID=54) to work on /opt/airflow/dags/DAG_scraper.py
[2025-09-23T22:22:55.506+0000] {processor.py:830} INFO - Processing file /opt/airflow/dags/DAG_scraper.py for tasks to queue
[2025-09-23T22:22:55.508+0000] {logging_mixin.py:188} INFO - [2025-09-23T22:22:55.508+0000] {dagbag.py:545} INFO - Filling up the DagBag from /opt/airflow/dags/DAG_scraper.py
[2025-09-23T22:22:55.516+0000] {logging_mixin.py:188} INFO - [2025-09-23T22:22:55.515+0000] {dagbag.py:355} ERROR - Failed to import: /opt/airflow/dags/DAG_scraper.py
Traceback (most recent call last):
  File "/home/airflow/.local/lib/python3.10/site-packages/airflow/models/dagbag.py", line 351, in parse
    loader.exec_module(new_module)
  File "<frozen importlib._bootstrap_external>", line 883, in exec_module
  File "<frozen importlib._bootstrap>", line 241, in _call_with_frames_removed
  File "/opt/airflow/dags/DAG_scraper.py", line 10, in <module>
    from ProcessData.DataProcessor import DataProcessor
  File "/opt/airflow/dags/ProcessData/DataProcessor.py", line 6, in <module>
    from geopy.geocoders import Nominatim
ModuleNotFoundError: No module named 'geopy'
[2025-09-23T22:22:55.516+0000] {processor.py:842} WARNING - No viable dags retrieved from /opt/airflow/dags/DAG_scraper.py
[2025-09-23T22:22:55.533+0000] {processor.py:183} INFO - Processing /opt/airflow/dags/DAG_scraper.py took 0.035 seconds
[2025-09-23T22:23:25.810+0000] {processor.py:161} INFO - Started process (PID=55) to work on /opt/airflow/dags/DAG_scraper.py
[2025-09-23T22:23:25.811+0000] {processor.py:830} INFO - Processing file /opt/airflow/dags/DAG_scraper.py for tasks to queue
[2025-09-23T22:23:25.814+0000] {logging_mixin.py:188} INFO - [2025-09-23T22:23:25.814+0000] {dagbag.py:545} INFO - Filling up the DagBag from /opt/airflow/dags/DAG_scraper.py
[2025-09-23T22:23:25.822+0000] {logging_mixin.py:188} INFO - [2025-09-23T22:23:25.821+0000] {dagbag.py:355} ERROR - Failed to import: /opt/airflow/dags/DAG_scraper.py
Traceback (most recent call last):
  File "/home/airflow/.local/lib/python3.10/site-packages/airflow/models/dagbag.py", line 351, in parse
    loader.exec_module(new_module)
  File "<frozen importlib._bootstrap_external>", line 883, in exec_module
  File "<frozen importlib._bootstrap>", line 241, in _call_with_frames_removed
  File "/opt/airflow/dags/DAG_scraper.py", line 10, in <module>
    from ProcessData.DataProcessor import DataProcessor
  File "/opt/airflow/dags/ProcessData/DataProcessor.py", line 6, in <module>
    from geopy.geocoders import Nominatim
ModuleNotFoundError: No module named 'geopy'
[2025-09-23T22:23:25.822+0000] {processor.py:842} WARNING - No viable dags retrieved from /opt/airflow/dags/DAG_scraper.py
[2025-09-23T22:23:25.840+0000] {processor.py:183} INFO - Processing /opt/airflow/dags/DAG_scraper.py took 0.038 seconds
[2025-09-23T22:23:56.099+0000] {processor.py:161} INFO - Started process (PID=56) to work on /opt/airflow/dags/DAG_scraper.py
[2025-09-23T22:23:56.100+0000] {processor.py:830} INFO - Processing file /opt/airflow/dags/DAG_scraper.py for tasks to queue
[2025-09-23T22:23:56.103+0000] {logging_mixin.py:188} INFO - [2025-09-23T22:23:56.103+0000] {dagbag.py:545} INFO - Filling up the DagBag from /opt/airflow/dags/DAG_scraper.py
[2025-09-23T22:23:56.111+0000] {logging_mixin.py:188} INFO - [2025-09-23T22:23:56.110+0000] {dagbag.py:355} ERROR - Failed to import: /opt/airflow/dags/DAG_scraper.py
Traceback (most recent call last):
  File "/home/airflow/.local/lib/python3.10/site-packages/airflow/models/dagbag.py", line 351, in parse
    loader.exec_module(new_module)
  File "<frozen importlib._bootstrap_external>", line 883, in exec_module
  File "<frozen importlib._bootstrap>", line 241, in _call_with_frames_removed
  File "/opt/airflow/dags/DAG_scraper.py", line 10, in <module>
    from ProcessData.DataProcessor import DataProcessor
  File "/opt/airflow/dags/ProcessData/DataProcessor.py", line 6, in <module>
    from geopy.geocoders import Nominatim
ModuleNotFoundError: No module named 'geopy'
[2025-09-23T22:23:56.112+0000] {processor.py:842} WARNING - No viable dags retrieved from /opt/airflow/dags/DAG_scraper.py
[2025-09-23T22:23:56.133+0000] {processor.py:183} INFO - Processing /opt/airflow/dags/DAG_scraper.py took 0.043 seconds
[2025-09-23T22:24:26.399+0000] {processor.py:161} INFO - Started process (PID=57) to work on /opt/airflow/dags/DAG_scraper.py
[2025-09-23T22:24:26.400+0000] {processor.py:830} INFO - Processing file /opt/airflow/dags/DAG_scraper.py for tasks to queue
[2025-09-23T22:24:26.403+0000] {logging_mixin.py:188} INFO - [2025-09-23T22:24:26.402+0000] {dagbag.py:545} INFO - Filling up the DagBag from /opt/airflow/dags/DAG_scraper.py
[2025-09-23T22:24:26.410+0000] {logging_mixin.py:188} INFO - [2025-09-23T22:24:26.409+0000] {dagbag.py:355} ERROR - Failed to import: /opt/airflow/dags/DAG_scraper.py
Traceback (most recent call last):
  File "/home/airflow/.local/lib/python3.10/site-packages/airflow/models/dagbag.py", line 351, in parse
    loader.exec_module(new_module)
  File "<frozen importlib._bootstrap_external>", line 883, in exec_module
  File "<frozen importlib._bootstrap>", line 241, in _call_with_frames_removed
  File "/opt/airflow/dags/DAG_scraper.py", line 10, in <module>
    from ProcessData.DataProcessor import DataProcessor
  File "/opt/airflow/dags/ProcessData/DataProcessor.py", line 6, in <module>
    from geopy.geocoders import Nominatim
ModuleNotFoundError: No module named 'geopy'
[2025-09-23T22:24:26.410+0000] {processor.py:842} WARNING - No viable dags retrieved from /opt/airflow/dags/DAG_scraper.py
[2025-09-23T22:24:26.432+0000] {processor.py:183} INFO - Processing /opt/airflow/dags/DAG_scraper.py took 0.042 seconds
[2025-09-23T22:24:56.829+0000] {processor.py:161} INFO - Started process (PID=58) to work on /opt/airflow/dags/DAG_scraper.py
[2025-09-23T22:24:56.831+0000] {processor.py:830} INFO - Processing file /opt/airflow/dags/DAG_scraper.py for tasks to queue
[2025-09-23T22:24:56.833+0000] {logging_mixin.py:188} INFO - [2025-09-23T22:24:56.832+0000] {dagbag.py:545} INFO - Filling up the DagBag from /opt/airflow/dags/DAG_scraper.py
[2025-09-23T22:24:56.840+0000] {logging_mixin.py:188} INFO - [2025-09-23T22:24:56.839+0000] {dagbag.py:355} ERROR - Failed to import: /opt/airflow/dags/DAG_scraper.py
Traceback (most recent call last):
  File "/home/airflow/.local/lib/python3.10/site-packages/airflow/models/dagbag.py", line 351, in parse
    loader.exec_module(new_module)
  File "<frozen importlib._bootstrap_external>", line 883, in exec_module
  File "<frozen importlib._bootstrap>", line 241, in _call_with_frames_removed
  File "/opt/airflow/dags/DAG_scraper.py", line 10, in <module>
    from ProcessData.DataProcessor import DataProcessor
  File "/opt/airflow/dags/ProcessData/DataProcessor.py", line 6, in <module>
    from geopy.geocoders import Nominatim
ModuleNotFoundError: No module named 'geopy'
[2025-09-23T22:24:56.840+0000] {processor.py:842} WARNING - No viable dags retrieved from /opt/airflow/dags/DAG_scraper.py
[2025-09-23T22:24:56.864+0000] {processor.py:183} INFO - Processing /opt/airflow/dags/DAG_scraper.py took 0.046 seconds
[2025-09-23T22:25:27.180+0000] {processor.py:161} INFO - Started process (PID=59) to work on /opt/airflow/dags/DAG_scraper.py
[2025-09-23T22:25:27.182+0000] {processor.py:830} INFO - Processing file /opt/airflow/dags/DAG_scraper.py for tasks to queue
[2025-09-23T22:25:27.185+0000] {logging_mixin.py:188} INFO - [2025-09-23T22:25:27.185+0000] {dagbag.py:545} INFO - Filling up the DagBag from /opt/airflow/dags/DAG_scraper.py
[2025-09-23T22:25:27.193+0000] {logging_mixin.py:188} INFO - [2025-09-23T22:25:27.192+0000] {dagbag.py:355} ERROR - Failed to import: /opt/airflow/dags/DAG_scraper.py
Traceback (most recent call last):
  File "/home/airflow/.local/lib/python3.10/site-packages/airflow/models/dagbag.py", line 351, in parse
    loader.exec_module(new_module)
  File "<frozen importlib._bootstrap_external>", line 883, in exec_module
  File "<frozen importlib._bootstrap>", line 241, in _call_with_frames_removed
  File "/opt/airflow/dags/DAG_scraper.py", line 10, in <module>
    from ProcessData.DataProcessor import DataProcessor
  File "/opt/airflow/dags/ProcessData/DataProcessor.py", line 6, in <module>
    from geopy.geocoders import Nominatim
ModuleNotFoundError: No module named 'geopy'
[2025-09-23T22:25:27.193+0000] {processor.py:842} WARNING - No viable dags retrieved from /opt/airflow/dags/DAG_scraper.py
[2025-09-23T22:25:27.210+0000] {processor.py:183} INFO - Processing /opt/airflow/dags/DAG_scraper.py took 0.039 seconds
[2025-09-23T22:25:57.489+0000] {processor.py:161} INFO - Started process (PID=60) to work on /opt/airflow/dags/DAG_scraper.py
[2025-09-23T22:25:57.490+0000] {processor.py:830} INFO - Processing file /opt/airflow/dags/DAG_scraper.py for tasks to queue
[2025-09-23T22:25:57.494+0000] {logging_mixin.py:188} INFO - [2025-09-23T22:25:57.493+0000] {dagbag.py:545} INFO - Filling up the DagBag from /opt/airflow/dags/DAG_scraper.py
[2025-09-23T22:25:57.501+0000] {logging_mixin.py:188} INFO - [2025-09-23T22:25:57.500+0000] {dagbag.py:355} ERROR - Failed to import: /opt/airflow/dags/DAG_scraper.py
Traceback (most recent call last):
  File "/home/airflow/.local/lib/python3.10/site-packages/airflow/models/dagbag.py", line 351, in parse
    loader.exec_module(new_module)
  File "<frozen importlib._bootstrap_external>", line 883, in exec_module
  File "<frozen importlib._bootstrap>", line 241, in _call_with_frames_removed
  File "/opt/airflow/dags/DAG_scraper.py", line 10, in <module>
    from ProcessData.DataProcessor import DataProcessor
  File "/opt/airflow/dags/ProcessData/DataProcessor.py", line 6, in <module>
    from geopy.geocoders import Nominatim
ModuleNotFoundError: No module named 'geopy'
[2025-09-23T22:25:57.501+0000] {processor.py:842} WARNING - No viable dags retrieved from /opt/airflow/dags/DAG_scraper.py
[2025-09-23T22:25:57.521+0000] {processor.py:183} INFO - Processing /opt/airflow/dags/DAG_scraper.py took 0.041 seconds
[2025-09-23T22:26:27.818+0000] {processor.py:161} INFO - Started process (PID=61) to work on /opt/airflow/dags/DAG_scraper.py
[2025-09-23T22:26:27.819+0000] {processor.py:830} INFO - Processing file /opt/airflow/dags/DAG_scraper.py for tasks to queue
[2025-09-23T22:26:27.821+0000] {logging_mixin.py:188} INFO - [2025-09-23T22:26:27.820+0000] {dagbag.py:545} INFO - Filling up the DagBag from /opt/airflow/dags/DAG_scraper.py
[2025-09-23T22:26:27.827+0000] {logging_mixin.py:188} INFO - [2025-09-23T22:26:27.826+0000] {dagbag.py:355} ERROR - Failed to import: /opt/airflow/dags/DAG_scraper.py
Traceback (most recent call last):
  File "/home/airflow/.local/lib/python3.10/site-packages/airflow/models/dagbag.py", line 351, in parse
    loader.exec_module(new_module)
  File "<frozen importlib._bootstrap_external>", line 883, in exec_module
  File "<frozen importlib._bootstrap>", line 241, in _call_with_frames_removed
  File "/opt/airflow/dags/DAG_scraper.py", line 10, in <module>
    from ProcessData.DataProcessor import DataProcessor
  File "/opt/airflow/dags/ProcessData/DataProcessor.py", line 6, in <module>
    from geopy.geocoders import Nominatim
ModuleNotFoundError: No module named 'geopy'
[2025-09-23T22:26:27.827+0000] {processor.py:842} WARNING - No viable dags retrieved from /opt/airflow/dags/DAG_scraper.py
[2025-09-23T22:26:27.848+0000] {processor.py:183} INFO - Processing /opt/airflow/dags/DAG_scraper.py took 0.037 seconds
[2025-09-23T22:26:58.201+0000] {processor.py:161} INFO - Started process (PID=62) to work on /opt/airflow/dags/DAG_scraper.py
[2025-09-23T22:26:58.203+0000] {processor.py:830} INFO - Processing file /opt/airflow/dags/DAG_scraper.py for tasks to queue
[2025-09-23T22:26:58.206+0000] {logging_mixin.py:188} INFO - [2025-09-23T22:26:58.205+0000] {dagbag.py:545} INFO - Filling up the DagBag from /opt/airflow/dags/DAG_scraper.py
[2025-09-23T22:26:58.212+0000] {logging_mixin.py:188} INFO - [2025-09-23T22:26:58.211+0000] {dagbag.py:355} ERROR - Failed to import: /opt/airflow/dags/DAG_scraper.py
Traceback (most recent call last):
  File "/home/airflow/.local/lib/python3.10/site-packages/airflow/models/dagbag.py", line 351, in parse
    loader.exec_module(new_module)
  File "<frozen importlib._bootstrap_external>", line 883, in exec_module
  File "<frozen importlib._bootstrap>", line 241, in _call_with_frames_removed
  File "/opt/airflow/dags/DAG_scraper.py", line 10, in <module>
    from ProcessData.DataProcessor import DataProcessor
  File "/opt/airflow/dags/ProcessData/DataProcessor.py", line 6, in <module>
    from geopy.geocoders import Nominatim
ModuleNotFoundError: No module named 'geopy'
[2025-09-23T22:26:58.212+0000] {processor.py:842} WARNING - No viable dags retrieved from /opt/airflow/dags/DAG_scraper.py
[2025-09-23T22:26:58.229+0000] {processor.py:183} INFO - Processing /opt/airflow/dags/DAG_scraper.py took 0.037 seconds
[2025-09-23T22:27:28.539+0000] {processor.py:161} INFO - Started process (PID=63) to work on /opt/airflow/dags/DAG_scraper.py
[2025-09-23T22:27:28.541+0000] {processor.py:830} INFO - Processing file /opt/airflow/dags/DAG_scraper.py for tasks to queue
[2025-09-23T22:27:28.544+0000] {logging_mixin.py:188} INFO - [2025-09-23T22:27:28.543+0000] {dagbag.py:545} INFO - Filling up the DagBag from /opt/airflow/dags/DAG_scraper.py
[2025-09-23T22:27:28.550+0000] {logging_mixin.py:188} INFO - [2025-09-23T22:27:28.549+0000] {dagbag.py:355} ERROR - Failed to import: /opt/airflow/dags/DAG_scraper.py
Traceback (most recent call last):
  File "/home/airflow/.local/lib/python3.10/site-packages/airflow/models/dagbag.py", line 351, in parse
    loader.exec_module(new_module)
  File "<frozen importlib._bootstrap_external>", line 883, in exec_module
  File "<frozen importlib._bootstrap>", line 241, in _call_with_frames_removed
  File "/opt/airflow/dags/DAG_scraper.py", line 10, in <module>
    from ProcessData.DataProcessor import DataProcessor
  File "/opt/airflow/dags/ProcessData/DataProcessor.py", line 6, in <module>
    from geopy.geocoders import Nominatim
ModuleNotFoundError: No module named 'geopy'
[2025-09-23T22:27:28.550+0000] {processor.py:842} WARNING - No viable dags retrieved from /opt/airflow/dags/DAG_scraper.py
[2025-09-23T22:27:28.566+0000] {processor.py:183} INFO - Processing /opt/airflow/dags/DAG_scraper.py took 0.035 seconds
[2025-09-23T22:27:58.928+0000] {processor.py:161} INFO - Started process (PID=64) to work on /opt/airflow/dags/DAG_scraper.py
[2025-09-23T22:27:58.929+0000] {processor.py:830} INFO - Processing file /opt/airflow/dags/DAG_scraper.py for tasks to queue
[2025-09-23T22:27:58.932+0000] {logging_mixin.py:188} INFO - [2025-09-23T22:27:58.931+0000] {dagbag.py:545} INFO - Filling up the DagBag from /opt/airflow/dags/DAG_scraper.py
[2025-09-23T22:27:58.937+0000] {logging_mixin.py:188} INFO - [2025-09-23T22:27:58.937+0000] {dagbag.py:355} ERROR - Failed to import: /opt/airflow/dags/DAG_scraper.py
Traceback (most recent call last):
  File "/home/airflow/.local/lib/python3.10/site-packages/airflow/models/dagbag.py", line 351, in parse
    loader.exec_module(new_module)
  File "<frozen importlib._bootstrap_external>", line 883, in exec_module
  File "<frozen importlib._bootstrap>", line 241, in _call_with_frames_removed
  File "/opt/airflow/dags/DAG_scraper.py", line 10, in <module>
    from ProcessData.DataProcessor import DataProcessor
  File "/opt/airflow/dags/ProcessData/DataProcessor.py", line 6, in <module>
    from geopy.geocoders import Nominatim
ModuleNotFoundError: No module named 'geopy'
[2025-09-23T22:27:58.938+0000] {processor.py:842} WARNING - No viable dags retrieved from /opt/airflow/dags/DAG_scraper.py
[2025-09-23T22:27:58.964+0000] {processor.py:183} INFO - Processing /opt/airflow/dags/DAG_scraper.py took 0.045 seconds
[2025-09-23T22:28:29.307+0000] {processor.py:161} INFO - Started process (PID=65) to work on /opt/airflow/dags/DAG_scraper.py
[2025-09-23T22:28:29.308+0000] {processor.py:830} INFO - Processing file /opt/airflow/dags/DAG_scraper.py for tasks to queue
[2025-09-23T22:28:29.310+0000] {logging_mixin.py:188} INFO - [2025-09-23T22:28:29.310+0000] {dagbag.py:545} INFO - Filling up the DagBag from /opt/airflow/dags/DAG_scraper.py
[2025-09-23T22:28:29.316+0000] {logging_mixin.py:188} INFO - [2025-09-23T22:28:29.316+0000] {dagbag.py:355} ERROR - Failed to import: /opt/airflow/dags/DAG_scraper.py
Traceback (most recent call last):
  File "/home/airflow/.local/lib/python3.10/site-packages/airflow/models/dagbag.py", line 351, in parse
    loader.exec_module(new_module)
  File "<frozen importlib._bootstrap_external>", line 883, in exec_module
  File "<frozen importlib._bootstrap>", line 241, in _call_with_frames_removed
  File "/opt/airflow/dags/DAG_scraper.py", line 10, in <module>
    from ProcessData.DataProcessor import DataProcessor
  File "/opt/airflow/dags/ProcessData/DataProcessor.py", line 6, in <module>
    from geopy.geocoders import Nominatim
ModuleNotFoundError: No module named 'geopy'
[2025-09-23T22:28:29.316+0000] {processor.py:842} WARNING - No viable dags retrieved from /opt/airflow/dags/DAG_scraper.py
[2025-09-23T22:28:29.344+0000] {processor.py:183} INFO - Processing /opt/airflow/dags/DAG_scraper.py took 0.045 seconds
[2025-09-23T22:28:59.667+0000] {processor.py:161} INFO - Started process (PID=66) to work on /opt/airflow/dags/DAG_scraper.py
[2025-09-23T22:28:59.669+0000] {processor.py:830} INFO - Processing file /opt/airflow/dags/DAG_scraper.py for tasks to queue
[2025-09-23T22:28:59.671+0000] {logging_mixin.py:188} INFO - [2025-09-23T22:28:59.671+0000] {dagbag.py:545} INFO - Filling up the DagBag from /opt/airflow/dags/DAG_scraper.py
[2025-09-23T22:28:59.677+0000] {logging_mixin.py:188} INFO - [2025-09-23T22:28:59.676+0000] {dagbag.py:355} ERROR - Failed to import: /opt/airflow/dags/DAG_scraper.py
Traceback (most recent call last):
  File "/home/airflow/.local/lib/python3.10/site-packages/airflow/models/dagbag.py", line 351, in parse
    loader.exec_module(new_module)
  File "<frozen importlib._bootstrap_external>", line 883, in exec_module
  File "<frozen importlib._bootstrap>", line 241, in _call_with_frames_removed
  File "/opt/airflow/dags/DAG_scraper.py", line 10, in <module>
    from ProcessData.DataProcessor import DataProcessor
  File "/opt/airflow/dags/ProcessData/DataProcessor.py", line 6, in <module>
    from geopy.geocoders import Nominatim
ModuleNotFoundError: No module named 'geopy'
[2025-09-23T22:28:59.677+0000] {processor.py:842} WARNING - No viable dags retrieved from /opt/airflow/dags/DAG_scraper.py
[2025-09-23T22:28:59.696+0000] {processor.py:183} INFO - Processing /opt/airflow/dags/DAG_scraper.py took 0.036 seconds
[2025-09-23T22:29:29.937+0000] {processor.py:161} INFO - Started process (PID=67) to work on /opt/airflow/dags/DAG_scraper.py
[2025-09-23T22:29:29.939+0000] {processor.py:830} INFO - Processing file /opt/airflow/dags/DAG_scraper.py for tasks to queue
[2025-09-23T22:29:29.942+0000] {logging_mixin.py:188} INFO - [2025-09-23T22:29:29.941+0000] {dagbag.py:545} INFO - Filling up the DagBag from /opt/airflow/dags/DAG_scraper.py
[2025-09-23T22:29:29.948+0000] {logging_mixin.py:188} INFO - [2025-09-23T22:29:29.947+0000] {dagbag.py:355} ERROR - Failed to import: /opt/airflow/dags/DAG_scraper.py
Traceback (most recent call last):
  File "/home/airflow/.local/lib/python3.10/site-packages/airflow/models/dagbag.py", line 351, in parse
    loader.exec_module(new_module)
  File "<frozen importlib._bootstrap_external>", line 883, in exec_module
  File "<frozen importlib._bootstrap>", line 241, in _call_with_frames_removed
  File "/opt/airflow/dags/DAG_scraper.py", line 10, in <module>
    from ProcessData.DataProcessor import DataProcessor
  File "/opt/airflow/dags/ProcessData/DataProcessor.py", line 6, in <module>
    from geopy.geocoders import Nominatim
ModuleNotFoundError: No module named 'geopy'
[2025-09-23T22:29:29.948+0000] {processor.py:842} WARNING - No viable dags retrieved from /opt/airflow/dags/DAG_scraper.py
[2025-09-23T22:29:29.985+0000] {processor.py:183} INFO - Processing /opt/airflow/dags/DAG_scraper.py took 0.056 seconds
[2025-09-23T22:30:00.260+0000] {processor.py:161} INFO - Started process (PID=68) to work on /opt/airflow/dags/DAG_scraper.py
[2025-09-23T22:30:00.263+0000] {processor.py:830} INFO - Processing file /opt/airflow/dags/DAG_scraper.py for tasks to queue
[2025-09-23T22:30:00.266+0000] {logging_mixin.py:188} INFO - [2025-09-23T22:30:00.266+0000] {dagbag.py:545} INFO - Filling up the DagBag from /opt/airflow/dags/DAG_scraper.py
[2025-09-23T22:30:00.274+0000] {logging_mixin.py:188} INFO - [2025-09-23T22:30:00.273+0000] {dagbag.py:355} ERROR - Failed to import: /opt/airflow/dags/DAG_scraper.py
Traceback (most recent call last):
  File "/home/airflow/.local/lib/python3.10/site-packages/airflow/models/dagbag.py", line 351, in parse
    loader.exec_module(new_module)
  File "<frozen importlib._bootstrap_external>", line 883, in exec_module
  File "<frozen importlib._bootstrap>", line 241, in _call_with_frames_removed
  File "/opt/airflow/dags/DAG_scraper.py", line 10, in <module>
    from ProcessData.DataProcessor import DataProcessor
  File "/opt/airflow/dags/ProcessData/DataProcessor.py", line 6, in <module>
    from geopy.geocoders import Nominatim
ModuleNotFoundError: No module named 'geopy'
[2025-09-23T22:30:00.274+0000] {processor.py:842} WARNING - No viable dags retrieved from /opt/airflow/dags/DAG_scraper.py
[2025-09-23T22:30:00.292+0000] {processor.py:183} INFO - Processing /opt/airflow/dags/DAG_scraper.py took 0.040 seconds
[2025-09-23T22:30:30.659+0000] {processor.py:161} INFO - Started process (PID=69) to work on /opt/airflow/dags/DAG_scraper.py
[2025-09-23T22:30:30.660+0000] {processor.py:830} INFO - Processing file /opt/airflow/dags/DAG_scraper.py for tasks to queue
[2025-09-23T22:30:30.664+0000] {logging_mixin.py:188} INFO - [2025-09-23T22:30:30.663+0000] {dagbag.py:545} INFO - Filling up the DagBag from /opt/airflow/dags/DAG_scraper.py
[2025-09-23T22:30:30.672+0000] {logging_mixin.py:188} INFO - [2025-09-23T22:30:30.671+0000] {dagbag.py:355} ERROR - Failed to import: /opt/airflow/dags/DAG_scraper.py
Traceback (most recent call last):
  File "/home/airflow/.local/lib/python3.10/site-packages/airflow/models/dagbag.py", line 351, in parse
    loader.exec_module(new_module)
  File "<frozen importlib._bootstrap_external>", line 883, in exec_module
  File "<frozen importlib._bootstrap>", line 241, in _call_with_frames_removed
  File "/opt/airflow/dags/DAG_scraper.py", line 10, in <module>
    from ProcessData.DataProcessor import DataProcessor
  File "/opt/airflow/dags/ProcessData/DataProcessor.py", line 6, in <module>
    from geopy.geocoders import Nominatim
ModuleNotFoundError: No module named 'geopy'
[2025-09-23T22:30:30.672+0000] {processor.py:842} WARNING - No viable dags retrieved from /opt/airflow/dags/DAG_scraper.py
[2025-09-23T22:30:30.695+0000] {processor.py:183} INFO - Processing /opt/airflow/dags/DAG_scraper.py took 0.047 seconds
[2025-09-23T22:31:00.978+0000] {processor.py:161} INFO - Started process (PID=70) to work on /opt/airflow/dags/DAG_scraper.py
[2025-09-23T22:31:00.979+0000] {processor.py:830} INFO - Processing file /opt/airflow/dags/DAG_scraper.py for tasks to queue
[2025-09-23T22:31:00.982+0000] {logging_mixin.py:188} INFO - [2025-09-23T22:31:00.982+0000] {dagbag.py:545} INFO - Filling up the DagBag from /opt/airflow/dags/DAG_scraper.py
[2025-09-23T22:31:00.994+0000] {logging_mixin.py:188} INFO - [2025-09-23T22:31:00.988+0000] {dagbag.py:355} ERROR - Failed to import: /opt/airflow/dags/DAG_scraper.py
Traceback (most recent call last):
  File "/home/airflow/.local/lib/python3.10/site-packages/airflow/models/dagbag.py", line 351, in parse
    loader.exec_module(new_module)
  File "<frozen importlib._bootstrap_external>", line 883, in exec_module
  File "<frozen importlib._bootstrap>", line 241, in _call_with_frames_removed
  File "/opt/airflow/dags/DAG_scraper.py", line 10, in <module>
    from ProcessData.DataProcessor import DataProcessor
  File "/opt/airflow/dags/ProcessData/DataProcessor.py", line 6, in <module>
    from geopy.geocoders import Nominatim
ModuleNotFoundError: No module named 'geopy'
[2025-09-23T22:31:00.995+0000] {processor.py:842} WARNING - No viable dags retrieved from /opt/airflow/dags/DAG_scraper.py
[2025-09-23T22:31:01.022+0000] {processor.py:183} INFO - Processing /opt/airflow/dags/DAG_scraper.py took 0.053 seconds
[2025-09-23T22:31:31.289+0000] {processor.py:161} INFO - Started process (PID=71) to work on /opt/airflow/dags/DAG_scraper.py
[2025-09-23T22:31:31.290+0000] {processor.py:830} INFO - Processing file /opt/airflow/dags/DAG_scraper.py for tasks to queue
[2025-09-23T22:31:31.293+0000] {logging_mixin.py:188} INFO - [2025-09-23T22:31:31.292+0000] {dagbag.py:545} INFO - Filling up the DagBag from /opt/airflow/dags/DAG_scraper.py
[2025-09-23T22:31:31.303+0000] {logging_mixin.py:188} INFO - [2025-09-23T22:31:31.302+0000] {dagbag.py:355} ERROR - Failed to import: /opt/airflow/dags/DAG_scraper.py
Traceback (most recent call last):
  File "/home/airflow/.local/lib/python3.10/site-packages/airflow/models/dagbag.py", line 351, in parse
    loader.exec_module(new_module)
  File "<frozen importlib._bootstrap_external>", line 883, in exec_module
  File "<frozen importlib._bootstrap>", line 241, in _call_with_frames_removed
  File "/opt/airflow/dags/DAG_scraper.py", line 10, in <module>
    from ProcessData.DataProcessor import DataProcessor
  File "/opt/airflow/dags/ProcessData/DataProcessor.py", line 6, in <module>
    from geopy.geocoders import Nominatim
ModuleNotFoundError: No module named 'geopy'
[2025-09-23T22:31:31.304+0000] {processor.py:842} WARNING - No viable dags retrieved from /opt/airflow/dags/DAG_scraper.py
[2025-09-23T22:31:31.323+0000] {processor.py:183} INFO - Processing /opt/airflow/dags/DAG_scraper.py took 0.045 seconds
[2025-09-23T22:32:01.570+0000] {processor.py:161} INFO - Started process (PID=72) to work on /opt/airflow/dags/DAG_scraper.py
[2025-09-23T22:32:01.571+0000] {processor.py:830} INFO - Processing file /opt/airflow/dags/DAG_scraper.py for tasks to queue
[2025-09-23T22:32:01.573+0000] {logging_mixin.py:188} INFO - [2025-09-23T22:32:01.573+0000] {dagbag.py:545} INFO - Filling up the DagBag from /opt/airflow/dags/DAG_scraper.py
[2025-09-23T22:32:01.580+0000] {logging_mixin.py:188} INFO - [2025-09-23T22:32:01.580+0000] {dagbag.py:355} ERROR - Failed to import: /opt/airflow/dags/DAG_scraper.py
Traceback (most recent call last):
  File "/home/airflow/.local/lib/python3.10/site-packages/airflow/models/dagbag.py", line 351, in parse
    loader.exec_module(new_module)
  File "<frozen importlib._bootstrap_external>", line 883, in exec_module
  File "<frozen importlib._bootstrap>", line 241, in _call_with_frames_removed
  File "/opt/airflow/dags/DAG_scraper.py", line 10, in <module>
    from ProcessData.DataProcessor import DataProcessor
  File "/opt/airflow/dags/ProcessData/DataProcessor.py", line 6, in <module>
    from geopy.geocoders import Nominatim
ModuleNotFoundError: No module named 'geopy'
[2025-09-23T22:32:01.581+0000] {processor.py:842} WARNING - No viable dags retrieved from /opt/airflow/dags/DAG_scraper.py
[2025-09-23T22:32:01.597+0000] {processor.py:183} INFO - Processing /opt/airflow/dags/DAG_scraper.py took 0.035 seconds
[2025-09-23T22:32:31.937+0000] {processor.py:161} INFO - Started process (PID=73) to work on /opt/airflow/dags/DAG_scraper.py
[2025-09-23T22:32:31.938+0000] {processor.py:830} INFO - Processing file /opt/airflow/dags/DAG_scraper.py for tasks to queue
[2025-09-23T22:32:31.941+0000] {logging_mixin.py:188} INFO - [2025-09-23T22:32:31.940+0000] {dagbag.py:545} INFO - Filling up the DagBag from /opt/airflow/dags/DAG_scraper.py
[2025-09-23T22:32:31.948+0000] {logging_mixin.py:188} INFO - [2025-09-23T22:32:31.947+0000] {dagbag.py:355} ERROR - Failed to import: /opt/airflow/dags/DAG_scraper.py
Traceback (most recent call last):
  File "/home/airflow/.local/lib/python3.10/site-packages/airflow/models/dagbag.py", line 351, in parse
    loader.exec_module(new_module)
  File "<frozen importlib._bootstrap_external>", line 883, in exec_module
  File "<frozen importlib._bootstrap>", line 241, in _call_with_frames_removed
  File "/opt/airflow/dags/DAG_scraper.py", line 10, in <module>
    from ProcessData.DataProcessor import DataProcessor
  File "/opt/airflow/dags/ProcessData/DataProcessor.py", line 6, in <module>
    from geopy.geocoders import Nominatim
ModuleNotFoundError: No module named 'geopy'
[2025-09-23T22:32:31.948+0000] {processor.py:842} WARNING - No viable dags retrieved from /opt/airflow/dags/DAG_scraper.py
[2025-09-23T22:32:31.966+0000] {processor.py:183} INFO - Processing /opt/airflow/dags/DAG_scraper.py took 0.047 seconds
[2025-09-23T22:33:02.243+0000] {processor.py:161} INFO - Started process (PID=74) to work on /opt/airflow/dags/DAG_scraper.py
[2025-09-23T22:33:02.244+0000] {processor.py:830} INFO - Processing file /opt/airflow/dags/DAG_scraper.py for tasks to queue
[2025-09-23T22:33:02.248+0000] {logging_mixin.py:188} INFO - [2025-09-23T22:33:02.247+0000] {dagbag.py:545} INFO - Filling up the DagBag from /opt/airflow/dags/DAG_scraper.py
[2025-09-23T22:33:02.254+0000] {logging_mixin.py:188} INFO - [2025-09-23T22:33:02.254+0000] {dagbag.py:355} ERROR - Failed to import: /opt/airflow/dags/DAG_scraper.py
Traceback (most recent call last):
  File "/home/airflow/.local/lib/python3.10/site-packages/airflow/models/dagbag.py", line 351, in parse
    loader.exec_module(new_module)
  File "<frozen importlib._bootstrap_external>", line 883, in exec_module
  File "<frozen importlib._bootstrap>", line 241, in _call_with_frames_removed
  File "/opt/airflow/dags/DAG_scraper.py", line 10, in <module>
    from ProcessData.DataProcessor import DataProcessor
  File "/opt/airflow/dags/ProcessData/DataProcessor.py", line 6, in <module>
    from geopy.geocoders import Nominatim
ModuleNotFoundError: No module named 'geopy'
[2025-09-23T22:33:02.255+0000] {processor.py:842} WARNING - No viable dags retrieved from /opt/airflow/dags/DAG_scraper.py
[2025-09-23T22:33:02.271+0000] {processor.py:183} INFO - Processing /opt/airflow/dags/DAG_scraper.py took 0.037 seconds
[2025-09-23T22:33:32.537+0000] {processor.py:161} INFO - Started process (PID=75) to work on /opt/airflow/dags/DAG_scraper.py
[2025-09-23T22:33:32.539+0000] {processor.py:830} INFO - Processing file /opt/airflow/dags/DAG_scraper.py for tasks to queue
[2025-09-23T22:33:32.541+0000] {logging_mixin.py:188} INFO - [2025-09-23T22:33:32.541+0000] {dagbag.py:545} INFO - Filling up the DagBag from /opt/airflow/dags/DAG_scraper.py
[2025-09-23T22:33:32.549+0000] {logging_mixin.py:188} INFO - [2025-09-23T22:33:32.548+0000] {dagbag.py:355} ERROR - Failed to import: /opt/airflow/dags/DAG_scraper.py
Traceback (most recent call last):
  File "/home/airflow/.local/lib/python3.10/site-packages/airflow/models/dagbag.py", line 351, in parse
    loader.exec_module(new_module)
  File "<frozen importlib._bootstrap_external>", line 883, in exec_module
  File "<frozen importlib._bootstrap>", line 241, in _call_with_frames_removed
  File "/opt/airflow/dags/DAG_scraper.py", line 10, in <module>
    from ProcessData.DataProcessor import DataProcessor
  File "/opt/airflow/dags/ProcessData/DataProcessor.py", line 6, in <module>
    from geopy.geocoders import Nominatim
ModuleNotFoundError: No module named 'geopy'
[2025-09-23T22:33:32.549+0000] {processor.py:842} WARNING - No viable dags retrieved from /opt/airflow/dags/DAG_scraper.py
[2025-09-23T22:33:32.565+0000] {processor.py:183} INFO - Processing /opt/airflow/dags/DAG_scraper.py took 0.038 seconds
[2025-09-23T22:34:02.861+0000] {processor.py:161} INFO - Started process (PID=76) to work on /opt/airflow/dags/DAG_scraper.py
[2025-09-23T22:34:02.863+0000] {processor.py:830} INFO - Processing file /opt/airflow/dags/DAG_scraper.py for tasks to queue
[2025-09-23T22:34:02.868+0000] {logging_mixin.py:188} INFO - [2025-09-23T22:34:02.867+0000] {dagbag.py:545} INFO - Filling up the DagBag from /opt/airflow/dags/DAG_scraper.py
[2025-09-23T22:34:02.875+0000] {logging_mixin.py:188} INFO - [2025-09-23T22:34:02.874+0000] {dagbag.py:355} ERROR - Failed to import: /opt/airflow/dags/DAG_scraper.py
Traceback (most recent call last):
  File "/home/airflow/.local/lib/python3.10/site-packages/airflow/models/dagbag.py", line 351, in parse
    loader.exec_module(new_module)
  File "<frozen importlib._bootstrap_external>", line 883, in exec_module
  File "<frozen importlib._bootstrap>", line 241, in _call_with_frames_removed
  File "/opt/airflow/dags/DAG_scraper.py", line 10, in <module>
    from ProcessData.DataProcessor import DataProcessor
  File "/opt/airflow/dags/ProcessData/DataProcessor.py", line 6, in <module>
    from geopy.geocoders import Nominatim
ModuleNotFoundError: No module named 'geopy'
[2025-09-23T22:34:02.876+0000] {processor.py:842} WARNING - No viable dags retrieved from /opt/airflow/dags/DAG_scraper.py
[2025-09-23T22:34:02.898+0000] {processor.py:183} INFO - Processing /opt/airflow/dags/DAG_scraper.py took 0.046 seconds
[2025-09-23T22:34:33.198+0000] {processor.py:161} INFO - Started process (PID=77) to work on /opt/airflow/dags/DAG_scraper.py
[2025-09-23T22:34:33.200+0000] {processor.py:830} INFO - Processing file /opt/airflow/dags/DAG_scraper.py for tasks to queue
[2025-09-23T22:34:33.203+0000] {logging_mixin.py:188} INFO - [2025-09-23T22:34:33.203+0000] {dagbag.py:545} INFO - Filling up the DagBag from /opt/airflow/dags/DAG_scraper.py
[2025-09-23T22:34:33.212+0000] {logging_mixin.py:188} INFO - [2025-09-23T22:34:33.211+0000] {dagbag.py:355} ERROR - Failed to import: /opt/airflow/dags/DAG_scraper.py
Traceback (most recent call last):
  File "/home/airflow/.local/lib/python3.10/site-packages/airflow/models/dagbag.py", line 351, in parse
    loader.exec_module(new_module)
  File "<frozen importlib._bootstrap_external>", line 883, in exec_module
  File "<frozen importlib._bootstrap>", line 241, in _call_with_frames_removed
  File "/opt/airflow/dags/DAG_scraper.py", line 10, in <module>
    from ProcessData.DataProcessor import DataProcessor
  File "/opt/airflow/dags/ProcessData/DataProcessor.py", line 6, in <module>
    from geopy.geocoders import Nominatim
ModuleNotFoundError: No module named 'geopy'
[2025-09-23T22:34:33.212+0000] {processor.py:842} WARNING - No viable dags retrieved from /opt/airflow/dags/DAG_scraper.py
[2025-09-23T22:34:33.235+0000] {processor.py:183} INFO - Processing /opt/airflow/dags/DAG_scraper.py took 0.061 seconds
[2025-09-23T22:35:03.487+0000] {processor.py:161} INFO - Started process (PID=78) to work on /opt/airflow/dags/DAG_scraper.py
[2025-09-23T22:35:03.488+0000] {processor.py:830} INFO - Processing file /opt/airflow/dags/DAG_scraper.py for tasks to queue
[2025-09-23T22:35:03.490+0000] {logging_mixin.py:188} INFO - [2025-09-23T22:35:03.490+0000] {dagbag.py:545} INFO - Filling up the DagBag from /opt/airflow/dags/DAG_scraper.py
[2025-09-23T22:35:03.503+0000] {logging_mixin.py:188} INFO - [2025-09-23T22:35:03.501+0000] {dagbag.py:355} ERROR - Failed to import: /opt/airflow/dags/DAG_scraper.py
Traceback (most recent call last):
  File "/home/airflow/.local/lib/python3.10/site-packages/airflow/models/dagbag.py", line 351, in parse
    loader.exec_module(new_module)
  File "<frozen importlib._bootstrap_external>", line 883, in exec_module
  File "<frozen importlib._bootstrap>", line 241, in _call_with_frames_removed
  File "/opt/airflow/dags/DAG_scraper.py", line 10, in <module>
    from ProcessData.DataProcessor import DataProcessor
  File "/opt/airflow/dags/ProcessData/DataProcessor.py", line 6, in <module>
    from geopy.geocoders import Nominatim
ModuleNotFoundError: No module named 'geopy'
[2025-09-23T22:35:03.503+0000] {processor.py:842} WARNING - No viable dags retrieved from /opt/airflow/dags/DAG_scraper.py
[2025-09-23T22:35:03.529+0000] {processor.py:183} INFO - Processing /opt/airflow/dags/DAG_scraper.py took 0.048 seconds
[2025-09-23T22:35:33.898+0000] {processor.py:161} INFO - Started process (PID=79) to work on /opt/airflow/dags/DAG_scraper.py
[2025-09-23T22:35:33.899+0000] {processor.py:830} INFO - Processing file /opt/airflow/dags/DAG_scraper.py for tasks to queue
[2025-09-23T22:35:33.901+0000] {logging_mixin.py:188} INFO - [2025-09-23T22:35:33.901+0000] {dagbag.py:545} INFO - Filling up the DagBag from /opt/airflow/dags/DAG_scraper.py
[2025-09-23T22:35:33.908+0000] {logging_mixin.py:188} INFO - [2025-09-23T22:35:33.907+0000] {dagbag.py:355} ERROR - Failed to import: /opt/airflow/dags/DAG_scraper.py
Traceback (most recent call last):
  File "/home/airflow/.local/lib/python3.10/site-packages/airflow/models/dagbag.py", line 351, in parse
    loader.exec_module(new_module)
  File "<frozen importlib._bootstrap_external>", line 883, in exec_module
  File "<frozen importlib._bootstrap>", line 241, in _call_with_frames_removed
  File "/opt/airflow/dags/DAG_scraper.py", line 10, in <module>
    from ProcessData.DataProcessor import DataProcessor
  File "/opt/airflow/dags/ProcessData/DataProcessor.py", line 6, in <module>
    from geopy.geocoders import Nominatim
ModuleNotFoundError: No module named 'geopy'
[2025-09-23T22:35:33.908+0000] {processor.py:842} WARNING - No viable dags retrieved from /opt/airflow/dags/DAG_scraper.py
[2025-09-23T22:35:33.927+0000] {processor.py:183} INFO - Processing /opt/airflow/dags/DAG_scraper.py took 0.036 seconds
[2025-09-23T22:36:04.156+0000] {processor.py:161} INFO - Started process (PID=80) to work on /opt/airflow/dags/DAG_scraper.py
[2025-09-23T22:36:04.157+0000] {processor.py:830} INFO - Processing file /opt/airflow/dags/DAG_scraper.py for tasks to queue
[2025-09-23T22:36:04.160+0000] {logging_mixin.py:188} INFO - [2025-09-23T22:36:04.159+0000] {dagbag.py:545} INFO - Filling up the DagBag from /opt/airflow/dags/DAG_scraper.py
[2025-09-23T22:36:04.166+0000] {logging_mixin.py:188} INFO - [2025-09-23T22:36:04.165+0000] {dagbag.py:355} ERROR - Failed to import: /opt/airflow/dags/DAG_scraper.py
Traceback (most recent call last):
  File "/home/airflow/.local/lib/python3.10/site-packages/airflow/models/dagbag.py", line 351, in parse
    loader.exec_module(new_module)
  File "<frozen importlib._bootstrap_external>", line 883, in exec_module
  File "<frozen importlib._bootstrap>", line 241, in _call_with_frames_removed
  File "/opt/airflow/dags/DAG_scraper.py", line 10, in <module>
    from ProcessData.DataProcessor import DataProcessor
  File "/opt/airflow/dags/ProcessData/DataProcessor.py", line 6, in <module>
    from geopy.geocoders import Nominatim
ModuleNotFoundError: No module named 'geopy'
[2025-09-23T22:36:04.166+0000] {processor.py:842} WARNING - No viable dags retrieved from /opt/airflow/dags/DAG_scraper.py
[2025-09-23T22:36:04.180+0000] {processor.py:183} INFO - Processing /opt/airflow/dags/DAG_scraper.py took 0.032 seconds
[2025-09-23T22:36:34.531+0000] {processor.py:161} INFO - Started process (PID=81) to work on /opt/airflow/dags/DAG_scraper.py
[2025-09-23T22:36:34.532+0000] {processor.py:830} INFO - Processing file /opt/airflow/dags/DAG_scraper.py for tasks to queue
[2025-09-23T22:36:34.535+0000] {logging_mixin.py:188} INFO - [2025-09-23T22:36:34.534+0000] {dagbag.py:545} INFO - Filling up the DagBag from /opt/airflow/dags/DAG_scraper.py
[2025-09-23T22:36:34.541+0000] {logging_mixin.py:188} INFO - [2025-09-23T22:36:34.540+0000] {dagbag.py:355} ERROR - Failed to import: /opt/airflow/dags/DAG_scraper.py
Traceback (most recent call last):
  File "/home/airflow/.local/lib/python3.10/site-packages/airflow/models/dagbag.py", line 351, in parse
    loader.exec_module(new_module)
  File "<frozen importlib._bootstrap_external>", line 883, in exec_module
  File "<frozen importlib._bootstrap>", line 241, in _call_with_frames_removed
  File "/opt/airflow/dags/DAG_scraper.py", line 10, in <module>
    from ProcessData.DataProcessor import DataProcessor
  File "/opt/airflow/dags/ProcessData/DataProcessor.py", line 6, in <module>
    from geopy.geocoders import Nominatim
ModuleNotFoundError: No module named 'geopy'
[2025-09-23T22:36:34.541+0000] {processor.py:842} WARNING - No viable dags retrieved from /opt/airflow/dags/DAG_scraper.py
[2025-09-23T22:36:34.558+0000] {processor.py:183} INFO - Processing /opt/airflow/dags/DAG_scraper.py took 0.056 seconds
[2025-09-23T22:37:04.860+0000] {processor.py:161} INFO - Started process (PID=82) to work on /opt/airflow/dags/DAG_scraper.py
[2025-09-23T22:37:04.861+0000] {processor.py:830} INFO - Processing file /opt/airflow/dags/DAG_scraper.py for tasks to queue
[2025-09-23T22:37:04.870+0000] {logging_mixin.py:188} INFO - [2025-09-23T22:37:04.869+0000] {dagbag.py:545} INFO - Filling up the DagBag from /opt/airflow/dags/DAG_scraper.py
[2025-09-23T22:37:04.885+0000] {logging_mixin.py:188} INFO - [2025-09-23T22:37:04.884+0000] {dagbag.py:355} ERROR - Failed to import: /opt/airflow/dags/DAG_scraper.py
Traceback (most recent call last):
  File "/home/airflow/.local/lib/python3.10/site-packages/airflow/models/dagbag.py", line 351, in parse
    loader.exec_module(new_module)
  File "<frozen importlib._bootstrap_external>", line 883, in exec_module
  File "<frozen importlib._bootstrap>", line 241, in _call_with_frames_removed
  File "/opt/airflow/dags/DAG_scraper.py", line 10, in <module>
    from ProcessData.DataProcessor import DataProcessor
  File "/opt/airflow/dags/ProcessData/DataProcessor.py", line 6, in <module>
    from geopy.geocoders import Nominatim
ModuleNotFoundError: No module named 'geopy'
[2025-09-23T22:37:04.885+0000] {processor.py:842} WARNING - No viable dags retrieved from /opt/airflow/dags/DAG_scraper.py
[2025-09-23T22:37:04.902+0000] {processor.py:183} INFO - Processing /opt/airflow/dags/DAG_scraper.py took 0.051 seconds
[2025-09-23T22:37:35.186+0000] {processor.py:161} INFO - Started process (PID=83) to work on /opt/airflow/dags/DAG_scraper.py
[2025-09-23T22:37:35.188+0000] {processor.py:830} INFO - Processing file /opt/airflow/dags/DAG_scraper.py for tasks to queue
[2025-09-23T22:37:35.190+0000] {logging_mixin.py:188} INFO - [2025-09-23T22:37:35.190+0000] {dagbag.py:545} INFO - Filling up the DagBag from /opt/airflow/dags/DAG_scraper.py
[2025-09-23T22:37:35.199+0000] {logging_mixin.py:188} INFO - [2025-09-23T22:37:35.197+0000] {dagbag.py:355} ERROR - Failed to import: /opt/airflow/dags/DAG_scraper.py
Traceback (most recent call last):
  File "/home/airflow/.local/lib/python3.10/site-packages/airflow/models/dagbag.py", line 351, in parse
    loader.exec_module(new_module)
  File "<frozen importlib._bootstrap_external>", line 883, in exec_module
  File "<frozen importlib._bootstrap>", line 241, in _call_with_frames_removed
  File "/opt/airflow/dags/DAG_scraper.py", line 10, in <module>
    from ProcessData.DataProcessor import DataProcessor
  File "/opt/airflow/dags/ProcessData/DataProcessor.py", line 6, in <module>
    from geopy.geocoders import Nominatim
ModuleNotFoundError: No module named 'geopy'
[2025-09-23T22:37:35.199+0000] {processor.py:842} WARNING - No viable dags retrieved from /opt/airflow/dags/DAG_scraper.py
[2025-09-23T22:37:35.216+0000] {processor.py:183} INFO - Processing /opt/airflow/dags/DAG_scraper.py took 0.053 seconds
[2025-09-23T22:38:05.480+0000] {processor.py:161} INFO - Started process (PID=84) to work on /opt/airflow/dags/DAG_scraper.py
[2025-09-23T22:38:05.481+0000] {processor.py:830} INFO - Processing file /opt/airflow/dags/DAG_scraper.py for tasks to queue
[2025-09-23T22:38:05.484+0000] {logging_mixin.py:188} INFO - [2025-09-23T22:38:05.483+0000] {dagbag.py:545} INFO - Filling up the DagBag from /opt/airflow/dags/DAG_scraper.py
[2025-09-23T22:38:05.491+0000] {logging_mixin.py:188} INFO - [2025-09-23T22:38:05.490+0000] {dagbag.py:355} ERROR - Failed to import: /opt/airflow/dags/DAG_scraper.py
Traceback (most recent call last):
  File "/home/airflow/.local/lib/python3.10/site-packages/airflow/models/dagbag.py", line 351, in parse
    loader.exec_module(new_module)
  File "<frozen importlib._bootstrap_external>", line 883, in exec_module
  File "<frozen importlib._bootstrap>", line 241, in _call_with_frames_removed
  File "/opt/airflow/dags/DAG_scraper.py", line 10, in <module>
    from ProcessData.DataProcessor import DataProcessor
  File "/opt/airflow/dags/ProcessData/DataProcessor.py", line 6, in <module>
    from geopy.geocoders import Nominatim
ModuleNotFoundError: No module named 'geopy'
[2025-09-23T22:38:05.491+0000] {processor.py:842} WARNING - No viable dags retrieved from /opt/airflow/dags/DAG_scraper.py
[2025-09-23T22:38:05.505+0000] {processor.py:183} INFO - Processing /opt/airflow/dags/DAG_scraper.py took 0.033 seconds
[2025-09-23T22:38:35.805+0000] {processor.py:161} INFO - Started process (PID=85) to work on /opt/airflow/dags/DAG_scraper.py
[2025-09-23T22:38:35.806+0000] {processor.py:830} INFO - Processing file /opt/airflow/dags/DAG_scraper.py for tasks to queue
[2025-09-23T22:38:35.809+0000] {logging_mixin.py:188} INFO - [2025-09-23T22:38:35.809+0000] {dagbag.py:545} INFO - Filling up the DagBag from /opt/airflow/dags/DAG_scraper.py
[2025-09-23T22:38:35.827+0000] {logging_mixin.py:188} INFO - [2025-09-23T22:38:35.825+0000] {dagbag.py:355} ERROR - Failed to import: /opt/airflow/dags/DAG_scraper.py
Traceback (most recent call last):
  File "/home/airflow/.local/lib/python3.10/site-packages/airflow/models/dagbag.py", line 351, in parse
    loader.exec_module(new_module)
  File "<frozen importlib._bootstrap_external>", line 883, in exec_module
  File "<frozen importlib._bootstrap>", line 241, in _call_with_frames_removed
  File "/opt/airflow/dags/DAG_scraper.py", line 10, in <module>
    from ProcessData.DataProcessor import DataProcessor
  File "/opt/airflow/dags/ProcessData/DataProcessor.py", line 6, in <module>
    from geopy.geocoders import Nominatim
ModuleNotFoundError: No module named 'geopy'
[2025-09-23T22:38:35.827+0000] {processor.py:842} WARNING - No viable dags retrieved from /opt/airflow/dags/DAG_scraper.py
[2025-09-23T22:38:35.853+0000] {processor.py:183} INFO - Processing /opt/airflow/dags/DAG_scraper.py took 0.057 seconds
[2025-09-23T22:39:06.113+0000] {processor.py:161} INFO - Started process (PID=86) to work on /opt/airflow/dags/DAG_scraper.py
[2025-09-23T22:39:06.114+0000] {processor.py:830} INFO - Processing file /opt/airflow/dags/DAG_scraper.py for tasks to queue
[2025-09-23T22:39:06.116+0000] {logging_mixin.py:188} INFO - [2025-09-23T22:39:06.115+0000] {dagbag.py:545} INFO - Filling up the DagBag from /opt/airflow/dags/DAG_scraper.py
[2025-09-23T22:39:06.123+0000] {logging_mixin.py:188} INFO - [2025-09-23T22:39:06.122+0000] {dagbag.py:355} ERROR - Failed to import: /opt/airflow/dags/DAG_scraper.py
Traceback (most recent call last):
  File "/home/airflow/.local/lib/python3.10/site-packages/airflow/models/dagbag.py", line 351, in parse
    loader.exec_module(new_module)
  File "<frozen importlib._bootstrap_external>", line 883, in exec_module
  File "<frozen importlib._bootstrap>", line 241, in _call_with_frames_removed
  File "/opt/airflow/dags/DAG_scraper.py", line 10, in <module>
    from ProcessData.DataProcessor import DataProcessor
  File "/opt/airflow/dags/ProcessData/DataProcessor.py", line 6, in <module>
    from geopy.geocoders import Nominatim
ModuleNotFoundError: No module named 'geopy'
[2025-09-23T22:39:06.123+0000] {processor.py:842} WARNING - No viable dags retrieved from /opt/airflow/dags/DAG_scraper.py
[2025-09-23T22:39:06.138+0000] {processor.py:183} INFO - Processing /opt/airflow/dags/DAG_scraper.py took 0.033 seconds
[2025-09-23T22:39:36.437+0000] {processor.py:161} INFO - Started process (PID=87) to work on /opt/airflow/dags/DAG_scraper.py
[2025-09-23T22:39:36.442+0000] {processor.py:830} INFO - Processing file /opt/airflow/dags/DAG_scraper.py for tasks to queue
[2025-09-23T22:39:36.448+0000] {logging_mixin.py:188} INFO - [2025-09-23T22:39:36.448+0000] {dagbag.py:545} INFO - Filling up the DagBag from /opt/airflow/dags/DAG_scraper.py
[2025-09-23T22:39:36.456+0000] {logging_mixin.py:188} INFO - [2025-09-23T22:39:36.455+0000] {dagbag.py:355} ERROR - Failed to import: /opt/airflow/dags/DAG_scraper.py
Traceback (most recent call last):
  File "/home/airflow/.local/lib/python3.10/site-packages/airflow/models/dagbag.py", line 351, in parse
    loader.exec_module(new_module)
  File "<frozen importlib._bootstrap_external>", line 883, in exec_module
  File "<frozen importlib._bootstrap>", line 241, in _call_with_frames_removed
  File "/opt/airflow/dags/DAG_scraper.py", line 10, in <module>
    from ProcessData.DataProcessor import DataProcessor
  File "/opt/airflow/dags/ProcessData/DataProcessor.py", line 6, in <module>
    from geopy.geocoders import Nominatim
ModuleNotFoundError: No module named 'geopy'
[2025-09-23T22:39:36.456+0000] {processor.py:842} WARNING - No viable dags retrieved from /opt/airflow/dags/DAG_scraper.py
[2025-09-23T22:39:36.475+0000] {processor.py:183} INFO - Processing /opt/airflow/dags/DAG_scraper.py took 0.055 seconds
[2025-09-23T22:40:06.761+0000] {processor.py:161} INFO - Started process (PID=88) to work on /opt/airflow/dags/DAG_scraper.py
[2025-09-23T22:40:06.762+0000] {processor.py:830} INFO - Processing file /opt/airflow/dags/DAG_scraper.py for tasks to queue
[2025-09-23T22:40:06.764+0000] {logging_mixin.py:188} INFO - [2025-09-23T22:40:06.764+0000] {dagbag.py:545} INFO - Filling up the DagBag from /opt/airflow/dags/DAG_scraper.py
[2025-09-23T22:40:06.771+0000] {logging_mixin.py:188} INFO - [2025-09-23T22:40:06.770+0000] {dagbag.py:355} ERROR - Failed to import: /opt/airflow/dags/DAG_scraper.py
Traceback (most recent call last):
  File "/home/airflow/.local/lib/python3.10/site-packages/airflow/models/dagbag.py", line 351, in parse
    loader.exec_module(new_module)
  File "<frozen importlib._bootstrap_external>", line 883, in exec_module
  File "<frozen importlib._bootstrap>", line 241, in _call_with_frames_removed
  File "/opt/airflow/dags/DAG_scraper.py", line 10, in <module>
    from ProcessData.DataProcessor import DataProcessor
  File "/opt/airflow/dags/ProcessData/DataProcessor.py", line 6, in <module>
    from geopy.geocoders import Nominatim
ModuleNotFoundError: No module named 'geopy'
[2025-09-23T22:40:06.771+0000] {processor.py:842} WARNING - No viable dags retrieved from /opt/airflow/dags/DAG_scraper.py
[2025-09-23T22:40:06.787+0000] {processor.py:183} INFO - Processing /opt/airflow/dags/DAG_scraper.py took 0.058 seconds
[2025-09-23T22:40:37.171+0000] {processor.py:161} INFO - Started process (PID=89) to work on /opt/airflow/dags/DAG_scraper.py
[2025-09-23T22:40:37.172+0000] {processor.py:830} INFO - Processing file /opt/airflow/dags/DAG_scraper.py for tasks to queue
[2025-09-23T22:40:37.175+0000] {logging_mixin.py:188} INFO - [2025-09-23T22:40:37.174+0000] {dagbag.py:545} INFO - Filling up the DagBag from /opt/airflow/dags/DAG_scraper.py
[2025-09-23T22:40:37.182+0000] {logging_mixin.py:188} INFO - [2025-09-23T22:40:37.181+0000] {dagbag.py:355} ERROR - Failed to import: /opt/airflow/dags/DAG_scraper.py
Traceback (most recent call last):
  File "/home/airflow/.local/lib/python3.10/site-packages/airflow/models/dagbag.py", line 351, in parse
    loader.exec_module(new_module)
  File "<frozen importlib._bootstrap_external>", line 883, in exec_module
  File "<frozen importlib._bootstrap>", line 241, in _call_with_frames_removed
  File "/opt/airflow/dags/DAG_scraper.py", line 10, in <module>
    from ProcessData.DataProcessor import DataProcessor
  File "/opt/airflow/dags/ProcessData/DataProcessor.py", line 6, in <module>
    from geopy.geocoders import Nominatim
ModuleNotFoundError: No module named 'geopy'
[2025-09-23T22:40:37.182+0000] {processor.py:842} WARNING - No viable dags retrieved from /opt/airflow/dags/DAG_scraper.py
[2025-09-23T22:40:37.207+0000] {processor.py:183} INFO - Processing /opt/airflow/dags/DAG_scraper.py took 0.046 seconds
[2025-09-23T22:41:07.481+0000] {processor.py:161} INFO - Started process (PID=90) to work on /opt/airflow/dags/DAG_scraper.py
[2025-09-23T22:41:07.481+0000] {processor.py:830} INFO - Processing file /opt/airflow/dags/DAG_scraper.py for tasks to queue
[2025-09-23T22:41:07.484+0000] {logging_mixin.py:188} INFO - [2025-09-23T22:41:07.484+0000] {dagbag.py:545} INFO - Filling up the DagBag from /opt/airflow/dags/DAG_scraper.py
[2025-09-23T22:41:07.493+0000] {logging_mixin.py:188} INFO - [2025-09-23T22:41:07.492+0000] {dagbag.py:355} ERROR - Failed to import: /opt/airflow/dags/DAG_scraper.py
Traceback (most recent call last):
  File "/home/airflow/.local/lib/python3.10/site-packages/airflow/models/dagbag.py", line 351, in parse
    loader.exec_module(new_module)
  File "<frozen importlib._bootstrap_external>", line 883, in exec_module
  File "<frozen importlib._bootstrap>", line 241, in _call_with_frames_removed
  File "/opt/airflow/dags/DAG_scraper.py", line 10, in <module>
    from ProcessData.DataProcessor import DataProcessor
  File "/opt/airflow/dags/ProcessData/DataProcessor.py", line 6, in <module>
    from geopy.geocoders import Nominatim
ModuleNotFoundError: No module named 'geopy'
[2025-09-23T22:41:07.493+0000] {processor.py:842} WARNING - No viable dags retrieved from /opt/airflow/dags/DAG_scraper.py
[2025-09-23T22:41:07.510+0000] {processor.py:183} INFO - Processing /opt/airflow/dags/DAG_scraper.py took 0.038 seconds
[2025-09-23T22:41:37.790+0000] {processor.py:161} INFO - Started process (PID=91) to work on /opt/airflow/dags/DAG_scraper.py
[2025-09-23T22:41:37.792+0000] {processor.py:830} INFO - Processing file /opt/airflow/dags/DAG_scraper.py for tasks to queue
[2025-09-23T22:41:37.795+0000] {logging_mixin.py:188} INFO - [2025-09-23T22:41:37.794+0000] {dagbag.py:545} INFO - Filling up the DagBag from /opt/airflow/dags/DAG_scraper.py
[2025-09-23T22:41:37.803+0000] {logging_mixin.py:188} INFO - [2025-09-23T22:41:37.802+0000] {dagbag.py:355} ERROR - Failed to import: /opt/airflow/dags/DAG_scraper.py
Traceback (most recent call last):
  File "/home/airflow/.local/lib/python3.10/site-packages/airflow/models/dagbag.py", line 351, in parse
    loader.exec_module(new_module)
  File "<frozen importlib._bootstrap_external>", line 883, in exec_module
  File "<frozen importlib._bootstrap>", line 241, in _call_with_frames_removed
  File "/opt/airflow/dags/DAG_scraper.py", line 10, in <module>
    from ProcessData.DataProcessor import DataProcessor
  File "/opt/airflow/dags/ProcessData/DataProcessor.py", line 6, in <module>
    from geopy.geocoders import Nominatim
ModuleNotFoundError: No module named 'geopy'
[2025-09-23T22:41:37.804+0000] {processor.py:842} WARNING - No viable dags retrieved from /opt/airflow/dags/DAG_scraper.py
[2025-09-23T22:41:37.819+0000] {processor.py:183} INFO - Processing /opt/airflow/dags/DAG_scraper.py took 0.038 seconds
[2025-09-23T22:42:08.104+0000] {processor.py:161} INFO - Started process (PID=92) to work on /opt/airflow/dags/DAG_scraper.py
[2025-09-23T22:42:08.106+0000] {processor.py:830} INFO - Processing file /opt/airflow/dags/DAG_scraper.py for tasks to queue
[2025-09-23T22:42:08.110+0000] {logging_mixin.py:188} INFO - [2025-09-23T22:42:08.109+0000] {dagbag.py:545} INFO - Filling up the DagBag from /opt/airflow/dags/DAG_scraper.py
[2025-09-23T22:42:08.118+0000] {logging_mixin.py:188} INFO - [2025-09-23T22:42:08.117+0000] {dagbag.py:355} ERROR - Failed to import: /opt/airflow/dags/DAG_scraper.py
Traceback (most recent call last):
  File "/home/airflow/.local/lib/python3.10/site-packages/airflow/models/dagbag.py", line 351, in parse
    loader.exec_module(new_module)
  File "<frozen importlib._bootstrap_external>", line 883, in exec_module
  File "<frozen importlib._bootstrap>", line 241, in _call_with_frames_removed
  File "/opt/airflow/dags/DAG_scraper.py", line 10, in <module>
    from ProcessData.DataProcessor import DataProcessor
  File "/opt/airflow/dags/ProcessData/DataProcessor.py", line 6, in <module>
    from geopy.geocoders import Nominatim
ModuleNotFoundError: No module named 'geopy'
[2025-09-23T22:42:08.118+0000] {processor.py:842} WARNING - No viable dags retrieved from /opt/airflow/dags/DAG_scraper.py
[2025-09-23T22:42:08.134+0000] {processor.py:183} INFO - Processing /opt/airflow/dags/DAG_scraper.py took 0.043 seconds
[2025-09-23T22:42:38.411+0000] {processor.py:161} INFO - Started process (PID=93) to work on /opt/airflow/dags/DAG_scraper.py
[2025-09-23T22:42:38.412+0000] {processor.py:830} INFO - Processing file /opt/airflow/dags/DAG_scraper.py for tasks to queue
[2025-09-23T22:42:38.414+0000] {logging_mixin.py:188} INFO - [2025-09-23T22:42:38.414+0000] {dagbag.py:545} INFO - Filling up the DagBag from /opt/airflow/dags/DAG_scraper.py
[2025-09-23T22:42:38.420+0000] {logging_mixin.py:188} INFO - [2025-09-23T22:42:38.419+0000] {dagbag.py:355} ERROR - Failed to import: /opt/airflow/dags/DAG_scraper.py
Traceback (most recent call last):
  File "/home/airflow/.local/lib/python3.10/site-packages/airflow/models/dagbag.py", line 351, in parse
    loader.exec_module(new_module)
  File "<frozen importlib._bootstrap_external>", line 883, in exec_module
  File "<frozen importlib._bootstrap>", line 241, in _call_with_frames_removed
  File "/opt/airflow/dags/DAG_scraper.py", line 10, in <module>
    from ProcessData.DataProcessor import DataProcessor
  File "/opt/airflow/dags/ProcessData/DataProcessor.py", line 6, in <module>
    from geopy.geocoders import Nominatim
ModuleNotFoundError: No module named 'geopy'
[2025-09-23T22:42:38.420+0000] {processor.py:842} WARNING - No viable dags retrieved from /opt/airflow/dags/DAG_scraper.py
[2025-09-23T22:42:38.440+0000] {processor.py:183} INFO - Processing /opt/airflow/dags/DAG_scraper.py took 0.036 seconds
[2025-09-23T22:43:08.700+0000] {processor.py:161} INFO - Started process (PID=94) to work on /opt/airflow/dags/DAG_scraper.py
[2025-09-23T22:43:08.701+0000] {processor.py:830} INFO - Processing file /opt/airflow/dags/DAG_scraper.py for tasks to queue
[2025-09-23T22:43:08.704+0000] {logging_mixin.py:188} INFO - [2025-09-23T22:43:08.704+0000] {dagbag.py:545} INFO - Filling up the DagBag from /opt/airflow/dags/DAG_scraper.py
[2025-09-23T22:43:08.711+0000] {logging_mixin.py:188} INFO - [2025-09-23T22:43:08.710+0000] {dagbag.py:355} ERROR - Failed to import: /opt/airflow/dags/DAG_scraper.py
Traceback (most recent call last):
  File "/home/airflow/.local/lib/python3.10/site-packages/airflow/models/dagbag.py", line 351, in parse
    loader.exec_module(new_module)
  File "<frozen importlib._bootstrap_external>", line 883, in exec_module
  File "<frozen importlib._bootstrap>", line 241, in _call_with_frames_removed
  File "/opt/airflow/dags/DAG_scraper.py", line 10, in <module>
    from ProcessData.DataProcessor import DataProcessor
  File "/opt/airflow/dags/ProcessData/DataProcessor.py", line 6, in <module>
    from geopy.geocoders import Nominatim
ModuleNotFoundError: No module named 'geopy'
[2025-09-23T22:43:08.711+0000] {processor.py:842} WARNING - No viable dags retrieved from /opt/airflow/dags/DAG_scraper.py
[2025-09-23T22:43:08.734+0000] {processor.py:183} INFO - Processing /opt/airflow/dags/DAG_scraper.py took 0.043 seconds
[2025-09-23T22:43:38.993+0000] {processor.py:161} INFO - Started process (PID=95) to work on /opt/airflow/dags/DAG_scraper.py
[2025-09-23T22:43:38.994+0000] {processor.py:830} INFO - Processing file /opt/airflow/dags/DAG_scraper.py for tasks to queue
[2025-09-23T22:43:38.997+0000] {logging_mixin.py:188} INFO - [2025-09-23T22:43:38.996+0000] {dagbag.py:545} INFO - Filling up the DagBag from /opt/airflow/dags/DAG_scraper.py
[2025-09-23T22:43:39.002+0000] {logging_mixin.py:188} INFO - [2025-09-23T22:43:39.002+0000] {dagbag.py:355} ERROR - Failed to import: /opt/airflow/dags/DAG_scraper.py
Traceback (most recent call last):
  File "/home/airflow/.local/lib/python3.10/site-packages/airflow/models/dagbag.py", line 351, in parse
    loader.exec_module(new_module)
  File "<frozen importlib._bootstrap_external>", line 883, in exec_module
  File "<frozen importlib._bootstrap>", line 241, in _call_with_frames_removed
  File "/opt/airflow/dags/DAG_scraper.py", line 10, in <module>
    from ProcessData.DataProcessor import DataProcessor
  File "/opt/airflow/dags/ProcessData/DataProcessor.py", line 6, in <module>
    from geopy.geocoders import Nominatim
ModuleNotFoundError: No module named 'geopy'
[2025-09-23T22:43:39.003+0000] {processor.py:842} WARNING - No viable dags retrieved from /opt/airflow/dags/DAG_scraper.py
[2025-09-23T22:43:39.018+0000] {processor.py:183} INFO - Processing /opt/airflow/dags/DAG_scraper.py took 0.032 seconds
[2025-09-23T22:44:09.247+0000] {processor.py:161} INFO - Started process (PID=96) to work on /opt/airflow/dags/DAG_scraper.py
[2025-09-23T22:44:09.248+0000] {processor.py:830} INFO - Processing file /opt/airflow/dags/DAG_scraper.py for tasks to queue
[2025-09-23T22:44:09.250+0000] {logging_mixin.py:188} INFO - [2025-09-23T22:44:09.250+0000] {dagbag.py:545} INFO - Filling up the DagBag from /opt/airflow/dags/DAG_scraper.py
[2025-09-23T22:44:09.256+0000] {logging_mixin.py:188} INFO - [2025-09-23T22:44:09.255+0000] {dagbag.py:355} ERROR - Failed to import: /opt/airflow/dags/DAG_scraper.py
Traceback (most recent call last):
  File "/home/airflow/.local/lib/python3.10/site-packages/airflow/models/dagbag.py", line 351, in parse
    loader.exec_module(new_module)
  File "<frozen importlib._bootstrap_external>", line 883, in exec_module
  File "<frozen importlib._bootstrap>", line 241, in _call_with_frames_removed
  File "/opt/airflow/dags/DAG_scraper.py", line 10, in <module>
    from ProcessData.DataProcessor import DataProcessor
  File "/opt/airflow/dags/ProcessData/DataProcessor.py", line 6, in <module>
    from geopy.geocoders import Nominatim
ModuleNotFoundError: No module named 'geopy'
[2025-09-23T22:44:09.256+0000] {processor.py:842} WARNING - No viable dags retrieved from /opt/airflow/dags/DAG_scraper.py
[2025-09-23T22:44:09.269+0000] {processor.py:183} INFO - Processing /opt/airflow/dags/DAG_scraper.py took 0.029 seconds
[2025-09-23T22:44:39.557+0000] {processor.py:161} INFO - Started process (PID=97) to work on /opt/airflow/dags/DAG_scraper.py
[2025-09-23T22:44:39.558+0000] {processor.py:830} INFO - Processing file /opt/airflow/dags/DAG_scraper.py for tasks to queue
[2025-09-23T22:44:39.561+0000] {logging_mixin.py:188} INFO - [2025-09-23T22:44:39.560+0000] {dagbag.py:545} INFO - Filling up the DagBag from /opt/airflow/dags/DAG_scraper.py
[2025-09-23T22:44:39.567+0000] {logging_mixin.py:188} INFO - [2025-09-23T22:44:39.567+0000] {dagbag.py:355} ERROR - Failed to import: /opt/airflow/dags/DAG_scraper.py
Traceback (most recent call last):
  File "/home/airflow/.local/lib/python3.10/site-packages/airflow/models/dagbag.py", line 351, in parse
    loader.exec_module(new_module)
  File "<frozen importlib._bootstrap_external>", line 883, in exec_module
  File "<frozen importlib._bootstrap>", line 241, in _call_with_frames_removed
  File "/opt/airflow/dags/DAG_scraper.py", line 10, in <module>
    from ProcessData.DataProcessor import DataProcessor
  File "/opt/airflow/dags/ProcessData/DataProcessor.py", line 6, in <module>
    from geopy.geocoders import Nominatim
ModuleNotFoundError: No module named 'geopy'
[2025-09-23T22:44:39.568+0000] {processor.py:842} WARNING - No viable dags retrieved from /opt/airflow/dags/DAG_scraper.py
[2025-09-23T22:44:39.589+0000] {processor.py:183} INFO - Processing /opt/airflow/dags/DAG_scraper.py took 0.045 seconds
[2025-09-23T22:45:09.783+0000] {processor.py:161} INFO - Started process (PID=98) to work on /opt/airflow/dags/DAG_scraper.py
[2025-09-23T22:45:09.784+0000] {processor.py:830} INFO - Processing file /opt/airflow/dags/DAG_scraper.py for tasks to queue
[2025-09-23T22:45:09.786+0000] {logging_mixin.py:188} INFO - [2025-09-23T22:45:09.786+0000] {dagbag.py:545} INFO - Filling up the DagBag from /opt/airflow/dags/DAG_scraper.py
[2025-09-23T22:45:09.792+0000] {logging_mixin.py:188} INFO - [2025-09-23T22:45:09.791+0000] {dagbag.py:355} ERROR - Failed to import: /opt/airflow/dags/DAG_scraper.py
Traceback (most recent call last):
  File "/home/airflow/.local/lib/python3.10/site-packages/airflow/models/dagbag.py", line 351, in parse
    loader.exec_module(new_module)
  File "<frozen importlib._bootstrap_external>", line 883, in exec_module
  File "<frozen importlib._bootstrap>", line 241, in _call_with_frames_removed
  File "/opt/airflow/dags/DAG_scraper.py", line 10, in <module>
    from ProcessData.DataProcessor import DataProcessor
  File "/opt/airflow/dags/ProcessData/DataProcessor.py", line 6, in <module>
    from geopy.geocoders import Nominatim
ModuleNotFoundError: No module named 'geopy'
[2025-09-23T22:45:09.793+0000] {processor.py:842} WARNING - No viable dags retrieved from /opt/airflow/dags/DAG_scraper.py
[2025-09-23T22:45:09.812+0000] {processor.py:183} INFO - Processing /opt/airflow/dags/DAG_scraper.py took 0.037 seconds
[2025-09-23T22:45:40.105+0000] {processor.py:161} INFO - Started process (PID=99) to work on /opt/airflow/dags/DAG_scraper.py
[2025-09-23T22:45:40.106+0000] {processor.py:830} INFO - Processing file /opt/airflow/dags/DAG_scraper.py for tasks to queue
[2025-09-23T22:45:40.109+0000] {logging_mixin.py:188} INFO - [2025-09-23T22:45:40.109+0000] {dagbag.py:545} INFO - Filling up the DagBag from /opt/airflow/dags/DAG_scraper.py
[2025-09-23T22:45:40.118+0000] {logging_mixin.py:188} INFO - [2025-09-23T22:45:40.116+0000] {dagbag.py:355} ERROR - Failed to import: /opt/airflow/dags/DAG_scraper.py
Traceback (most recent call last):
  File "/home/airflow/.local/lib/python3.10/site-packages/airflow/models/dagbag.py", line 351, in parse
    loader.exec_module(new_module)
  File "<frozen importlib._bootstrap_external>", line 883, in exec_module
  File "<frozen importlib._bootstrap>", line 241, in _call_with_frames_removed
  File "/opt/airflow/dags/DAG_scraper.py", line 10, in <module>
    from ProcessData.DataProcessor import DataProcessor
  File "/opt/airflow/dags/ProcessData/DataProcessor.py", line 6, in <module>
    from geopy.geocoders import Nominatim
ModuleNotFoundError: No module named 'geopy'
[2025-09-23T22:45:40.118+0000] {processor.py:842} WARNING - No viable dags retrieved from /opt/airflow/dags/DAG_scraper.py
[2025-09-23T22:45:40.137+0000] {processor.py:183} INFO - Processing /opt/airflow/dags/DAG_scraper.py took 0.041 seconds
[2025-09-23T22:46:10.402+0000] {processor.py:161} INFO - Started process (PID=100) to work on /opt/airflow/dags/DAG_scraper.py
[2025-09-23T22:46:10.403+0000] {processor.py:830} INFO - Processing file /opt/airflow/dags/DAG_scraper.py for tasks to queue
[2025-09-23T22:46:10.406+0000] {logging_mixin.py:188} INFO - [2025-09-23T22:46:10.405+0000] {dagbag.py:545} INFO - Filling up the DagBag from /opt/airflow/dags/DAG_scraper.py
[2025-09-23T22:46:10.413+0000] {logging_mixin.py:188} INFO - [2025-09-23T22:46:10.412+0000] {dagbag.py:355} ERROR - Failed to import: /opt/airflow/dags/DAG_scraper.py
Traceback (most recent call last):
  File "/home/airflow/.local/lib/python3.10/site-packages/airflow/models/dagbag.py", line 351, in parse
    loader.exec_module(new_module)
  File "<frozen importlib._bootstrap_external>", line 883, in exec_module
  File "<frozen importlib._bootstrap>", line 241, in _call_with_frames_removed
  File "/opt/airflow/dags/DAG_scraper.py", line 10, in <module>
    from ProcessData.DataProcessor import DataProcessor
  File "/opt/airflow/dags/ProcessData/DataProcessor.py", line 6, in <module>
    from geopy.geocoders import Nominatim
ModuleNotFoundError: No module named 'geopy'
[2025-09-23T22:46:10.413+0000] {processor.py:842} WARNING - No viable dags retrieved from /opt/airflow/dags/DAG_scraper.py
[2025-09-23T22:46:10.432+0000] {processor.py:183} INFO - Processing /opt/airflow/dags/DAG_scraper.py took 0.045 seconds
[2025-09-23T22:46:40.697+0000] {processor.py:161} INFO - Started process (PID=101) to work on /opt/airflow/dags/DAG_scraper.py
[2025-09-23T22:46:40.699+0000] {processor.py:830} INFO - Processing file /opt/airflow/dags/DAG_scraper.py for tasks to queue
[2025-09-23T22:46:40.702+0000] {logging_mixin.py:188} INFO - [2025-09-23T22:46:40.701+0000] {dagbag.py:545} INFO - Filling up the DagBag from /opt/airflow/dags/DAG_scraper.py
[2025-09-23T22:46:40.709+0000] {logging_mixin.py:188} INFO - [2025-09-23T22:46:40.708+0000] {dagbag.py:355} ERROR - Failed to import: /opt/airflow/dags/DAG_scraper.py
Traceback (most recent call last):
  File "/home/airflow/.local/lib/python3.10/site-packages/airflow/models/dagbag.py", line 351, in parse
    loader.exec_module(new_module)
  File "<frozen importlib._bootstrap_external>", line 883, in exec_module
  File "<frozen importlib._bootstrap>", line 241, in _call_with_frames_removed
  File "/opt/airflow/dags/DAG_scraper.py", line 10, in <module>
    from ProcessData.DataProcessor import DataProcessor
  File "/opt/airflow/dags/ProcessData/DataProcessor.py", line 6, in <module>
    from geopy.geocoders import Nominatim
ModuleNotFoundError: No module named 'geopy'
[2025-09-23T22:46:40.710+0000] {processor.py:842} WARNING - No viable dags retrieved from /opt/airflow/dags/DAG_scraper.py
[2025-09-23T22:46:40.727+0000] {processor.py:183} INFO - Processing /opt/airflow/dags/DAG_scraper.py took 0.039 seconds
[2025-09-23T22:47:10.997+0000] {processor.py:161} INFO - Started process (PID=102) to work on /opt/airflow/dags/DAG_scraper.py
[2025-09-23T22:47:10.998+0000] {processor.py:830} INFO - Processing file /opt/airflow/dags/DAG_scraper.py for tasks to queue
[2025-09-23T22:47:11.000+0000] {logging_mixin.py:188} INFO - [2025-09-23T22:47:11.000+0000] {dagbag.py:545} INFO - Filling up the DagBag from /opt/airflow/dags/DAG_scraper.py
[2025-09-23T22:47:11.007+0000] {logging_mixin.py:188} INFO - [2025-09-23T22:47:11.006+0000] {dagbag.py:355} ERROR - Failed to import: /opt/airflow/dags/DAG_scraper.py
Traceback (most recent call last):
  File "/home/airflow/.local/lib/python3.10/site-packages/airflow/models/dagbag.py", line 351, in parse
    loader.exec_module(new_module)
  File "<frozen importlib._bootstrap_external>", line 883, in exec_module
  File "<frozen importlib._bootstrap>", line 241, in _call_with_frames_removed
  File "/opt/airflow/dags/DAG_scraper.py", line 10, in <module>
    from ProcessData.DataProcessor import DataProcessor
  File "/opt/airflow/dags/ProcessData/DataProcessor.py", line 6, in <module>
    from geopy.geocoders import Nominatim
ModuleNotFoundError: No module named 'geopy'
[2025-09-23T22:47:11.008+0000] {processor.py:842} WARNING - No viable dags retrieved from /opt/airflow/dags/DAG_scraper.py
[2025-09-23T22:47:11.023+0000] {processor.py:183} INFO - Processing /opt/airflow/dags/DAG_scraper.py took 0.033 seconds
[2025-09-23T22:47:41.262+0000] {processor.py:161} INFO - Started process (PID=103) to work on /opt/airflow/dags/DAG_scraper.py
[2025-09-23T22:47:41.264+0000] {processor.py:830} INFO - Processing file /opt/airflow/dags/DAG_scraper.py for tasks to queue
[2025-09-23T22:47:41.266+0000] {logging_mixin.py:188} INFO - [2025-09-23T22:47:41.266+0000] {dagbag.py:545} INFO - Filling up the DagBag from /opt/airflow/dags/DAG_scraper.py
[2025-09-23T22:47:41.273+0000] {logging_mixin.py:188} INFO - [2025-09-23T22:47:41.272+0000] {dagbag.py:355} ERROR - Failed to import: /opt/airflow/dags/DAG_scraper.py
Traceback (most recent call last):
  File "/home/airflow/.local/lib/python3.10/site-packages/airflow/models/dagbag.py", line 351, in parse
    loader.exec_module(new_module)
  File "<frozen importlib._bootstrap_external>", line 883, in exec_module
  File "<frozen importlib._bootstrap>", line 241, in _call_with_frames_removed
  File "/opt/airflow/dags/DAG_scraper.py", line 10, in <module>
    from ProcessData.DataProcessor import DataProcessor
  File "/opt/airflow/dags/ProcessData/DataProcessor.py", line 6, in <module>
    from geopy.geocoders import Nominatim
ModuleNotFoundError: No module named 'geopy'
[2025-09-23T22:47:41.274+0000] {processor.py:842} WARNING - No viable dags retrieved from /opt/airflow/dags/DAG_scraper.py
[2025-09-23T22:47:41.305+0000] {processor.py:183} INFO - Processing /opt/airflow/dags/DAG_scraper.py took 0.051 seconds
[2025-09-23T22:48:11.556+0000] {processor.py:161} INFO - Started process (PID=104) to work on /opt/airflow/dags/DAG_scraper.py
[2025-09-23T22:48:11.557+0000] {processor.py:830} INFO - Processing file /opt/airflow/dags/DAG_scraper.py for tasks to queue
[2025-09-23T22:48:11.560+0000] {logging_mixin.py:188} INFO - [2025-09-23T22:48:11.560+0000] {dagbag.py:545} INFO - Filling up the DagBag from /opt/airflow/dags/DAG_scraper.py
[2025-09-23T22:48:11.567+0000] {logging_mixin.py:188} INFO - [2025-09-23T22:48:11.566+0000] {dagbag.py:355} ERROR - Failed to import: /opt/airflow/dags/DAG_scraper.py
Traceback (most recent call last):
  File "/home/airflow/.local/lib/python3.10/site-packages/airflow/models/dagbag.py", line 351, in parse
    loader.exec_module(new_module)
  File "<frozen importlib._bootstrap_external>", line 883, in exec_module
  File "<frozen importlib._bootstrap>", line 241, in _call_with_frames_removed
  File "/opt/airflow/dags/DAG_scraper.py", line 10, in <module>
    from ProcessData.DataProcessor import DataProcessor
  File "/opt/airflow/dags/ProcessData/DataProcessor.py", line 6, in <module>
    from geopy.geocoders import Nominatim
ModuleNotFoundError: No module named 'geopy'
[2025-09-23T22:48:11.567+0000] {processor.py:842} WARNING - No viable dags retrieved from /opt/airflow/dags/DAG_scraper.py
[2025-09-23T22:48:11.584+0000] {processor.py:183} INFO - Processing /opt/airflow/dags/DAG_scraper.py took 0.036 seconds
[2025-09-23T22:48:41.869+0000] {processor.py:161} INFO - Started process (PID=105) to work on /opt/airflow/dags/DAG_scraper.py
[2025-09-23T22:48:41.878+0000] {processor.py:830} INFO - Processing file /opt/airflow/dags/DAG_scraper.py for tasks to queue
[2025-09-23T22:48:41.885+0000] {logging_mixin.py:188} INFO - [2025-09-23T22:48:41.884+0000] {dagbag.py:545} INFO - Filling up the DagBag from /opt/airflow/dags/DAG_scraper.py
[2025-09-23T22:48:41.891+0000] {logging_mixin.py:188} INFO - [2025-09-23T22:48:41.891+0000] {dagbag.py:355} ERROR - Failed to import: /opt/airflow/dags/DAG_scraper.py
Traceback (most recent call last):
  File "/home/airflow/.local/lib/python3.10/site-packages/airflow/models/dagbag.py", line 351, in parse
    loader.exec_module(new_module)
  File "<frozen importlib._bootstrap_external>", line 883, in exec_module
  File "<frozen importlib._bootstrap>", line 241, in _call_with_frames_removed
  File "/opt/airflow/dags/DAG_scraper.py", line 10, in <module>
    from ProcessData.DataProcessor import DataProcessor
  File "/opt/airflow/dags/ProcessData/DataProcessor.py", line 6, in <module>
    from geopy.geocoders import Nominatim
ModuleNotFoundError: No module named 'geopy'
[2025-09-23T22:48:41.891+0000] {processor.py:842} WARNING - No viable dags retrieved from /opt/airflow/dags/DAG_scraper.py
[2025-09-23T22:48:41.910+0000] {processor.py:183} INFO - Processing /opt/airflow/dags/DAG_scraper.py took 0.054 seconds
[2025-09-23T22:49:12.234+0000] {processor.py:161} INFO - Started process (PID=106) to work on /opt/airflow/dags/DAG_scraper.py
[2025-09-23T22:49:12.235+0000] {processor.py:830} INFO - Processing file /opt/airflow/dags/DAG_scraper.py for tasks to queue
[2025-09-23T22:49:12.239+0000] {logging_mixin.py:188} INFO - [2025-09-23T22:49:12.239+0000] {dagbag.py:545} INFO - Filling up the DagBag from /opt/airflow/dags/DAG_scraper.py
[2025-09-23T22:49:12.248+0000] {logging_mixin.py:188} INFO - [2025-09-23T22:49:12.247+0000] {dagbag.py:355} ERROR - Failed to import: /opt/airflow/dags/DAG_scraper.py
Traceback (most recent call last):
  File "/home/airflow/.local/lib/python3.10/site-packages/airflow/models/dagbag.py", line 351, in parse
    loader.exec_module(new_module)
  File "<frozen importlib._bootstrap_external>", line 883, in exec_module
  File "<frozen importlib._bootstrap>", line 241, in _call_with_frames_removed
  File "/opt/airflow/dags/DAG_scraper.py", line 10, in <module>
    from ProcessData.DataProcessor import DataProcessor
  File "/opt/airflow/dags/ProcessData/DataProcessor.py", line 6, in <module>
    from geopy.geocoders import Nominatim
ModuleNotFoundError: No module named 'geopy'
[2025-09-23T22:49:12.248+0000] {processor.py:842} WARNING - No viable dags retrieved from /opt/airflow/dags/DAG_scraper.py
[2025-09-23T22:49:12.272+0000] {processor.py:183} INFO - Processing /opt/airflow/dags/DAG_scraper.py took 0.049 seconds
[2025-09-23T22:49:42.524+0000] {processor.py:161} INFO - Started process (PID=107) to work on /opt/airflow/dags/DAG_scraper.py
[2025-09-23T22:49:42.525+0000] {processor.py:830} INFO - Processing file /opt/airflow/dags/DAG_scraper.py for tasks to queue
[2025-09-23T22:49:42.528+0000] {logging_mixin.py:188} INFO - [2025-09-23T22:49:42.527+0000] {dagbag.py:545} INFO - Filling up the DagBag from /opt/airflow/dags/DAG_scraper.py
[2025-09-23T22:49:42.538+0000] {logging_mixin.py:188} INFO - [2025-09-23T22:49:42.536+0000] {dagbag.py:355} ERROR - Failed to import: /opt/airflow/dags/DAG_scraper.py
Traceback (most recent call last):
  File "/home/airflow/.local/lib/python3.10/site-packages/airflow/models/dagbag.py", line 351, in parse
    loader.exec_module(new_module)
  File "<frozen importlib._bootstrap_external>", line 883, in exec_module
  File "<frozen importlib._bootstrap>", line 241, in _call_with_frames_removed
  File "/opt/airflow/dags/DAG_scraper.py", line 10, in <module>
    from ProcessData.DataProcessor import DataProcessor
  File "/opt/airflow/dags/ProcessData/DataProcessor.py", line 6, in <module>
    from geopy.geocoders import Nominatim
ModuleNotFoundError: No module named 'geopy'
[2025-09-23T22:49:42.538+0000] {processor.py:842} WARNING - No viable dags retrieved from /opt/airflow/dags/DAG_scraper.py
[2025-09-23T22:49:42.564+0000] {processor.py:183} INFO - Processing /opt/airflow/dags/DAG_scraper.py took 0.046 seconds
[2025-09-23T22:50:12.862+0000] {processor.py:161} INFO - Started process (PID=108) to work on /opt/airflow/dags/DAG_scraper.py
[2025-09-23T22:50:12.874+0000] {processor.py:830} INFO - Processing file /opt/airflow/dags/DAG_scraper.py for tasks to queue
[2025-09-23T22:50:12.886+0000] {logging_mixin.py:188} INFO - [2025-09-23T22:50:12.885+0000] {dagbag.py:545} INFO - Filling up the DagBag from /opt/airflow/dags/DAG_scraper.py
[2025-09-23T22:50:12.898+0000] {logging_mixin.py:188} INFO - [2025-09-23T22:50:12.897+0000] {dagbag.py:355} ERROR - Failed to import: /opt/airflow/dags/DAG_scraper.py
Traceback (most recent call last):
  File "/home/airflow/.local/lib/python3.10/site-packages/airflow/models/dagbag.py", line 351, in parse
    loader.exec_module(new_module)
  File "<frozen importlib._bootstrap_external>", line 883, in exec_module
  File "<frozen importlib._bootstrap>", line 241, in _call_with_frames_removed
  File "/opt/airflow/dags/DAG_scraper.py", line 10, in <module>
    from ProcessData.DataProcessor import DataProcessor
  File "/opt/airflow/dags/ProcessData/DataProcessor.py", line 6, in <module>
    from geopy.geocoders import Nominatim
ModuleNotFoundError: No module named 'geopy'
[2025-09-23T22:50:12.898+0000] {processor.py:842} WARNING - No viable dags retrieved from /opt/airflow/dags/DAG_scraper.py
[2025-09-23T22:50:12.919+0000] {processor.py:183} INFO - Processing /opt/airflow/dags/DAG_scraper.py took 0.070 seconds
[2025-09-23T22:50:43.255+0000] {processor.py:161} INFO - Started process (PID=109) to work on /opt/airflow/dags/DAG_scraper.py
[2025-09-23T22:50:43.260+0000] {processor.py:830} INFO - Processing file /opt/airflow/dags/DAG_scraper.py for tasks to queue
[2025-09-23T22:50:43.264+0000] {logging_mixin.py:188} INFO - [2025-09-23T22:50:43.264+0000] {dagbag.py:545} INFO - Filling up the DagBag from /opt/airflow/dags/DAG_scraper.py
[2025-09-23T22:50:43.273+0000] {logging_mixin.py:188} INFO - [2025-09-23T22:50:43.272+0000] {dagbag.py:355} ERROR - Failed to import: /opt/airflow/dags/DAG_scraper.py
Traceback (most recent call last):
  File "/home/airflow/.local/lib/python3.10/site-packages/airflow/models/dagbag.py", line 351, in parse
    loader.exec_module(new_module)
  File "<frozen importlib._bootstrap_external>", line 883, in exec_module
  File "<frozen importlib._bootstrap>", line 241, in _call_with_frames_removed
  File "/opt/airflow/dags/DAG_scraper.py", line 10, in <module>
    from ProcessData.DataProcessor import DataProcessor
  File "/opt/airflow/dags/ProcessData/DataProcessor.py", line 6, in <module>
    from geopy.geocoders import Nominatim
ModuleNotFoundError: No module named 'geopy'
[2025-09-23T22:50:43.274+0000] {processor.py:842} WARNING - No viable dags retrieved from /opt/airflow/dags/DAG_scraper.py
[2025-09-23T22:50:43.295+0000] {processor.py:183} INFO - Processing /opt/airflow/dags/DAG_scraper.py took 0.072 seconds
[2025-09-23T22:51:13.598+0000] {processor.py:161} INFO - Started process (PID=110) to work on /opt/airflow/dags/DAG_scraper.py
[2025-09-23T22:51:13.599+0000] {processor.py:830} INFO - Processing file /opt/airflow/dags/DAG_scraper.py for tasks to queue
[2025-09-23T22:51:13.603+0000] {logging_mixin.py:188} INFO - [2025-09-23T22:51:13.602+0000] {dagbag.py:545} INFO - Filling up the DagBag from /opt/airflow/dags/DAG_scraper.py
[2025-09-23T22:51:13.624+0000] {logging_mixin.py:188} INFO - [2025-09-23T22:51:13.622+0000] {dagbag.py:355} ERROR - Failed to import: /opt/airflow/dags/DAG_scraper.py
Traceback (most recent call last):
  File "/home/airflow/.local/lib/python3.10/site-packages/airflow/models/dagbag.py", line 351, in parse
    loader.exec_module(new_module)
  File "<frozen importlib._bootstrap_external>", line 883, in exec_module
  File "<frozen importlib._bootstrap>", line 241, in _call_with_frames_removed
  File "/opt/airflow/dags/DAG_scraper.py", line 10, in <module>
    from ProcessData.DataProcessor import DataProcessor
  File "/opt/airflow/dags/ProcessData/DataProcessor.py", line 6, in <module>
    from geopy.geocoders import Nominatim
ModuleNotFoundError: No module named 'geopy'
[2025-09-23T22:51:13.624+0000] {processor.py:842} WARNING - No viable dags retrieved from /opt/airflow/dags/DAG_scraper.py
[2025-09-23T22:51:13.653+0000] {processor.py:183} INFO - Processing /opt/airflow/dags/DAG_scraper.py took 0.063 seconds
[2025-09-23T22:51:43.910+0000] {processor.py:161} INFO - Started process (PID=111) to work on /opt/airflow/dags/DAG_scraper.py
[2025-09-23T22:51:43.911+0000] {processor.py:830} INFO - Processing file /opt/airflow/dags/DAG_scraper.py for tasks to queue
[2025-09-23T22:51:43.913+0000] {logging_mixin.py:188} INFO - [2025-09-23T22:51:43.913+0000] {dagbag.py:545} INFO - Filling up the DagBag from /opt/airflow/dags/DAG_scraper.py
[2025-09-23T22:51:43.919+0000] {logging_mixin.py:188} INFO - [2025-09-23T22:51:43.918+0000] {dagbag.py:355} ERROR - Failed to import: /opt/airflow/dags/DAG_scraper.py
Traceback (most recent call last):
  File "/home/airflow/.local/lib/python3.10/site-packages/airflow/models/dagbag.py", line 351, in parse
    loader.exec_module(new_module)
  File "<frozen importlib._bootstrap_external>", line 883, in exec_module
  File "<frozen importlib._bootstrap>", line 241, in _call_with_frames_removed
  File "/opt/airflow/dags/DAG_scraper.py", line 10, in <module>
    from ProcessData.DataProcessor import DataProcessor
  File "/opt/airflow/dags/ProcessData/DataProcessor.py", line 6, in <module>
    from geopy.geocoders import Nominatim
ModuleNotFoundError: No module named 'geopy'
[2025-09-23T22:51:43.919+0000] {processor.py:842} WARNING - No viable dags retrieved from /opt/airflow/dags/DAG_scraper.py
[2025-09-23T22:51:43.935+0000] {processor.py:183} INFO - Processing /opt/airflow/dags/DAG_scraper.py took 0.032 seconds
[2025-09-23T22:52:14.265+0000] {processor.py:161} INFO - Started process (PID=112) to work on /opt/airflow/dags/DAG_scraper.py
[2025-09-23T22:52:14.266+0000] {processor.py:830} INFO - Processing file /opt/airflow/dags/DAG_scraper.py for tasks to queue
[2025-09-23T22:52:14.268+0000] {logging_mixin.py:188} INFO - [2025-09-23T22:52:14.268+0000] {dagbag.py:545} INFO - Filling up the DagBag from /opt/airflow/dags/DAG_scraper.py
[2025-09-23T22:52:14.279+0000] {logging_mixin.py:188} INFO - [2025-09-23T22:52:14.277+0000] {dagbag.py:355} ERROR - Failed to import: /opt/airflow/dags/DAG_scraper.py
Traceback (most recent call last):
  File "/home/airflow/.local/lib/python3.10/site-packages/airflow/models/dagbag.py", line 351, in parse
    loader.exec_module(new_module)
  File "<frozen importlib._bootstrap_external>", line 883, in exec_module
  File "<frozen importlib._bootstrap>", line 241, in _call_with_frames_removed
  File "/opt/airflow/dags/DAG_scraper.py", line 10, in <module>
    from ProcessData.DataProcessor import DataProcessor
  File "/opt/airflow/dags/ProcessData/DataProcessor.py", line 6, in <module>
    from geopy.geocoders import Nominatim
ModuleNotFoundError: No module named 'geopy'
[2025-09-23T22:52:14.279+0000] {processor.py:842} WARNING - No viable dags retrieved from /opt/airflow/dags/DAG_scraper.py
[2025-09-23T22:52:14.315+0000] {processor.py:183} INFO - Processing /opt/airflow/dags/DAG_scraper.py took 0.060 seconds
[2025-09-23T22:52:44.567+0000] {processor.py:161} INFO - Started process (PID=113) to work on /opt/airflow/dags/DAG_scraper.py
[2025-09-23T22:52:44.571+0000] {processor.py:830} INFO - Processing file /opt/airflow/dags/DAG_scraper.py for tasks to queue
[2025-09-23T22:52:44.580+0000] {logging_mixin.py:188} INFO - [2025-09-23T22:52:44.579+0000] {dagbag.py:545} INFO - Filling up the DagBag from /opt/airflow/dags/DAG_scraper.py
[2025-09-23T22:52:44.603+0000] {logging_mixin.py:188} INFO - [2025-09-23T22:52:44.600+0000] {dagbag.py:355} ERROR - Failed to import: /opt/airflow/dags/DAG_scraper.py
Traceback (most recent call last):
  File "/home/airflow/.local/lib/python3.10/site-packages/airflow/models/dagbag.py", line 351, in parse
    loader.exec_module(new_module)
  File "<frozen importlib._bootstrap_external>", line 883, in exec_module
  File "<frozen importlib._bootstrap>", line 241, in _call_with_frames_removed
  File "/opt/airflow/dags/DAG_scraper.py", line 10, in <module>
    from ProcessData.DataProcessor import DataProcessor
  File "/opt/airflow/dags/ProcessData/DataProcessor.py", line 6, in <module>
    from geopy.geocoders import Nominatim
ModuleNotFoundError: No module named 'geopy'
[2025-09-23T22:52:44.603+0000] {processor.py:842} WARNING - No viable dags retrieved from /opt/airflow/dags/DAG_scraper.py
[2025-09-23T22:52:44.644+0000] {processor.py:183} INFO - Processing /opt/airflow/dags/DAG_scraper.py took 0.088 seconds
[2025-09-23T22:53:14.856+0000] {processor.py:161} INFO - Started process (PID=114) to work on /opt/airflow/dags/DAG_scraper.py
[2025-09-23T22:53:14.858+0000] {processor.py:830} INFO - Processing file /opt/airflow/dags/DAG_scraper.py for tasks to queue
[2025-09-23T22:53:14.861+0000] {logging_mixin.py:188} INFO - [2025-09-23T22:53:14.861+0000] {dagbag.py:545} INFO - Filling up the DagBag from /opt/airflow/dags/DAG_scraper.py
[2025-09-23T22:53:14.867+0000] {logging_mixin.py:188} INFO - [2025-09-23T22:53:14.866+0000] {dagbag.py:355} ERROR - Failed to import: /opt/airflow/dags/DAG_scraper.py
Traceback (most recent call last):
  File "/home/airflow/.local/lib/python3.10/site-packages/airflow/models/dagbag.py", line 351, in parse
    loader.exec_module(new_module)
  File "<frozen importlib._bootstrap_external>", line 883, in exec_module
  File "<frozen importlib._bootstrap>", line 241, in _call_with_frames_removed
  File "/opt/airflow/dags/DAG_scraper.py", line 10, in <module>
    from ProcessData.DataProcessor import DataProcessor
  File "/opt/airflow/dags/ProcessData/DataProcessor.py", line 6, in <module>
    from geopy.geocoders import Nominatim
ModuleNotFoundError: No module named 'geopy'
[2025-09-23T22:53:14.867+0000] {processor.py:842} WARNING - No viable dags retrieved from /opt/airflow/dags/DAG_scraper.py
[2025-09-23T22:53:14.885+0000] {processor.py:183} INFO - Processing /opt/airflow/dags/DAG_scraper.py took 0.043 seconds
[2025-09-23T22:53:45.235+0000] {processor.py:161} INFO - Started process (PID=115) to work on /opt/airflow/dags/DAG_scraper.py
[2025-09-23T22:53:45.238+0000] {processor.py:830} INFO - Processing file /opt/airflow/dags/DAG_scraper.py for tasks to queue
[2025-09-23T22:53:45.241+0000] {logging_mixin.py:188} INFO - [2025-09-23T22:53:45.240+0000] {dagbag.py:545} INFO - Filling up the DagBag from /opt/airflow/dags/DAG_scraper.py
[2025-09-23T22:53:45.249+0000] {logging_mixin.py:188} INFO - [2025-09-23T22:53:45.248+0000] {dagbag.py:355} ERROR - Failed to import: /opt/airflow/dags/DAG_scraper.py
Traceback (most recent call last):
  File "/home/airflow/.local/lib/python3.10/site-packages/airflow/models/dagbag.py", line 351, in parse
    loader.exec_module(new_module)
  File "<frozen importlib._bootstrap_external>", line 883, in exec_module
  File "<frozen importlib._bootstrap>", line 241, in _call_with_frames_removed
  File "/opt/airflow/dags/DAG_scraper.py", line 10, in <module>
    from ProcessData.DataProcessor import DataProcessor
  File "/opt/airflow/dags/ProcessData/DataProcessor.py", line 6, in <module>
    from geopy.geocoders import Nominatim
ModuleNotFoundError: No module named 'geopy'
[2025-09-23T22:53:45.249+0000] {processor.py:842} WARNING - No viable dags retrieved from /opt/airflow/dags/DAG_scraper.py
[2025-09-23T22:53:45.271+0000] {processor.py:183} INFO - Processing /opt/airflow/dags/DAG_scraper.py took 0.054 seconds
[2025-09-23T22:54:15.551+0000] {processor.py:161} INFO - Started process (PID=116) to work on /opt/airflow/dags/DAG_scraper.py
[2025-09-23T22:54:15.553+0000] {processor.py:830} INFO - Processing file /opt/airflow/dags/DAG_scraper.py for tasks to queue
[2025-09-23T22:54:15.555+0000] {logging_mixin.py:188} INFO - [2025-09-23T22:54:15.555+0000] {dagbag.py:545} INFO - Filling up the DagBag from /opt/airflow/dags/DAG_scraper.py
[2025-09-23T22:54:15.563+0000] {logging_mixin.py:188} INFO - [2025-09-23T22:54:15.561+0000] {dagbag.py:355} ERROR - Failed to import: /opt/airflow/dags/DAG_scraper.py
Traceback (most recent call last):
  File "/home/airflow/.local/lib/python3.10/site-packages/airflow/models/dagbag.py", line 351, in parse
    loader.exec_module(new_module)
  File "<frozen importlib._bootstrap_external>", line 883, in exec_module
  File "<frozen importlib._bootstrap>", line 241, in _call_with_frames_removed
  File "/opt/airflow/dags/DAG_scraper.py", line 10, in <module>
    from ProcessData.DataProcessor import DataProcessor
  File "/opt/airflow/dags/ProcessData/DataProcessor.py", line 6, in <module>
    from geopy.geocoders import Nominatim
ModuleNotFoundError: No module named 'geopy'
[2025-09-23T22:54:15.563+0000] {processor.py:842} WARNING - No viable dags retrieved from /opt/airflow/dags/DAG_scraper.py
[2025-09-23T22:54:15.596+0000] {processor.py:183} INFO - Processing /opt/airflow/dags/DAG_scraper.py took 0.055 seconds
[2025-09-23T22:54:45.839+0000] {processor.py:161} INFO - Started process (PID=117) to work on /opt/airflow/dags/DAG_scraper.py
[2025-09-23T22:54:45.841+0000] {processor.py:830} INFO - Processing file /opt/airflow/dags/DAG_scraper.py for tasks to queue
[2025-09-23T22:54:45.845+0000] {logging_mixin.py:188} INFO - [2025-09-23T22:54:45.844+0000] {dagbag.py:545} INFO - Filling up the DagBag from /opt/airflow/dags/DAG_scraper.py
[2025-09-23T22:54:45.852+0000] {logging_mixin.py:188} INFO - [2025-09-23T22:54:45.851+0000] {dagbag.py:355} ERROR - Failed to import: /opt/airflow/dags/DAG_scraper.py
Traceback (most recent call last):
  File "/home/airflow/.local/lib/python3.10/site-packages/airflow/models/dagbag.py", line 351, in parse
    loader.exec_module(new_module)
  File "<frozen importlib._bootstrap_external>", line 883, in exec_module
  File "<frozen importlib._bootstrap>", line 241, in _call_with_frames_removed
  File "/opt/airflow/dags/DAG_scraper.py", line 10, in <module>
    from ProcessData.DataProcessor import DataProcessor
  File "/opt/airflow/dags/ProcessData/DataProcessor.py", line 6, in <module>
    from geopy.geocoders import Nominatim
ModuleNotFoundError: No module named 'geopy'
[2025-09-23T22:54:45.852+0000] {processor.py:842} WARNING - No viable dags retrieved from /opt/airflow/dags/DAG_scraper.py
[2025-09-23T22:54:45.876+0000] {processor.py:183} INFO - Processing /opt/airflow/dags/DAG_scraper.py took 0.046 seconds
[2025-09-23T22:55:16.248+0000] {processor.py:161} INFO - Started process (PID=118) to work on /opt/airflow/dags/DAG_scraper.py
[2025-09-23T22:55:16.250+0000] {processor.py:830} INFO - Processing file /opt/airflow/dags/DAG_scraper.py for tasks to queue
[2025-09-23T22:55:16.253+0000] {logging_mixin.py:188} INFO - [2025-09-23T22:55:16.253+0000] {dagbag.py:545} INFO - Filling up the DagBag from /opt/airflow/dags/DAG_scraper.py
[2025-09-23T22:55:16.266+0000] {logging_mixin.py:188} INFO - [2025-09-23T22:55:16.264+0000] {dagbag.py:355} ERROR - Failed to import: /opt/airflow/dags/DAG_scraper.py
Traceback (most recent call last):
  File "/home/airflow/.local/lib/python3.10/site-packages/airflow/models/dagbag.py", line 351, in parse
    loader.exec_module(new_module)
  File "<frozen importlib._bootstrap_external>", line 883, in exec_module
  File "<frozen importlib._bootstrap>", line 241, in _call_with_frames_removed
  File "/opt/airflow/dags/DAG_scraper.py", line 10, in <module>
    from ProcessData.DataProcessor import DataProcessor
  File "/opt/airflow/dags/ProcessData/DataProcessor.py", line 6, in <module>
    from geopy.geocoders import Nominatim
ModuleNotFoundError: No module named 'geopy'
[2025-09-23T22:55:16.266+0000] {processor.py:842} WARNING - No viable dags retrieved from /opt/airflow/dags/DAG_scraper.py
[2025-09-23T22:55:16.304+0000] {processor.py:183} INFO - Processing /opt/airflow/dags/DAG_scraper.py took 0.064 seconds
[2025-09-23T22:55:46.602+0000] {processor.py:161} INFO - Started process (PID=119) to work on /opt/airflow/dags/DAG_scraper.py
[2025-09-23T22:55:46.603+0000] {processor.py:830} INFO - Processing file /opt/airflow/dags/DAG_scraper.py for tasks to queue
[2025-09-23T22:55:46.605+0000] {logging_mixin.py:188} INFO - [2025-09-23T22:55:46.605+0000] {dagbag.py:545} INFO - Filling up the DagBag from /opt/airflow/dags/DAG_scraper.py
[2025-09-23T22:55:46.616+0000] {logging_mixin.py:188} INFO - [2025-09-23T22:55:46.615+0000] {dagbag.py:355} ERROR - Failed to import: /opt/airflow/dags/DAG_scraper.py
Traceback (most recent call last):
  File "/home/airflow/.local/lib/python3.10/site-packages/airflow/models/dagbag.py", line 351, in parse
    loader.exec_module(new_module)
  File "<frozen importlib._bootstrap_external>", line 883, in exec_module
  File "<frozen importlib._bootstrap>", line 241, in _call_with_frames_removed
  File "/opt/airflow/dags/DAG_scraper.py", line 10, in <module>
    from ProcessData.DataProcessor import DataProcessor
  File "/opt/airflow/dags/ProcessData/DataProcessor.py", line 6, in <module>
    from geopy.geocoders import Nominatim
ModuleNotFoundError: No module named 'geopy'
[2025-09-23T22:55:46.616+0000] {processor.py:842} WARNING - No viable dags retrieved from /opt/airflow/dags/DAG_scraper.py
[2025-09-23T22:55:46.638+0000] {processor.py:183} INFO - Processing /opt/airflow/dags/DAG_scraper.py took 0.044 seconds
[2025-09-23T22:56:16.930+0000] {processor.py:161} INFO - Started process (PID=120) to work on /opt/airflow/dags/DAG_scraper.py
[2025-09-23T22:56:16.938+0000] {processor.py:830} INFO - Processing file /opt/airflow/dags/DAG_scraper.py for tasks to queue
[2025-09-23T22:56:16.957+0000] {logging_mixin.py:188} INFO - [2025-09-23T22:56:16.956+0000] {dagbag.py:545} INFO - Filling up the DagBag from /opt/airflow/dags/DAG_scraper.py
[2025-09-23T22:56:16.973+0000] {logging_mixin.py:188} INFO - [2025-09-23T22:56:16.971+0000] {dagbag.py:355} ERROR - Failed to import: /opt/airflow/dags/DAG_scraper.py
Traceback (most recent call last):
  File "/home/airflow/.local/lib/python3.10/site-packages/airflow/models/dagbag.py", line 351, in parse
    loader.exec_module(new_module)
  File "<frozen importlib._bootstrap_external>", line 883, in exec_module
  File "<frozen importlib._bootstrap>", line 241, in _call_with_frames_removed
  File "/opt/airflow/dags/DAG_scraper.py", line 10, in <module>
    from ProcessData.DataProcessor import DataProcessor
  File "/opt/airflow/dags/ProcessData/DataProcessor.py", line 6, in <module>
    from geopy.geocoders import Nominatim
ModuleNotFoundError: No module named 'geopy'
[2025-09-23T22:56:16.973+0000] {processor.py:842} WARNING - No viable dags retrieved from /opt/airflow/dags/DAG_scraper.py
[2025-09-23T22:56:16.997+0000] {processor.py:183} INFO - Processing /opt/airflow/dags/DAG_scraper.py took 0.107 seconds
[2025-09-23T22:56:47.268+0000] {processor.py:161} INFO - Started process (PID=121) to work on /opt/airflow/dags/DAG_scraper.py
[2025-09-23T22:56:47.270+0000] {processor.py:830} INFO - Processing file /opt/airflow/dags/DAG_scraper.py for tasks to queue
[2025-09-23T22:56:47.273+0000] {logging_mixin.py:188} INFO - [2025-09-23T22:56:47.273+0000] {dagbag.py:545} INFO - Filling up the DagBag from /opt/airflow/dags/DAG_scraper.py
[2025-09-23T22:56:47.282+0000] {logging_mixin.py:188} INFO - [2025-09-23T22:56:47.281+0000] {dagbag.py:355} ERROR - Failed to import: /opt/airflow/dags/DAG_scraper.py
Traceback (most recent call last):
  File "/home/airflow/.local/lib/python3.10/site-packages/airflow/models/dagbag.py", line 351, in parse
    loader.exec_module(new_module)
  File "<frozen importlib._bootstrap_external>", line 883, in exec_module
  File "<frozen importlib._bootstrap>", line 241, in _call_with_frames_removed
  File "/opt/airflow/dags/DAG_scraper.py", line 10, in <module>
    from ProcessData.DataProcessor import DataProcessor
  File "/opt/airflow/dags/ProcessData/DataProcessor.py", line 6, in <module>
    from geopy.geocoders import Nominatim
ModuleNotFoundError: No module named 'geopy'
[2025-09-23T22:56:47.283+0000] {processor.py:842} WARNING - No viable dags retrieved from /opt/airflow/dags/DAG_scraper.py
[2025-09-23T22:56:47.311+0000] {processor.py:183} INFO - Processing /opt/airflow/dags/DAG_scraper.py took 0.072 seconds
[2025-09-23T22:57:17.598+0000] {processor.py:161} INFO - Started process (PID=122) to work on /opt/airflow/dags/DAG_scraper.py
[2025-09-23T22:57:17.601+0000] {processor.py:830} INFO - Processing file /opt/airflow/dags/DAG_scraper.py for tasks to queue
[2025-09-23T22:57:17.605+0000] {logging_mixin.py:188} INFO - [2025-09-23T22:57:17.604+0000] {dagbag.py:545} INFO - Filling up the DagBag from /opt/airflow/dags/DAG_scraper.py
[2025-09-23T22:57:17.613+0000] {logging_mixin.py:188} INFO - [2025-09-23T22:57:17.612+0000] {dagbag.py:355} ERROR - Failed to import: /opt/airflow/dags/DAG_scraper.py
Traceback (most recent call last):
  File "/home/airflow/.local/lib/python3.10/site-packages/airflow/models/dagbag.py", line 351, in parse
    loader.exec_module(new_module)
  File "<frozen importlib._bootstrap_external>", line 883, in exec_module
  File "<frozen importlib._bootstrap>", line 241, in _call_with_frames_removed
  File "/opt/airflow/dags/DAG_scraper.py", line 10, in <module>
    from ProcessData.DataProcessor import DataProcessor
  File "/opt/airflow/dags/ProcessData/DataProcessor.py", line 6, in <module>
    from geopy.geocoders import Nominatim
ModuleNotFoundError: No module named 'geopy'
[2025-09-23T22:57:17.613+0000] {processor.py:842} WARNING - No viable dags retrieved from /opt/airflow/dags/DAG_scraper.py
[2025-09-23T22:57:17.634+0000] {processor.py:183} INFO - Processing /opt/airflow/dags/DAG_scraper.py took 0.045 seconds
[2025-09-23T22:57:47.878+0000] {processor.py:161} INFO - Started process (PID=123) to work on /opt/airflow/dags/DAG_scraper.py
[2025-09-23T22:57:47.880+0000] {processor.py:830} INFO - Processing file /opt/airflow/dags/DAG_scraper.py for tasks to queue
[2025-09-23T22:57:47.883+0000] {logging_mixin.py:188} INFO - [2025-09-23T22:57:47.883+0000] {dagbag.py:545} INFO - Filling up the DagBag from /opt/airflow/dags/DAG_scraper.py
[2025-09-23T22:57:47.891+0000] {logging_mixin.py:188} INFO - [2025-09-23T22:57:47.890+0000] {dagbag.py:355} ERROR - Failed to import: /opt/airflow/dags/DAG_scraper.py
Traceback (most recent call last):
  File "/home/airflow/.local/lib/python3.10/site-packages/airflow/models/dagbag.py", line 351, in parse
    loader.exec_module(new_module)
  File "<frozen importlib._bootstrap_external>", line 883, in exec_module
  File "<frozen importlib._bootstrap>", line 241, in _call_with_frames_removed
  File "/opt/airflow/dags/DAG_scraper.py", line 10, in <module>
    from ProcessData.DataProcessor import DataProcessor
  File "/opt/airflow/dags/ProcessData/DataProcessor.py", line 6, in <module>
    from geopy.geocoders import Nominatim
ModuleNotFoundError: No module named 'geopy'
[2025-09-23T22:57:47.891+0000] {processor.py:842} WARNING - No viable dags retrieved from /opt/airflow/dags/DAG_scraper.py
[2025-09-23T22:57:47.925+0000] {processor.py:183} INFO - Processing /opt/airflow/dags/DAG_scraper.py took 0.056 seconds
[2025-09-23T22:58:18.216+0000] {processor.py:161} INFO - Started process (PID=124) to work on /opt/airflow/dags/DAG_scraper.py
[2025-09-23T22:58:18.218+0000] {processor.py:830} INFO - Processing file /opt/airflow/dags/DAG_scraper.py for tasks to queue
[2025-09-23T22:58:18.223+0000] {logging_mixin.py:188} INFO - [2025-09-23T22:58:18.222+0000] {dagbag.py:545} INFO - Filling up the DagBag from /opt/airflow/dags/DAG_scraper.py
[2025-09-23T22:58:18.259+0000] {logging_mixin.py:188} INFO - [2025-09-23T22:58:18.256+0000] {dagbag.py:355} ERROR - Failed to import: /opt/airflow/dags/DAG_scraper.py
Traceback (most recent call last):
  File "/home/airflow/.local/lib/python3.10/site-packages/airflow/models/dagbag.py", line 351, in parse
    loader.exec_module(new_module)
  File "<frozen importlib._bootstrap_external>", line 883, in exec_module
  File "<frozen importlib._bootstrap>", line 241, in _call_with_frames_removed
  File "/opt/airflow/dags/DAG_scraper.py", line 10, in <module>
    from ProcessData.DataProcessor import DataProcessor
  File "/opt/airflow/dags/ProcessData/DataProcessor.py", line 6, in <module>
    from geopy.geocoders import Nominatim
ModuleNotFoundError: No module named 'geopy'
[2025-09-23T22:58:18.260+0000] {processor.py:842} WARNING - No viable dags retrieved from /opt/airflow/dags/DAG_scraper.py
[2025-09-23T22:58:18.305+0000] {processor.py:183} INFO - Processing /opt/airflow/dags/DAG_scraper.py took 0.098 seconds
[2025-09-23T22:58:48.557+0000] {processor.py:161} INFO - Started process (PID=125) to work on /opt/airflow/dags/DAG_scraper.py
[2025-09-23T22:58:48.560+0000] {processor.py:830} INFO - Processing file /opt/airflow/dags/DAG_scraper.py for tasks to queue
[2025-09-23T22:58:48.572+0000] {logging_mixin.py:188} INFO - [2025-09-23T22:58:48.571+0000] {dagbag.py:545} INFO - Filling up the DagBag from /opt/airflow/dags/DAG_scraper.py
[2025-09-23T22:58:48.581+0000] {logging_mixin.py:188} INFO - [2025-09-23T22:58:48.580+0000] {dagbag.py:355} ERROR - Failed to import: /opt/airflow/dags/DAG_scraper.py
Traceback (most recent call last):
  File "/home/airflow/.local/lib/python3.10/site-packages/airflow/models/dagbag.py", line 351, in parse
    loader.exec_module(new_module)
  File "<frozen importlib._bootstrap_external>", line 883, in exec_module
  File "<frozen importlib._bootstrap>", line 241, in _call_with_frames_removed
  File "/opt/airflow/dags/DAG_scraper.py", line 10, in <module>
    from ProcessData.DataProcessor import DataProcessor
  File "/opt/airflow/dags/ProcessData/DataProcessor.py", line 6, in <module>
    from geopy.geocoders import Nominatim
ModuleNotFoundError: No module named 'geopy'
[2025-09-23T22:58:48.581+0000] {processor.py:842} WARNING - No viable dags retrieved from /opt/airflow/dags/DAG_scraper.py
[2025-09-23T22:58:48.604+0000] {processor.py:183} INFO - Processing /opt/airflow/dags/DAG_scraper.py took 0.056 seconds
[2025-09-23T22:59:18.917+0000] {processor.py:161} INFO - Started process (PID=126) to work on /opt/airflow/dags/DAG_scraper.py
[2025-09-23T22:59:18.919+0000] {processor.py:830} INFO - Processing file /opt/airflow/dags/DAG_scraper.py for tasks to queue
[2025-09-23T22:59:18.922+0000] {logging_mixin.py:188} INFO - [2025-09-23T22:59:18.922+0000] {dagbag.py:545} INFO - Filling up the DagBag from /opt/airflow/dags/DAG_scraper.py
[2025-09-23T22:59:18.929+0000] {logging_mixin.py:188} INFO - [2025-09-23T22:59:18.928+0000] {dagbag.py:355} ERROR - Failed to import: /opt/airflow/dags/DAG_scraper.py
Traceback (most recent call last):
  File "/home/airflow/.local/lib/python3.10/site-packages/airflow/models/dagbag.py", line 351, in parse
    loader.exec_module(new_module)
  File "<frozen importlib._bootstrap_external>", line 883, in exec_module
  File "<frozen importlib._bootstrap>", line 241, in _call_with_frames_removed
  File "/opt/airflow/dags/DAG_scraper.py", line 10, in <module>
    from ProcessData.DataProcessor import DataProcessor
  File "/opt/airflow/dags/ProcessData/DataProcessor.py", line 6, in <module>
    from geopy.geocoders import Nominatim
ModuleNotFoundError: No module named 'geopy'
[2025-09-23T22:59:18.930+0000] {processor.py:842} WARNING - No viable dags retrieved from /opt/airflow/dags/DAG_scraper.py
[2025-09-23T22:59:18.948+0000] {processor.py:183} INFO - Processing /opt/airflow/dags/DAG_scraper.py took 0.063 seconds
[2025-09-23T22:59:49.260+0000] {processor.py:161} INFO - Started process (PID=127) to work on /opt/airflow/dags/DAG_scraper.py
[2025-09-23T22:59:49.264+0000] {processor.py:830} INFO - Processing file /opt/airflow/dags/DAG_scraper.py for tasks to queue
[2025-09-23T22:59:49.269+0000] {logging_mixin.py:188} INFO - [2025-09-23T22:59:49.269+0000] {dagbag.py:545} INFO - Filling up the DagBag from /opt/airflow/dags/DAG_scraper.py
[2025-09-23T22:59:49.282+0000] {logging_mixin.py:188} INFO - [2025-09-23T22:59:49.280+0000] {dagbag.py:355} ERROR - Failed to import: /opt/airflow/dags/DAG_scraper.py
Traceback (most recent call last):
  File "/home/airflow/.local/lib/python3.10/site-packages/airflow/models/dagbag.py", line 351, in parse
    loader.exec_module(new_module)
  File "<frozen importlib._bootstrap_external>", line 883, in exec_module
  File "<frozen importlib._bootstrap>", line 241, in _call_with_frames_removed
  File "/opt/airflow/dags/DAG_scraper.py", line 10, in <module>
    from ProcessData.DataProcessor import DataProcessor
  File "/opt/airflow/dags/ProcessData/DataProcessor.py", line 6, in <module>
    from geopy.geocoders import Nominatim
ModuleNotFoundError: No module named 'geopy'
[2025-09-23T22:59:49.283+0000] {processor.py:842} WARNING - No viable dags retrieved from /opt/airflow/dags/DAG_scraper.py
[2025-09-23T22:59:49.306+0000] {processor.py:183} INFO - Processing /opt/airflow/dags/DAG_scraper.py took 0.062 seconds
[2025-09-23T23:00:19.582+0000] {processor.py:161} INFO - Started process (PID=128) to work on /opt/airflow/dags/DAG_scraper.py
[2025-09-23T23:00:19.584+0000] {processor.py:830} INFO - Processing file /opt/airflow/dags/DAG_scraper.py for tasks to queue
[2025-09-23T23:00:19.586+0000] {logging_mixin.py:188} INFO - [2025-09-23T23:00:19.586+0000] {dagbag.py:545} INFO - Filling up the DagBag from /opt/airflow/dags/DAG_scraper.py
[2025-09-23T23:00:19.594+0000] {logging_mixin.py:188} INFO - [2025-09-23T23:00:19.593+0000] {dagbag.py:355} ERROR - Failed to import: /opt/airflow/dags/DAG_scraper.py
Traceback (most recent call last):
  File "/home/airflow/.local/lib/python3.10/site-packages/airflow/models/dagbag.py", line 351, in parse
    loader.exec_module(new_module)
  File "<frozen importlib._bootstrap_external>", line 883, in exec_module
  File "<frozen importlib._bootstrap>", line 241, in _call_with_frames_removed
  File "/opt/airflow/dags/DAG_scraper.py", line 10, in <module>
    from ProcessData.DataProcessor import DataProcessor
  File "/opt/airflow/dags/ProcessData/DataProcessor.py", line 6, in <module>
    from geopy.geocoders import Nominatim
ModuleNotFoundError: No module named 'geopy'
[2025-09-23T23:00:19.594+0000] {processor.py:842} WARNING - No viable dags retrieved from /opt/airflow/dags/DAG_scraper.py
[2025-09-23T23:00:19.620+0000] {processor.py:183} INFO - Processing /opt/airflow/dags/DAG_scraper.py took 0.049 seconds
[2025-09-23T23:01:14.071+0000] {processor.py:161} INFO - Started process (PID=29) to work on /opt/airflow/dags/DAG_scraper.py
[2025-09-23T23:01:14.073+0000] {processor.py:830} INFO - Processing file /opt/airflow/dags/DAG_scraper.py for tasks to queue
[2025-09-23T23:01:14.076+0000] {logging_mixin.py:188} INFO - [2025-09-23T23:01:14.076+0000] {dagbag.py:545} INFO - Filling up the DagBag from /opt/airflow/dags/DAG_scraper.py
[2025-09-23T23:01:14.083+0000] {logging_mixin.py:188} INFO - [2025-09-23T23:01:14.083+0000] {dagbag.py:355} ERROR - Failed to import: /opt/airflow/dags/DAG_scraper.py
Traceback (most recent call last):
  File "/home/airflow/.local/lib/python3.10/site-packages/airflow/models/dagbag.py", line 351, in parse
    loader.exec_module(new_module)
  File "<frozen importlib._bootstrap_external>", line 883, in exec_module
  File "<frozen importlib._bootstrap>", line 241, in _call_with_frames_removed
  File "/opt/airflow/dags/DAG_scraper.py", line 10, in <module>
    from ProcessData.DataProcessor import DataProcessor
  File "/opt/airflow/dags/ProcessData/DataProcessor.py", line 6, in <module>
    from geopy.geocoders import Nominatim
ModuleNotFoundError: No module named 'geopy'
[2025-09-23T23:01:14.084+0000] {processor.py:842} WARNING - No viable dags retrieved from /opt/airflow/dags/DAG_scraper.py
[2025-09-23T23:01:14.092+0000] {processor.py:183} INFO - Processing /opt/airflow/dags/DAG_scraper.py took 0.025 seconds
[2025-09-23T23:01:44.376+0000] {processor.py:161} INFO - Started process (PID=30) to work on /opt/airflow/dags/DAG_scraper.py
[2025-09-23T23:01:44.377+0000] {processor.py:830} INFO - Processing file /opt/airflow/dags/DAG_scraper.py for tasks to queue
[2025-09-23T23:01:44.382+0000] {logging_mixin.py:188} INFO - [2025-09-23T23:01:44.381+0000] {dagbag.py:545} INFO - Filling up the DagBag from /opt/airflow/dags/DAG_scraper.py
[2025-09-23T23:01:44.404+0000] {logging_mixin.py:188} INFO - [2025-09-23T23:01:44.400+0000] {dagbag.py:355} ERROR - Failed to import: /opt/airflow/dags/DAG_scraper.py
Traceback (most recent call last):
  File "/home/airflow/.local/lib/python3.10/site-packages/airflow/models/dagbag.py", line 351, in parse
    loader.exec_module(new_module)
  File "<frozen importlib._bootstrap_external>", line 883, in exec_module
  File "<frozen importlib._bootstrap>", line 241, in _call_with_frames_removed
  File "/opt/airflow/dags/DAG_scraper.py", line 10, in <module>
    from ProcessData.DataProcessor import DataProcessor
  File "/opt/airflow/dags/ProcessData/DataProcessor.py", line 6, in <module>
    from geopy.geocoders import Nominatim
ModuleNotFoundError: No module named 'geopy'
[2025-09-23T23:01:44.405+0000] {processor.py:842} WARNING - No viable dags retrieved from /opt/airflow/dags/DAG_scraper.py
[2025-09-23T23:01:44.429+0000] {processor.py:183} INFO - Processing /opt/airflow/dags/DAG_scraper.py took 0.071 seconds
[2025-09-23T23:02:14.646+0000] {processor.py:161} INFO - Started process (PID=31) to work on /opt/airflow/dags/DAG_scraper.py
[2025-09-23T23:02:14.647+0000] {processor.py:830} INFO - Processing file /opt/airflow/dags/DAG_scraper.py for tasks to queue
[2025-09-23T23:02:14.651+0000] {logging_mixin.py:188} INFO - [2025-09-23T23:02:14.651+0000] {dagbag.py:545} INFO - Filling up the DagBag from /opt/airflow/dags/DAG_scraper.py
[2025-09-23T23:02:14.658+0000] {logging_mixin.py:188} INFO - [2025-09-23T23:02:14.657+0000] {dagbag.py:355} ERROR - Failed to import: /opt/airflow/dags/DAG_scraper.py
Traceback (most recent call last):
  File "/home/airflow/.local/lib/python3.10/site-packages/airflow/models/dagbag.py", line 351, in parse
    loader.exec_module(new_module)
  File "<frozen importlib._bootstrap_external>", line 883, in exec_module
  File "<frozen importlib._bootstrap>", line 241, in _call_with_frames_removed
  File "/opt/airflow/dags/DAG_scraper.py", line 10, in <module>
    from ProcessData.DataProcessor import DataProcessor
  File "/opt/airflow/dags/ProcessData/DataProcessor.py", line 6, in <module>
    from geopy.geocoders import Nominatim
ModuleNotFoundError: No module named 'geopy'
[2025-09-23T23:02:14.658+0000] {processor.py:842} WARNING - No viable dags retrieved from /opt/airflow/dags/DAG_scraper.py
[2025-09-23T23:02:14.674+0000] {processor.py:183} INFO - Processing /opt/airflow/dags/DAG_scraper.py took 0.039 seconds
[2025-09-23T23:02:45.005+0000] {processor.py:161} INFO - Started process (PID=32) to work on /opt/airflow/dags/DAG_scraper.py
[2025-09-23T23:02:45.005+0000] {processor.py:830} INFO - Processing file /opt/airflow/dags/DAG_scraper.py for tasks to queue
[2025-09-23T23:02:45.008+0000] {logging_mixin.py:188} INFO - [2025-09-23T23:02:45.008+0000] {dagbag.py:545} INFO - Filling up the DagBag from /opt/airflow/dags/DAG_scraper.py
[2025-09-23T23:02:45.014+0000] {logging_mixin.py:188} INFO - [2025-09-23T23:02:45.013+0000] {dagbag.py:355} ERROR - Failed to import: /opt/airflow/dags/DAG_scraper.py
Traceback (most recent call last):
  File "/home/airflow/.local/lib/python3.10/site-packages/airflow/models/dagbag.py", line 351, in parse
    loader.exec_module(new_module)
  File "<frozen importlib._bootstrap_external>", line 883, in exec_module
  File "<frozen importlib._bootstrap>", line 241, in _call_with_frames_removed
  File "/opt/airflow/dags/DAG_scraper.py", line 10, in <module>
    from ProcessData.DataProcessor import DataProcessor
  File "/opt/airflow/dags/ProcessData/DataProcessor.py", line 6, in <module>
    from geopy.geocoders import Nominatim
ModuleNotFoundError: No module named 'geopy'
[2025-09-23T23:02:45.015+0000] {processor.py:842} WARNING - No viable dags retrieved from /opt/airflow/dags/DAG_scraper.py
[2025-09-23T23:02:45.034+0000] {processor.py:183} INFO - Processing /opt/airflow/dags/DAG_scraper.py took 0.038 seconds
[2025-09-23T23:03:15.328+0000] {processor.py:161} INFO - Started process (PID=33) to work on /opt/airflow/dags/DAG_scraper.py
[2025-09-23T23:03:15.330+0000] {processor.py:830} INFO - Processing file /opt/airflow/dags/DAG_scraper.py for tasks to queue
[2025-09-23T23:03:15.340+0000] {logging_mixin.py:188} INFO - [2025-09-23T23:03:15.339+0000] {dagbag.py:545} INFO - Filling up the DagBag from /opt/airflow/dags/DAG_scraper.py
[2025-09-23T23:03:15.349+0000] {logging_mixin.py:188} INFO - [2025-09-23T23:03:15.348+0000] {dagbag.py:355} ERROR - Failed to import: /opt/airflow/dags/DAG_scraper.py
Traceback (most recent call last):
  File "/home/airflow/.local/lib/python3.10/site-packages/airflow/models/dagbag.py", line 351, in parse
    loader.exec_module(new_module)
  File "<frozen importlib._bootstrap_external>", line 883, in exec_module
  File "<frozen importlib._bootstrap>", line 241, in _call_with_frames_removed
  File "/opt/airflow/dags/DAG_scraper.py", line 10, in <module>
    from ProcessData.DataProcessor import DataProcessor
  File "/opt/airflow/dags/ProcessData/DataProcessor.py", line 6, in <module>
    from geopy.geocoders import Nominatim
ModuleNotFoundError: No module named 'geopy'
[2025-09-23T23:03:15.349+0000] {processor.py:842} WARNING - No viable dags retrieved from /opt/airflow/dags/DAG_scraper.py
[2025-09-23T23:03:15.369+0000] {processor.py:183} INFO - Processing /opt/airflow/dags/DAG_scraper.py took 0.067 seconds
[2025-09-23T23:03:45.708+0000] {processor.py:161} INFO - Started process (PID=34) to work on /opt/airflow/dags/DAG_scraper.py
[2025-09-23T23:03:45.709+0000] {processor.py:830} INFO - Processing file /opt/airflow/dags/DAG_scraper.py for tasks to queue
[2025-09-23T23:03:45.712+0000] {logging_mixin.py:188} INFO - [2025-09-23T23:03:45.711+0000] {dagbag.py:545} INFO - Filling up the DagBag from /opt/airflow/dags/DAG_scraper.py
[2025-09-23T23:03:45.719+0000] {logging_mixin.py:188} INFO - [2025-09-23T23:03:45.718+0000] {dagbag.py:355} ERROR - Failed to import: /opt/airflow/dags/DAG_scraper.py
Traceback (most recent call last):
  File "/home/airflow/.local/lib/python3.10/site-packages/airflow/models/dagbag.py", line 351, in parse
    loader.exec_module(new_module)
  File "<frozen importlib._bootstrap_external>", line 883, in exec_module
  File "<frozen importlib._bootstrap>", line 241, in _call_with_frames_removed
  File "/opt/airflow/dags/DAG_scraper.py", line 10, in <module>
    from ProcessData.DataProcessor import DataProcessor
  File "/opt/airflow/dags/ProcessData/DataProcessor.py", line 6, in <module>
    from geopy.geocoders import Nominatim
ModuleNotFoundError: No module named 'geopy'
[2025-09-23T23:03:45.719+0000] {processor.py:842} WARNING - No viable dags retrieved from /opt/airflow/dags/DAG_scraper.py
[2025-09-23T23:03:45.741+0000] {processor.py:183} INFO - Processing /opt/airflow/dags/DAG_scraper.py took 0.043 seconds
[2025-09-23T23:04:16.047+0000] {processor.py:161} INFO - Started process (PID=35) to work on /opt/airflow/dags/DAG_scraper.py
[2025-09-23T23:04:16.047+0000] {processor.py:830} INFO - Processing file /opt/airflow/dags/DAG_scraper.py for tasks to queue
[2025-09-23T23:04:16.050+0000] {logging_mixin.py:188} INFO - [2025-09-23T23:04:16.049+0000] {dagbag.py:545} INFO - Filling up the DagBag from /opt/airflow/dags/DAG_scraper.py
[2025-09-23T23:04:16.056+0000] {logging_mixin.py:188} INFO - [2025-09-23T23:04:16.056+0000] {dagbag.py:355} ERROR - Failed to import: /opt/airflow/dags/DAG_scraper.py
Traceback (most recent call last):
  File "/home/airflow/.local/lib/python3.10/site-packages/airflow/models/dagbag.py", line 351, in parse
    loader.exec_module(new_module)
  File "<frozen importlib._bootstrap_external>", line 883, in exec_module
  File "<frozen importlib._bootstrap>", line 241, in _call_with_frames_removed
  File "/opt/airflow/dags/DAG_scraper.py", line 10, in <module>
    from ProcessData.DataProcessor import DataProcessor
  File "/opt/airflow/dags/ProcessData/DataProcessor.py", line 6, in <module>
    from geopy.geocoders import Nominatim
ModuleNotFoundError: No module named 'geopy'
[2025-09-23T23:04:16.057+0000] {processor.py:842} WARNING - No viable dags retrieved from /opt/airflow/dags/DAG_scraper.py
[2025-09-23T23:04:16.073+0000] {processor.py:183} INFO - Processing /opt/airflow/dags/DAG_scraper.py took 0.033 seconds
[2025-09-23T23:04:46.414+0000] {processor.py:161} INFO - Started process (PID=36) to work on /opt/airflow/dags/DAG_scraper.py
[2025-09-23T23:04:46.415+0000] {processor.py:830} INFO - Processing file /opt/airflow/dags/DAG_scraper.py for tasks to queue
[2025-09-23T23:04:46.418+0000] {logging_mixin.py:188} INFO - [2025-09-23T23:04:46.418+0000] {dagbag.py:545} INFO - Filling up the DagBag from /opt/airflow/dags/DAG_scraper.py
[2025-09-23T23:04:46.427+0000] {logging_mixin.py:188} INFO - [2025-09-23T23:04:46.425+0000] {dagbag.py:355} ERROR - Failed to import: /opt/airflow/dags/DAG_scraper.py
Traceback (most recent call last):
  File "/home/airflow/.local/lib/python3.10/site-packages/airflow/models/dagbag.py", line 351, in parse
    loader.exec_module(new_module)
  File "<frozen importlib._bootstrap_external>", line 883, in exec_module
  File "<frozen importlib._bootstrap>", line 241, in _call_with_frames_removed
  File "/opt/airflow/dags/DAG_scraper.py", line 10, in <module>
    from ProcessData.DataProcessor import DataProcessor
  File "/opt/airflow/dags/ProcessData/DataProcessor.py", line 6, in <module>
    from geopy.geocoders import Nominatim
ModuleNotFoundError: No module named 'geopy'
[2025-09-23T23:04:46.428+0000] {processor.py:842} WARNING - No viable dags retrieved from /opt/airflow/dags/DAG_scraper.py
[2025-09-23T23:04:46.461+0000] {processor.py:183} INFO - Processing /opt/airflow/dags/DAG_scraper.py took 0.056 seconds
[2025-09-23T23:05:16.756+0000] {processor.py:161} INFO - Started process (PID=37) to work on /opt/airflow/dags/DAG_scraper.py
[2025-09-23T23:05:16.758+0000] {processor.py:830} INFO - Processing file /opt/airflow/dags/DAG_scraper.py for tasks to queue
[2025-09-23T23:05:16.760+0000] {logging_mixin.py:188} INFO - [2025-09-23T23:05:16.760+0000] {dagbag.py:545} INFO - Filling up the DagBag from /opt/airflow/dags/DAG_scraper.py
[2025-09-23T23:05:16.767+0000] {logging_mixin.py:188} INFO - [2025-09-23T23:05:16.766+0000] {dagbag.py:355} ERROR - Failed to import: /opt/airflow/dags/DAG_scraper.py
Traceback (most recent call last):
  File "/home/airflow/.local/lib/python3.10/site-packages/airflow/models/dagbag.py", line 351, in parse
    loader.exec_module(new_module)
  File "<frozen importlib._bootstrap_external>", line 883, in exec_module
  File "<frozen importlib._bootstrap>", line 241, in _call_with_frames_removed
  File "/opt/airflow/dags/DAG_scraper.py", line 10, in <module>
    from ProcessData.DataProcessor import DataProcessor
  File "/opt/airflow/dags/ProcessData/DataProcessor.py", line 6, in <module>
    from geopy.geocoders import Nominatim
ModuleNotFoundError: No module named 'geopy'
[2025-09-23T23:05:16.767+0000] {processor.py:842} WARNING - No viable dags retrieved from /opt/airflow/dags/DAG_scraper.py
[2025-09-23T23:05:16.800+0000] {processor.py:183} INFO - Processing /opt/airflow/dags/DAG_scraper.py took 0.052 seconds
[2025-09-23T23:05:47.116+0000] {processor.py:161} INFO - Started process (PID=38) to work on /opt/airflow/dags/DAG_scraper.py
[2025-09-23T23:05:47.117+0000] {processor.py:830} INFO - Processing file /opt/airflow/dags/DAG_scraper.py for tasks to queue
[2025-09-23T23:05:47.120+0000] {logging_mixin.py:188} INFO - [2025-09-23T23:05:47.119+0000] {dagbag.py:545} INFO - Filling up the DagBag from /opt/airflow/dags/DAG_scraper.py
[2025-09-23T23:05:47.126+0000] {logging_mixin.py:188} INFO - [2025-09-23T23:05:47.125+0000] {dagbag.py:355} ERROR - Failed to import: /opt/airflow/dags/DAG_scraper.py
Traceback (most recent call last):
  File "/home/airflow/.local/lib/python3.10/site-packages/airflow/models/dagbag.py", line 351, in parse
    loader.exec_module(new_module)
  File "<frozen importlib._bootstrap_external>", line 883, in exec_module
  File "<frozen importlib._bootstrap>", line 241, in _call_with_frames_removed
  File "/opt/airflow/dags/DAG_scraper.py", line 10, in <module>
    from ProcessData.DataProcessor import DataProcessor
  File "/opt/airflow/dags/ProcessData/DataProcessor.py", line 6, in <module>
    from geopy.geocoders import Nominatim
ModuleNotFoundError: No module named 'geopy'
[2025-09-23T23:05:47.126+0000] {processor.py:842} WARNING - No viable dags retrieved from /opt/airflow/dags/DAG_scraper.py
[2025-09-23T23:05:47.145+0000] {processor.py:183} INFO - Processing /opt/airflow/dags/DAG_scraper.py took 0.037 seconds
[2025-09-23T23:06:17.446+0000] {processor.py:161} INFO - Started process (PID=39) to work on /opt/airflow/dags/DAG_scraper.py
[2025-09-23T23:06:17.446+0000] {processor.py:830} INFO - Processing file /opt/airflow/dags/DAG_scraper.py for tasks to queue
[2025-09-23T23:06:17.449+0000] {logging_mixin.py:188} INFO - [2025-09-23T23:06:17.448+0000] {dagbag.py:545} INFO - Filling up the DagBag from /opt/airflow/dags/DAG_scraper.py
[2025-09-23T23:06:17.454+0000] {logging_mixin.py:188} INFO - [2025-09-23T23:06:17.453+0000] {dagbag.py:355} ERROR - Failed to import: /opt/airflow/dags/DAG_scraper.py
Traceback (most recent call last):
  File "/home/airflow/.local/lib/python3.10/site-packages/airflow/models/dagbag.py", line 351, in parse
    loader.exec_module(new_module)
  File "<frozen importlib._bootstrap_external>", line 883, in exec_module
  File "<frozen importlib._bootstrap>", line 241, in _call_with_frames_removed
  File "/opt/airflow/dags/DAG_scraper.py", line 10, in <module>
    from ProcessData.DataProcessor import DataProcessor
  File "/opt/airflow/dags/ProcessData/DataProcessor.py", line 6, in <module>
    from geopy.geocoders import Nominatim
ModuleNotFoundError: No module named 'geopy'
[2025-09-23T23:06:17.454+0000] {processor.py:842} WARNING - No viable dags retrieved from /opt/airflow/dags/DAG_scraper.py
[2025-09-23T23:06:17.493+0000] {processor.py:183} INFO - Processing /opt/airflow/dags/DAG_scraper.py took 0.056 seconds
[2025-09-23T23:06:47.763+0000] {processor.py:161} INFO - Started process (PID=40) to work on /opt/airflow/dags/DAG_scraper.py
[2025-09-23T23:06:47.764+0000] {processor.py:830} INFO - Processing file /opt/airflow/dags/DAG_scraper.py for tasks to queue
[2025-09-23T23:06:47.767+0000] {logging_mixin.py:188} INFO - [2025-09-23T23:06:47.766+0000] {dagbag.py:545} INFO - Filling up the DagBag from /opt/airflow/dags/DAG_scraper.py
[2025-09-23T23:06:47.773+0000] {logging_mixin.py:188} INFO - [2025-09-23T23:06:47.772+0000] {dagbag.py:355} ERROR - Failed to import: /opt/airflow/dags/DAG_scraper.py
Traceback (most recent call last):
  File "/home/airflow/.local/lib/python3.10/site-packages/airflow/models/dagbag.py", line 351, in parse
    loader.exec_module(new_module)
  File "<frozen importlib._bootstrap_external>", line 883, in exec_module
  File "<frozen importlib._bootstrap>", line 241, in _call_with_frames_removed
  File "/opt/airflow/dags/DAG_scraper.py", line 10, in <module>
    from ProcessData.DataProcessor import DataProcessor
  File "/opt/airflow/dags/ProcessData/DataProcessor.py", line 6, in <module>
    from geopy.geocoders import Nominatim
ModuleNotFoundError: No module named 'geopy'
[2025-09-23T23:06:47.773+0000] {processor.py:842} WARNING - No viable dags retrieved from /opt/airflow/dags/DAG_scraper.py
[2025-09-23T23:06:47.793+0000] {processor.py:183} INFO - Processing /opt/airflow/dags/DAG_scraper.py took 0.041 seconds
[2025-09-23T23:07:18.064+0000] {processor.py:161} INFO - Started process (PID=41) to work on /opt/airflow/dags/DAG_scraper.py
[2025-09-23T23:07:18.064+0000] {processor.py:830} INFO - Processing file /opt/airflow/dags/DAG_scraper.py for tasks to queue
[2025-09-23T23:07:18.067+0000] {logging_mixin.py:188} INFO - [2025-09-23T23:07:18.066+0000] {dagbag.py:545} INFO - Filling up the DagBag from /opt/airflow/dags/DAG_scraper.py
[2025-09-23T23:07:18.073+0000] {logging_mixin.py:188} INFO - [2025-09-23T23:07:18.072+0000] {dagbag.py:355} ERROR - Failed to import: /opt/airflow/dags/DAG_scraper.py
Traceback (most recent call last):
  File "/home/airflow/.local/lib/python3.10/site-packages/airflow/models/dagbag.py", line 351, in parse
    loader.exec_module(new_module)
  File "<frozen importlib._bootstrap_external>", line 883, in exec_module
  File "<frozen importlib._bootstrap>", line 241, in _call_with_frames_removed
  File "/opt/airflow/dags/DAG_scraper.py", line 10, in <module>
    from ProcessData.DataProcessor import DataProcessor
  File "/opt/airflow/dags/ProcessData/DataProcessor.py", line 6, in <module>
    from geopy.geocoders import Nominatim
ModuleNotFoundError: No module named 'geopy'
[2025-09-23T23:07:18.073+0000] {processor.py:842} WARNING - No viable dags retrieved from /opt/airflow/dags/DAG_scraper.py
[2025-09-23T23:07:18.092+0000] {processor.py:183} INFO - Processing /opt/airflow/dags/DAG_scraper.py took 0.038 seconds
[2025-09-23T23:07:48.389+0000] {processor.py:161} INFO - Started process (PID=42) to work on /opt/airflow/dags/DAG_scraper.py
[2025-09-23T23:07:48.390+0000] {processor.py:830} INFO - Processing file /opt/airflow/dags/DAG_scraper.py for tasks to queue
[2025-09-23T23:07:48.393+0000] {logging_mixin.py:188} INFO - [2025-09-23T23:07:48.392+0000] {dagbag.py:545} INFO - Filling up the DagBag from /opt/airflow/dags/DAG_scraper.py
[2025-09-23T23:07:48.407+0000] {logging_mixin.py:188} INFO - [2025-09-23T23:07:48.405+0000] {dagbag.py:355} ERROR - Failed to import: /opt/airflow/dags/DAG_scraper.py
Traceback (most recent call last):
  File "/home/airflow/.local/lib/python3.10/site-packages/airflow/models/dagbag.py", line 351, in parse
    loader.exec_module(new_module)
  File "<frozen importlib._bootstrap_external>", line 883, in exec_module
  File "<frozen importlib._bootstrap>", line 241, in _call_with_frames_removed
  File "/opt/airflow/dags/DAG_scraper.py", line 10, in <module>
    from ProcessData.DataProcessor import DataProcessor
  File "/opt/airflow/dags/ProcessData/DataProcessor.py", line 6, in <module>
    from geopy.geocoders import Nominatim
ModuleNotFoundError: No module named 'geopy'
[2025-09-23T23:07:48.408+0000] {processor.py:842} WARNING - No viable dags retrieved from /opt/airflow/dags/DAG_scraper.py
[2025-09-23T23:07:48.432+0000] {processor.py:183} INFO - Processing /opt/airflow/dags/DAG_scraper.py took 0.052 seconds
[2025-09-23T23:08:18.737+0000] {processor.py:161} INFO - Started process (PID=43) to work on /opt/airflow/dags/DAG_scraper.py
[2025-09-23T23:08:18.738+0000] {processor.py:830} INFO - Processing file /opt/airflow/dags/DAG_scraper.py for tasks to queue
[2025-09-23T23:08:18.741+0000] {logging_mixin.py:188} INFO - [2025-09-23T23:08:18.740+0000] {dagbag.py:545} INFO - Filling up the DagBag from /opt/airflow/dags/DAG_scraper.py
[2025-09-23T23:08:18.747+0000] {logging_mixin.py:188} INFO - [2025-09-23T23:08:18.746+0000] {dagbag.py:355} ERROR - Failed to import: /opt/airflow/dags/DAG_scraper.py
Traceback (most recent call last):
  File "/home/airflow/.local/lib/python3.10/site-packages/airflow/models/dagbag.py", line 351, in parse
    loader.exec_module(new_module)
  File "<frozen importlib._bootstrap_external>", line 883, in exec_module
  File "<frozen importlib._bootstrap>", line 241, in _call_with_frames_removed
  File "/opt/airflow/dags/DAG_scraper.py", line 10, in <module>
    from ProcessData.DataProcessor import DataProcessor
  File "/opt/airflow/dags/ProcessData/DataProcessor.py", line 6, in <module>
    from geopy.geocoders import Nominatim
ModuleNotFoundError: No module named 'geopy'
[2025-09-23T23:08:18.747+0000] {processor.py:842} WARNING - No viable dags retrieved from /opt/airflow/dags/DAG_scraper.py
[2025-09-23T23:08:18.768+0000] {processor.py:183} INFO - Processing /opt/airflow/dags/DAG_scraper.py took 0.049 seconds
[2025-09-23T23:08:49.074+0000] {processor.py:161} INFO - Started process (PID=44) to work on /opt/airflow/dags/DAG_scraper.py
[2025-09-23T23:08:49.075+0000] {processor.py:830} INFO - Processing file /opt/airflow/dags/DAG_scraper.py for tasks to queue
[2025-09-23T23:08:49.078+0000] {logging_mixin.py:188} INFO - [2025-09-23T23:08:49.077+0000] {dagbag.py:545} INFO - Filling up the DagBag from /opt/airflow/dags/DAG_scraper.py
[2025-09-23T23:08:49.084+0000] {logging_mixin.py:188} INFO - [2025-09-23T23:08:49.083+0000] {dagbag.py:355} ERROR - Failed to import: /opt/airflow/dags/DAG_scraper.py
Traceback (most recent call last):
  File "/home/airflow/.local/lib/python3.10/site-packages/airflow/models/dagbag.py", line 351, in parse
    loader.exec_module(new_module)
  File "<frozen importlib._bootstrap_external>", line 883, in exec_module
  File "<frozen importlib._bootstrap>", line 241, in _call_with_frames_removed
  File "/opt/airflow/dags/DAG_scraper.py", line 10, in <module>
    from ProcessData.DataProcessor import DataProcessor
  File "/opt/airflow/dags/ProcessData/DataProcessor.py", line 6, in <module>
    from geopy.geocoders import Nominatim
ModuleNotFoundError: No module named 'geopy'
[2025-09-23T23:08:49.084+0000] {processor.py:842} WARNING - No viable dags retrieved from /opt/airflow/dags/DAG_scraper.py
[2025-09-23T23:08:49.103+0000] {processor.py:183} INFO - Processing /opt/airflow/dags/DAG_scraper.py took 0.037 seconds
[2025-09-23T23:09:19.444+0000] {processor.py:161} INFO - Started process (PID=45) to work on /opt/airflow/dags/DAG_scraper.py
[2025-09-23T23:09:19.445+0000] {processor.py:830} INFO - Processing file /opt/airflow/dags/DAG_scraper.py for tasks to queue
[2025-09-23T23:09:19.448+0000] {logging_mixin.py:188} INFO - [2025-09-23T23:09:19.448+0000] {dagbag.py:545} INFO - Filling up the DagBag from /opt/airflow/dags/DAG_scraper.py
[2025-09-23T23:09:19.455+0000] {logging_mixin.py:188} INFO - [2025-09-23T23:09:19.454+0000] {dagbag.py:355} ERROR - Failed to import: /opt/airflow/dags/DAG_scraper.py
Traceback (most recent call last):
  File "/home/airflow/.local/lib/python3.10/site-packages/airflow/models/dagbag.py", line 351, in parse
    loader.exec_module(new_module)
  File "<frozen importlib._bootstrap_external>", line 883, in exec_module
  File "<frozen importlib._bootstrap>", line 241, in _call_with_frames_removed
  File "/opt/airflow/dags/DAG_scraper.py", line 10, in <module>
    from ProcessData.DataProcessor import DataProcessor
  File "/opt/airflow/dags/ProcessData/DataProcessor.py", line 6, in <module>
    from geopy.geocoders import Nominatim
ModuleNotFoundError: No module named 'geopy'
[2025-09-23T23:09:19.455+0000] {processor.py:842} WARNING - No viable dags retrieved from /opt/airflow/dags/DAG_scraper.py
[2025-09-23T23:09:19.488+0000] {processor.py:183} INFO - Processing /opt/airflow/dags/DAG_scraper.py took 0.053 seconds
[2025-09-23T23:09:49.799+0000] {processor.py:161} INFO - Started process (PID=46) to work on /opt/airflow/dags/DAG_scraper.py
[2025-09-23T23:09:49.800+0000] {processor.py:830} INFO - Processing file /opt/airflow/dags/DAG_scraper.py for tasks to queue
[2025-09-23T23:09:49.803+0000] {logging_mixin.py:188} INFO - [2025-09-23T23:09:49.802+0000] {dagbag.py:545} INFO - Filling up the DagBag from /opt/airflow/dags/DAG_scraper.py
[2025-09-23T23:09:49.809+0000] {logging_mixin.py:188} INFO - [2025-09-23T23:09:49.809+0000] {dagbag.py:355} ERROR - Failed to import: /opt/airflow/dags/DAG_scraper.py
Traceback (most recent call last):
  File "/home/airflow/.local/lib/python3.10/site-packages/airflow/models/dagbag.py", line 351, in parse
    loader.exec_module(new_module)
  File "<frozen importlib._bootstrap_external>", line 883, in exec_module
  File "<frozen importlib._bootstrap>", line 241, in _call_with_frames_removed
  File "/opt/airflow/dags/DAG_scraper.py", line 10, in <module>
    from ProcessData.DataProcessor import DataProcessor
  File "/opt/airflow/dags/ProcessData/DataProcessor.py", line 6, in <module>
    from geopy.geocoders import Nominatim
ModuleNotFoundError: No module named 'geopy'
[2025-09-23T23:09:49.809+0000] {processor.py:842} WARNING - No viable dags retrieved from /opt/airflow/dags/DAG_scraper.py
[2025-09-23T23:09:49.830+0000] {processor.py:183} INFO - Processing /opt/airflow/dags/DAG_scraper.py took 0.060 seconds
[2025-09-23T23:10:20.135+0000] {processor.py:161} INFO - Started process (PID=47) to work on /opt/airflow/dags/DAG_scraper.py
[2025-09-23T23:10:20.136+0000] {processor.py:830} INFO - Processing file /opt/airflow/dags/DAG_scraper.py for tasks to queue
[2025-09-23T23:10:20.139+0000] {logging_mixin.py:188} INFO - [2025-09-23T23:10:20.139+0000] {dagbag.py:545} INFO - Filling up the DagBag from /opt/airflow/dags/DAG_scraper.py
[2025-09-23T23:10:20.145+0000] {logging_mixin.py:188} INFO - [2025-09-23T23:10:20.144+0000] {dagbag.py:355} ERROR - Failed to import: /opt/airflow/dags/DAG_scraper.py
Traceback (most recent call last):
  File "/home/airflow/.local/lib/python3.10/site-packages/airflow/models/dagbag.py", line 351, in parse
    loader.exec_module(new_module)
  File "<frozen importlib._bootstrap_external>", line 883, in exec_module
  File "<frozen importlib._bootstrap>", line 241, in _call_with_frames_removed
  File "/opt/airflow/dags/DAG_scraper.py", line 10, in <module>
    from ProcessData.DataProcessor import DataProcessor
  File "/opt/airflow/dags/ProcessData/DataProcessor.py", line 6, in <module>
    from geopy.geocoders import Nominatim
ModuleNotFoundError: No module named 'geopy'
[2025-09-23T23:10:20.145+0000] {processor.py:842} WARNING - No viable dags retrieved from /opt/airflow/dags/DAG_scraper.py
[2025-09-23T23:10:20.165+0000] {processor.py:183} INFO - Processing /opt/airflow/dags/DAG_scraper.py took 0.047 seconds
[2025-09-23T23:10:50.483+0000] {processor.py:161} INFO - Started process (PID=48) to work on /opt/airflow/dags/DAG_scraper.py
[2025-09-23T23:10:50.484+0000] {processor.py:830} INFO - Processing file /opt/airflow/dags/DAG_scraper.py for tasks to queue
[2025-09-23T23:10:50.487+0000] {logging_mixin.py:188} INFO - [2025-09-23T23:10:50.487+0000] {dagbag.py:545} INFO - Filling up the DagBag from /opt/airflow/dags/DAG_scraper.py
[2025-09-23T23:10:50.494+0000] {logging_mixin.py:188} INFO - [2025-09-23T23:10:50.493+0000] {dagbag.py:355} ERROR - Failed to import: /opt/airflow/dags/DAG_scraper.py
Traceback (most recent call last):
  File "/home/airflow/.local/lib/python3.10/site-packages/airflow/models/dagbag.py", line 351, in parse
    loader.exec_module(new_module)
  File "<frozen importlib._bootstrap_external>", line 883, in exec_module
  File "<frozen importlib._bootstrap>", line 241, in _call_with_frames_removed
  File "/opt/airflow/dags/DAG_scraper.py", line 10, in <module>
    from ProcessData.DataProcessor import DataProcessor
  File "/opt/airflow/dags/ProcessData/DataProcessor.py", line 6, in <module>
    from geopy.geocoders import Nominatim
ModuleNotFoundError: No module named 'geopy'
[2025-09-23T23:10:50.494+0000] {processor.py:842} WARNING - No viable dags retrieved from /opt/airflow/dags/DAG_scraper.py
[2025-09-23T23:10:50.523+0000] {processor.py:183} INFO - Processing /opt/airflow/dags/DAG_scraper.py took 0.064 seconds
[2025-09-23T23:11:20.927+0000] {processor.py:161} INFO - Started process (PID=49) to work on /opt/airflow/dags/DAG_scraper.py
[2025-09-23T23:11:20.930+0000] {processor.py:830} INFO - Processing file /opt/airflow/dags/DAG_scraper.py for tasks to queue
[2025-09-23T23:11:20.942+0000] {logging_mixin.py:188} INFO - [2025-09-23T23:11:20.941+0000] {dagbag.py:545} INFO - Filling up the DagBag from /opt/airflow/dags/DAG_scraper.py
[2025-09-23T23:11:20.970+0000] {logging_mixin.py:188} INFO - [2025-09-23T23:11:20.959+0000] {dagbag.py:355} ERROR - Failed to import: /opt/airflow/dags/DAG_scraper.py
Traceback (most recent call last):
  File "/home/airflow/.local/lib/python3.10/site-packages/airflow/models/dagbag.py", line 351, in parse
    loader.exec_module(new_module)
  File "<frozen importlib._bootstrap_external>", line 883, in exec_module
  File "<frozen importlib._bootstrap>", line 241, in _call_with_frames_removed
  File "/opt/airflow/dags/DAG_scraper.py", line 10, in <module>
    from ProcessData.DataProcessor import DataProcessor
  File "/opt/airflow/dags/ProcessData/DataProcessor.py", line 6, in <module>
    from geopy.geocoders import Nominatim
ModuleNotFoundError: No module named 'geopy'
[2025-09-23T23:11:20.972+0000] {processor.py:842} WARNING - No viable dags retrieved from /opt/airflow/dags/DAG_scraper.py
[2025-09-23T23:11:21.020+0000] {processor.py:183} INFO - Processing /opt/airflow/dags/DAG_scraper.py took 0.123 seconds
[2025-09-23T23:11:51.273+0000] {processor.py:161} INFO - Started process (PID=50) to work on /opt/airflow/dags/DAG_scraper.py
[2025-09-23T23:11:51.274+0000] {processor.py:830} INFO - Processing file /opt/airflow/dags/DAG_scraper.py for tasks to queue
[2025-09-23T23:11:51.276+0000] {logging_mixin.py:188} INFO - [2025-09-23T23:11:51.276+0000] {dagbag.py:545} INFO - Filling up the DagBag from /opt/airflow/dags/DAG_scraper.py
[2025-09-23T23:11:51.291+0000] {logging_mixin.py:188} INFO - [2025-09-23T23:11:51.288+0000] {dagbag.py:355} ERROR - Failed to import: /opt/airflow/dags/DAG_scraper.py
Traceback (most recent call last):
  File "/home/airflow/.local/lib/python3.10/site-packages/airflow/models/dagbag.py", line 351, in parse
    loader.exec_module(new_module)
  File "<frozen importlib._bootstrap_external>", line 883, in exec_module
  File "<frozen importlib._bootstrap>", line 241, in _call_with_frames_removed
  File "/opt/airflow/dags/DAG_scraper.py", line 10, in <module>
    from ProcessData.DataProcessor import DataProcessor
  File "/opt/airflow/dags/ProcessData/DataProcessor.py", line 6, in <module>
    from geopy.geocoders import Nominatim
ModuleNotFoundError: No module named 'geopy'
[2025-09-23T23:11:51.292+0000] {processor.py:842} WARNING - No viable dags retrieved from /opt/airflow/dags/DAG_scraper.py
[2025-09-23T23:11:51.322+0000] {processor.py:183} INFO - Processing /opt/airflow/dags/DAG_scraper.py took 0.059 seconds
[2025-09-23T23:12:21.614+0000] {processor.py:161} INFO - Started process (PID=51) to work on /opt/airflow/dags/DAG_scraper.py
[2025-09-23T23:12:21.615+0000] {processor.py:830} INFO - Processing file /opt/airflow/dags/DAG_scraper.py for tasks to queue
[2025-09-23T23:12:21.618+0000] {logging_mixin.py:188} INFO - [2025-09-23T23:12:21.618+0000] {dagbag.py:545} INFO - Filling up the DagBag from /opt/airflow/dags/DAG_scraper.py
[2025-09-23T23:12:21.625+0000] {logging_mixin.py:188} INFO - [2025-09-23T23:12:21.624+0000] {dagbag.py:355} ERROR - Failed to import: /opt/airflow/dags/DAG_scraper.py
Traceback (most recent call last):
  File "/home/airflow/.local/lib/python3.10/site-packages/airflow/models/dagbag.py", line 351, in parse
    loader.exec_module(new_module)
  File "<frozen importlib._bootstrap_external>", line 883, in exec_module
  File "<frozen importlib._bootstrap>", line 241, in _call_with_frames_removed
  File "/opt/airflow/dags/DAG_scraper.py", line 10, in <module>
    from ProcessData.DataProcessor import DataProcessor
  File "/opt/airflow/dags/ProcessData/DataProcessor.py", line 6, in <module>
    from geopy.geocoders import Nominatim
ModuleNotFoundError: No module named 'geopy'
[2025-09-23T23:12:21.625+0000] {processor.py:842} WARNING - No viable dags retrieved from /opt/airflow/dags/DAG_scraper.py
[2025-09-23T23:12:21.662+0000] {processor.py:183} INFO - Processing /opt/airflow/dags/DAG_scraper.py took 0.058 seconds
[2025-09-23T23:13:17.300+0000] {processor.py:161} INFO - Started process (PID=29) to work on /opt/airflow/dags/DAG_scraper.py
[2025-09-23T23:13:17.302+0000] {processor.py:830} INFO - Processing file /opt/airflow/dags/DAG_scraper.py for tasks to queue
[2025-09-23T23:13:17.304+0000] {logging_mixin.py:188} INFO - [2025-09-23T23:13:17.304+0000] {dagbag.py:545} INFO - Filling up the DagBag from /opt/airflow/dags/DAG_scraper.py
[2025-09-23T23:13:17.312+0000] {logging_mixin.py:188} INFO - [2025-09-23T23:13:17.307+0000] {dagbag.py:355} ERROR - Failed to import: /opt/airflow/dags/DAG_scraper.py
Traceback (most recent call last):
  File "/home/airflow/.local/lib/python3.10/site-packages/airflow/models/dagbag.py", line 351, in parse
    loader.exec_module(new_module)
  File "<frozen importlib._bootstrap_external>", line 883, in exec_module
  File "<frozen importlib._bootstrap>", line 241, in _call_with_frames_removed
  File "/opt/airflow/dags/DAG_scraper.py", line 10, in <module>
    from ProcessData.DataProcessor import DataProcessor
  File "/opt/airflow/dags/ProcessData/DataProcessor.py", line 6, in <module>
    from geopy.geocoders import Nominatim
ModuleNotFoundError: No module named 'geopy'
[2025-09-23T23:13:17.312+0000] {processor.py:842} WARNING - No viable dags retrieved from /opt/airflow/dags/DAG_scraper.py
[2025-09-23T23:13:17.327+0000] {processor.py:183} INFO - Processing /opt/airflow/dags/DAG_scraper.py took 0.031 seconds
[2025-09-23T23:13:47.625+0000] {processor.py:161} INFO - Started process (PID=30) to work on /opt/airflow/dags/DAG_scraper.py
[2025-09-23T23:13:47.626+0000] {processor.py:830} INFO - Processing file /opt/airflow/dags/DAG_scraper.py for tasks to queue
[2025-09-23T23:13:47.630+0000] {logging_mixin.py:188} INFO - [2025-09-23T23:13:47.629+0000] {dagbag.py:545} INFO - Filling up the DagBag from /opt/airflow/dags/DAG_scraper.py
[2025-09-23T23:13:47.637+0000] {logging_mixin.py:188} INFO - [2025-09-23T23:13:47.635+0000] {dagbag.py:355} ERROR - Failed to import: /opt/airflow/dags/DAG_scraper.py
Traceback (most recent call last):
  File "/home/airflow/.local/lib/python3.10/site-packages/airflow/models/dagbag.py", line 351, in parse
    loader.exec_module(new_module)
  File "<frozen importlib._bootstrap_external>", line 883, in exec_module
  File "<frozen importlib._bootstrap>", line 241, in _call_with_frames_removed
  File "/opt/airflow/dags/DAG_scraper.py", line 10, in <module>
    from ProcessData.DataProcessor import DataProcessor
  File "/opt/airflow/dags/ProcessData/DataProcessor.py", line 6, in <module>
    from geopy.geocoders import Nominatim
ModuleNotFoundError: No module named 'geopy'
[2025-09-23T23:13:47.638+0000] {processor.py:842} WARNING - No viable dags retrieved from /opt/airflow/dags/DAG_scraper.py
[2025-09-23T23:13:47.655+0000] {processor.py:183} INFO - Processing /opt/airflow/dags/DAG_scraper.py took 0.056 seconds
[2025-09-23T23:14:17.872+0000] {processor.py:161} INFO - Started process (PID=31) to work on /opt/airflow/dags/DAG_scraper.py
[2025-09-23T23:14:17.873+0000] {processor.py:830} INFO - Processing file /opt/airflow/dags/DAG_scraper.py for tasks to queue
[2025-09-23T23:14:17.875+0000] {logging_mixin.py:188} INFO - [2025-09-23T23:14:17.875+0000] {dagbag.py:545} INFO - Filling up the DagBag from /opt/airflow/dags/DAG_scraper.py
[2025-09-23T23:14:17.881+0000] {logging_mixin.py:188} INFO - [2025-09-23T23:14:17.880+0000] {dagbag.py:355} ERROR - Failed to import: /opt/airflow/dags/DAG_scraper.py
Traceback (most recent call last):
  File "/home/airflow/.local/lib/python3.10/site-packages/airflow/models/dagbag.py", line 351, in parse
    loader.exec_module(new_module)
  File "<frozen importlib._bootstrap_external>", line 883, in exec_module
  File "<frozen importlib._bootstrap>", line 241, in _call_with_frames_removed
  File "/opt/airflow/dags/DAG_scraper.py", line 10, in <module>
    from ProcessData.DataProcessor import DataProcessor
  File "/opt/airflow/dags/ProcessData/DataProcessor.py", line 6, in <module>
    from geopy.geocoders import Nominatim
ModuleNotFoundError: No module named 'geopy'
[2025-09-23T23:14:17.882+0000] {processor.py:842} WARNING - No viable dags retrieved from /opt/airflow/dags/DAG_scraper.py
[2025-09-23T23:14:17.899+0000] {processor.py:183} INFO - Processing /opt/airflow/dags/DAG_scraper.py took 0.035 seconds
[2025-09-23T23:14:48.197+0000] {processor.py:161} INFO - Started process (PID=32) to work on /opt/airflow/dags/DAG_scraper.py
[2025-09-23T23:14:48.197+0000] {processor.py:830} INFO - Processing file /opt/airflow/dags/DAG_scraper.py for tasks to queue
[2025-09-23T23:14:48.200+0000] {logging_mixin.py:188} INFO - [2025-09-23T23:14:48.200+0000] {dagbag.py:545} INFO - Filling up the DagBag from /opt/airflow/dags/DAG_scraper.py
[2025-09-23T23:14:48.207+0000] {logging_mixin.py:188} INFO - [2025-09-23T23:14:48.206+0000] {dagbag.py:355} ERROR - Failed to import: /opt/airflow/dags/DAG_scraper.py
Traceback (most recent call last):
  File "/home/airflow/.local/lib/python3.10/site-packages/airflow/models/dagbag.py", line 351, in parse
    loader.exec_module(new_module)
  File "<frozen importlib._bootstrap_external>", line 883, in exec_module
  File "<frozen importlib._bootstrap>", line 241, in _call_with_frames_removed
  File "/opt/airflow/dags/DAG_scraper.py", line 10, in <module>
    from ProcessData.DataProcessor import DataProcessor
  File "/opt/airflow/dags/ProcessData/DataProcessor.py", line 6, in <module>
    from geopy.geocoders import Nominatim
ModuleNotFoundError: No module named 'geopy'
[2025-09-23T23:14:48.207+0000] {processor.py:842} WARNING - No viable dags retrieved from /opt/airflow/dags/DAG_scraper.py
[2025-09-23T23:14:48.224+0000] {processor.py:183} INFO - Processing /opt/airflow/dags/DAG_scraper.py took 0.035 seconds
[2025-09-23T23:15:18.655+0000] {processor.py:161} INFO - Started process (PID=33) to work on /opt/airflow/dags/DAG_scraper.py
[2025-09-23T23:15:18.656+0000] {processor.py:830} INFO - Processing file /opt/airflow/dags/DAG_scraper.py for tasks to queue
[2025-09-23T23:15:18.658+0000] {logging_mixin.py:188} INFO - [2025-09-23T23:15:18.658+0000] {dagbag.py:545} INFO - Filling up the DagBag from /opt/airflow/dags/DAG_scraper.py
[2025-09-23T23:15:18.665+0000] {logging_mixin.py:188} INFO - [2025-09-23T23:15:18.664+0000] {dagbag.py:355} ERROR - Failed to import: /opt/airflow/dags/DAG_scraper.py
Traceback (most recent call last):
  File "/home/airflow/.local/lib/python3.10/site-packages/airflow/models/dagbag.py", line 351, in parse
    loader.exec_module(new_module)
  File "<frozen importlib._bootstrap_external>", line 883, in exec_module
  File "<frozen importlib._bootstrap>", line 241, in _call_with_frames_removed
  File "/opt/airflow/dags/DAG_scraper.py", line 10, in <module>
    from ProcessData.DataProcessor import DataProcessor
  File "/opt/airflow/dags/ProcessData/DataProcessor.py", line 6, in <module>
    from geopy.geocoders import Nominatim
ModuleNotFoundError: No module named 'geopy'
[2025-09-23T23:15:18.665+0000] {processor.py:842} WARNING - No viable dags retrieved from /opt/airflow/dags/DAG_scraper.py
[2025-09-23T23:15:18.686+0000] {processor.py:183} INFO - Processing /opt/airflow/dags/DAG_scraper.py took 0.051 seconds
[2025-09-23T23:15:49.024+0000] {processor.py:161} INFO - Started process (PID=34) to work on /opt/airflow/dags/DAG_scraper.py
[2025-09-23T23:15:49.025+0000] {processor.py:830} INFO - Processing file /opt/airflow/dags/DAG_scraper.py for tasks to queue
[2025-09-23T23:15:49.027+0000] {logging_mixin.py:188} INFO - [2025-09-23T23:15:49.027+0000] {dagbag.py:545} INFO - Filling up the DagBag from /opt/airflow/dags/DAG_scraper.py
[2025-09-23T23:15:49.034+0000] {logging_mixin.py:188} INFO - [2025-09-23T23:15:49.033+0000] {dagbag.py:355} ERROR - Failed to import: /opt/airflow/dags/DAG_scraper.py
Traceback (most recent call last):
  File "/home/airflow/.local/lib/python3.10/site-packages/airflow/models/dagbag.py", line 351, in parse
    loader.exec_module(new_module)
  File "<frozen importlib._bootstrap_external>", line 883, in exec_module
  File "<frozen importlib._bootstrap>", line 241, in _call_with_frames_removed
  File "/opt/airflow/dags/DAG_scraper.py", line 10, in <module>
    from ProcessData.DataProcessor import DataProcessor
  File "/opt/airflow/dags/ProcessData/DataProcessor.py", line 6, in <module>
    from geopy.geocoders import Nominatim
ModuleNotFoundError: No module named 'geopy'
[2025-09-23T23:15:49.034+0000] {processor.py:842} WARNING - No viable dags retrieved from /opt/airflow/dags/DAG_scraper.py
[2025-09-23T23:15:49.054+0000] {processor.py:183} INFO - Processing /opt/airflow/dags/DAG_scraper.py took 0.048 seconds
[2025-09-23T23:16:19.398+0000] {processor.py:161} INFO - Started process (PID=35) to work on /opt/airflow/dags/DAG_scraper.py
[2025-09-23T23:16:19.399+0000] {processor.py:830} INFO - Processing file /opt/airflow/dags/DAG_scraper.py for tasks to queue
[2025-09-23T23:16:19.402+0000] {logging_mixin.py:188} INFO - [2025-09-23T23:16:19.401+0000] {dagbag.py:545} INFO - Filling up the DagBag from /opt/airflow/dags/DAG_scraper.py
[2025-09-23T23:16:19.408+0000] {logging_mixin.py:188} INFO - [2025-09-23T23:16:19.407+0000] {dagbag.py:355} ERROR - Failed to import: /opt/airflow/dags/DAG_scraper.py
Traceback (most recent call last):
  File "/home/airflow/.local/lib/python3.10/site-packages/airflow/models/dagbag.py", line 351, in parse
    loader.exec_module(new_module)
  File "<frozen importlib._bootstrap_external>", line 883, in exec_module
  File "<frozen importlib._bootstrap>", line 241, in _call_with_frames_removed
  File "/opt/airflow/dags/DAG_scraper.py", line 10, in <module>
    from ProcessData.DataProcessor import DataProcessor
  File "/opt/airflow/dags/ProcessData/DataProcessor.py", line 6, in <module>
    from geopy.geocoders import Nominatim
ModuleNotFoundError: No module named 'geopy'
[2025-09-23T23:16:19.408+0000] {processor.py:842} WARNING - No viable dags retrieved from /opt/airflow/dags/DAG_scraper.py
[2025-09-23T23:16:19.428+0000] {processor.py:183} INFO - Processing /opt/airflow/dags/DAG_scraper.py took 0.055 seconds
[2025-09-23T23:16:49.802+0000] {processor.py:161} INFO - Started process (PID=36) to work on /opt/airflow/dags/DAG_scraper.py
[2025-09-23T23:16:49.803+0000] {processor.py:830} INFO - Processing file /opt/airflow/dags/DAG_scraper.py for tasks to queue
[2025-09-23T23:16:49.806+0000] {logging_mixin.py:188} INFO - [2025-09-23T23:16:49.805+0000] {dagbag.py:545} INFO - Filling up the DagBag from /opt/airflow/dags/DAG_scraper.py
[2025-09-23T23:16:49.812+0000] {logging_mixin.py:188} INFO - [2025-09-23T23:16:49.811+0000] {dagbag.py:355} ERROR - Failed to import: /opt/airflow/dags/DAG_scraper.py
Traceback (most recent call last):
  File "/home/airflow/.local/lib/python3.10/site-packages/airflow/models/dagbag.py", line 351, in parse
    loader.exec_module(new_module)
  File "<frozen importlib._bootstrap_external>", line 883, in exec_module
  File "<frozen importlib._bootstrap>", line 241, in _call_with_frames_removed
  File "/opt/airflow/dags/DAG_scraper.py", line 10, in <module>
    from ProcessData.DataProcessor import DataProcessor
  File "/opt/airflow/dags/ProcessData/DataProcessor.py", line 6, in <module>
    from geopy.geocoders import Nominatim
ModuleNotFoundError: No module named 'geopy'
[2025-09-23T23:16:49.812+0000] {processor.py:842} WARNING - No viable dags retrieved from /opt/airflow/dags/DAG_scraper.py
[2025-09-23T23:16:49.834+0000] {processor.py:183} INFO - Processing /opt/airflow/dags/DAG_scraper.py took 0.041 seconds
[2025-09-23T23:17:20.158+0000] {processor.py:161} INFO - Started process (PID=37) to work on /opt/airflow/dags/DAG_scraper.py
[2025-09-23T23:17:20.158+0000] {processor.py:830} INFO - Processing file /opt/airflow/dags/DAG_scraper.py for tasks to queue
[2025-09-23T23:17:20.161+0000] {logging_mixin.py:188} INFO - [2025-09-23T23:17:20.160+0000] {dagbag.py:545} INFO - Filling up the DagBag from /opt/airflow/dags/DAG_scraper.py
[2025-09-23T23:17:20.170+0000] {logging_mixin.py:188} INFO - [2025-09-23T23:17:20.168+0000] {dagbag.py:355} ERROR - Failed to import: /opt/airflow/dags/DAG_scraper.py
Traceback (most recent call last):
  File "/home/airflow/.local/lib/python3.10/site-packages/airflow/models/dagbag.py", line 351, in parse
    loader.exec_module(new_module)
  File "<frozen importlib._bootstrap_external>", line 883, in exec_module
  File "<frozen importlib._bootstrap>", line 241, in _call_with_frames_removed
  File "/opt/airflow/dags/DAG_scraper.py", line 10, in <module>
    from ProcessData.DataProcessor import DataProcessor
  File "/opt/airflow/dags/ProcessData/DataProcessor.py", line 6, in <module>
    from geopy.geocoders import Nominatim
ModuleNotFoundError: No module named 'geopy'
[2025-09-23T23:17:20.170+0000] {processor.py:842} WARNING - No viable dags retrieved from /opt/airflow/dags/DAG_scraper.py
[2025-09-23T23:17:20.189+0000] {processor.py:183} INFO - Processing /opt/airflow/dags/DAG_scraper.py took 0.041 seconds
[2025-09-23T23:17:50.448+0000] {processor.py:161} INFO - Started process (PID=38) to work on /opt/airflow/dags/DAG_scraper.py
[2025-09-23T23:17:50.449+0000] {processor.py:830} INFO - Processing file /opt/airflow/dags/DAG_scraper.py for tasks to queue
[2025-09-23T23:17:50.451+0000] {logging_mixin.py:188} INFO - [2025-09-23T23:17:50.450+0000] {dagbag.py:545} INFO - Filling up the DagBag from /opt/airflow/dags/DAG_scraper.py
[2025-09-23T23:17:50.455+0000] {logging_mixin.py:188} INFO - [2025-09-23T23:17:50.455+0000] {dagbag.py:355} ERROR - Failed to import: /opt/airflow/dags/DAG_scraper.py
Traceback (most recent call last):
  File "/home/airflow/.local/lib/python3.10/site-packages/airflow/models/dagbag.py", line 351, in parse
    loader.exec_module(new_module)
  File "<frozen importlib._bootstrap_external>", line 883, in exec_module
  File "<frozen importlib._bootstrap>", line 241, in _call_with_frames_removed
  File "/opt/airflow/dags/DAG_scraper.py", line 10, in <module>
    from ProcessData.DataProcessor import DataProcessor
  File "/opt/airflow/dags/ProcessData/DataProcessor.py", line 6, in <module>
    from geopy.geocoders import Nominatim
ModuleNotFoundError: No module named 'geopy'
[2025-09-23T23:17:50.456+0000] {processor.py:842} WARNING - No viable dags retrieved from /opt/airflow/dags/DAG_scraper.py
[2025-09-23T23:17:50.470+0000] {processor.py:183} INFO - Processing /opt/airflow/dags/DAG_scraper.py took 0.028 seconds
[2025-09-23T23:18:20.753+0000] {processor.py:161} INFO - Started process (PID=39) to work on /opt/airflow/dags/DAG_scraper.py
[2025-09-23T23:18:20.754+0000] {processor.py:830} INFO - Processing file /opt/airflow/dags/DAG_scraper.py for tasks to queue
[2025-09-23T23:18:20.757+0000] {logging_mixin.py:188} INFO - [2025-09-23T23:18:20.756+0000] {dagbag.py:545} INFO - Filling up the DagBag from /opt/airflow/dags/DAG_scraper.py
[2025-09-23T23:18:20.763+0000] {logging_mixin.py:188} INFO - [2025-09-23T23:18:20.762+0000] {dagbag.py:355} ERROR - Failed to import: /opt/airflow/dags/DAG_scraper.py
Traceback (most recent call last):
  File "/home/airflow/.local/lib/python3.10/site-packages/airflow/models/dagbag.py", line 351, in parse
    loader.exec_module(new_module)
  File "<frozen importlib._bootstrap_external>", line 883, in exec_module
  File "<frozen importlib._bootstrap>", line 241, in _call_with_frames_removed
  File "/opt/airflow/dags/DAG_scraper.py", line 10, in <module>
    from ProcessData.DataProcessor import DataProcessor
  File "/opt/airflow/dags/ProcessData/DataProcessor.py", line 6, in <module>
    from geopy.geocoders import Nominatim
ModuleNotFoundError: No module named 'geopy'
[2025-09-23T23:18:20.763+0000] {processor.py:842} WARNING - No viable dags retrieved from /opt/airflow/dags/DAG_scraper.py
[2025-09-23T23:18:20.797+0000] {processor.py:183} INFO - Processing /opt/airflow/dags/DAG_scraper.py took 0.052 seconds
[2025-09-23T23:18:50.984+0000] {processor.py:161} INFO - Started process (PID=40) to work on /opt/airflow/dags/DAG_scraper.py
[2025-09-23T23:18:50.984+0000] {processor.py:830} INFO - Processing file /opt/airflow/dags/DAG_scraper.py for tasks to queue
[2025-09-23T23:18:50.987+0000] {logging_mixin.py:188} INFO - [2025-09-23T23:18:50.986+0000] {dagbag.py:545} INFO - Filling up the DagBag from /opt/airflow/dags/DAG_scraper.py
[2025-09-23T23:18:50.992+0000] {logging_mixin.py:188} INFO - [2025-09-23T23:18:50.991+0000] {dagbag.py:355} ERROR - Failed to import: /opt/airflow/dags/DAG_scraper.py
Traceback (most recent call last):
  File "/home/airflow/.local/lib/python3.10/site-packages/airflow/models/dagbag.py", line 351, in parse
    loader.exec_module(new_module)
  File "<frozen importlib._bootstrap_external>", line 883, in exec_module
  File "<frozen importlib._bootstrap>", line 241, in _call_with_frames_removed
  File "/opt/airflow/dags/DAG_scraper.py", line 10, in <module>
    from ProcessData.DataProcessor import DataProcessor
  File "/opt/airflow/dags/ProcessData/DataProcessor.py", line 6, in <module>
    from geopy.geocoders import Nominatim
ModuleNotFoundError: No module named 'geopy'
[2025-09-23T23:18:50.992+0000] {processor.py:842} WARNING - No viable dags retrieved from /opt/airflow/dags/DAG_scraper.py
[2025-09-23T23:18:51.007+0000] {processor.py:183} INFO - Processing /opt/airflow/dags/DAG_scraper.py took 0.029 seconds
[2025-09-23T23:19:21.268+0000] {processor.py:161} INFO - Started process (PID=41) to work on /opt/airflow/dags/DAG_scraper.py
[2025-09-23T23:19:21.269+0000] {processor.py:830} INFO - Processing file /opt/airflow/dags/DAG_scraper.py for tasks to queue
[2025-09-23T23:19:21.272+0000] {logging_mixin.py:188} INFO - [2025-09-23T23:19:21.272+0000] {dagbag.py:545} INFO - Filling up the DagBag from /opt/airflow/dags/DAG_scraper.py
[2025-09-23T23:19:21.288+0000] {logging_mixin.py:188} INFO - [2025-09-23T23:19:21.284+0000] {dagbag.py:355} ERROR - Failed to import: /opt/airflow/dags/DAG_scraper.py
Traceback (most recent call last):
  File "/home/airflow/.local/lib/python3.10/site-packages/airflow/models/dagbag.py", line 351, in parse
    loader.exec_module(new_module)
  File "<frozen importlib._bootstrap_external>", line 883, in exec_module
  File "<frozen importlib._bootstrap>", line 241, in _call_with_frames_removed
  File "/opt/airflow/dags/DAG_scraper.py", line 10, in <module>
    from ProcessData.DataProcessor import DataProcessor
  File "/opt/airflow/dags/ProcessData/DataProcessor.py", line 6, in <module>
    from geopy.geocoders import Nominatim
ModuleNotFoundError: No module named 'geopy'
[2025-09-23T23:19:21.290+0000] {processor.py:842} WARNING - No viable dags retrieved from /opt/airflow/dags/DAG_scraper.py
[2025-09-23T23:19:21.313+0000] {processor.py:183} INFO - Processing /opt/airflow/dags/DAG_scraper.py took 0.052 seconds
[2025-09-23T23:19:51.502+0000] {processor.py:161} INFO - Started process (PID=42) to work on /opt/airflow/dags/DAG_scraper.py
[2025-09-23T23:19:51.503+0000] {processor.py:830} INFO - Processing file /opt/airflow/dags/DAG_scraper.py for tasks to queue
[2025-09-23T23:19:51.506+0000] {logging_mixin.py:188} INFO - [2025-09-23T23:19:51.505+0000] {dagbag.py:545} INFO - Filling up the DagBag from /opt/airflow/dags/DAG_scraper.py
[2025-09-23T23:19:51.512+0000] {logging_mixin.py:188} INFO - [2025-09-23T23:19:51.511+0000] {dagbag.py:355} ERROR - Failed to import: /opt/airflow/dags/DAG_scraper.py
Traceback (most recent call last):
  File "/home/airflow/.local/lib/python3.10/site-packages/airflow/models/dagbag.py", line 351, in parse
    loader.exec_module(new_module)
  File "<frozen importlib._bootstrap_external>", line 883, in exec_module
  File "<frozen importlib._bootstrap>", line 241, in _call_with_frames_removed
  File "/opt/airflow/dags/DAG_scraper.py", line 10, in <module>
    from ProcessData.DataProcessor import DataProcessor
  File "/opt/airflow/dags/ProcessData/DataProcessor.py", line 6, in <module>
    from geopy.geocoders import Nominatim
ModuleNotFoundError: No module named 'geopy'
[2025-09-23T23:19:51.513+0000] {processor.py:842} WARNING - No viable dags retrieved from /opt/airflow/dags/DAG_scraper.py
[2025-09-23T23:19:51.530+0000] {processor.py:183} INFO - Processing /opt/airflow/dags/DAG_scraper.py took 0.035 seconds
[2025-09-23T23:20:21.751+0000] {processor.py:161} INFO - Started process (PID=43) to work on /opt/airflow/dags/DAG_scraper.py
[2025-09-23T23:20:21.752+0000] {processor.py:830} INFO - Processing file /opt/airflow/dags/DAG_scraper.py for tasks to queue
[2025-09-23T23:20:21.753+0000] {logging_mixin.py:188} INFO - [2025-09-23T23:20:21.753+0000] {dagbag.py:545} INFO - Filling up the DagBag from /opt/airflow/dags/DAG_scraper.py
[2025-09-23T23:20:21.759+0000] {logging_mixin.py:188} INFO - [2025-09-23T23:20:21.758+0000] {dagbag.py:355} ERROR - Failed to import: /opt/airflow/dags/DAG_scraper.py
Traceback (most recent call last):
  File "/home/airflow/.local/lib/python3.10/site-packages/airflow/models/dagbag.py", line 351, in parse
    loader.exec_module(new_module)
  File "<frozen importlib._bootstrap_external>", line 883, in exec_module
  File "<frozen importlib._bootstrap>", line 241, in _call_with_frames_removed
  File "/opt/airflow/dags/DAG_scraper.py", line 10, in <module>
    from ProcessData.DataProcessor import DataProcessor
  File "/opt/airflow/dags/ProcessData/DataProcessor.py", line 6, in <module>
    from geopy.geocoders import Nominatim
ModuleNotFoundError: No module named 'geopy'
[2025-09-23T23:20:21.759+0000] {processor.py:842} WARNING - No viable dags retrieved from /opt/airflow/dags/DAG_scraper.py
[2025-09-23T23:20:21.772+0000] {processor.py:183} INFO - Processing /opt/airflow/dags/DAG_scraper.py took 0.027 seconds
[2025-09-23T23:20:52.063+0000] {processor.py:161} INFO - Started process (PID=44) to work on /opt/airflow/dags/DAG_scraper.py
[2025-09-23T23:20:52.064+0000] {processor.py:830} INFO - Processing file /opt/airflow/dags/DAG_scraper.py for tasks to queue
[2025-09-23T23:20:52.067+0000] {logging_mixin.py:188} INFO - [2025-09-23T23:20:52.066+0000] {dagbag.py:545} INFO - Filling up the DagBag from /opt/airflow/dags/DAG_scraper.py
[2025-09-23T23:20:52.073+0000] {logging_mixin.py:188} INFO - [2025-09-23T23:20:52.072+0000] {dagbag.py:355} ERROR - Failed to import: /opt/airflow/dags/DAG_scraper.py
Traceback (most recent call last):
  File "/home/airflow/.local/lib/python3.10/site-packages/airflow/models/dagbag.py", line 351, in parse
    loader.exec_module(new_module)
  File "<frozen importlib._bootstrap_external>", line 883, in exec_module
  File "<frozen importlib._bootstrap>", line 241, in _call_with_frames_removed
  File "/opt/airflow/dags/DAG_scraper.py", line 10, in <module>
    from ProcessData.DataProcessor import DataProcessor
  File "/opt/airflow/dags/ProcessData/DataProcessor.py", line 6, in <module>
    from geopy.geocoders import Nominatim
ModuleNotFoundError: No module named 'geopy'
[2025-09-23T23:20:52.074+0000] {processor.py:842} WARNING - No viable dags retrieved from /opt/airflow/dags/DAG_scraper.py
[2025-09-23T23:20:52.096+0000] {processor.py:183} INFO - Processing /opt/airflow/dags/DAG_scraper.py took 0.042 seconds
[2025-09-23T23:21:22.376+0000] {processor.py:161} INFO - Started process (PID=45) to work on /opt/airflow/dags/DAG_scraper.py
[2025-09-23T23:21:22.377+0000] {processor.py:830} INFO - Processing file /opt/airflow/dags/DAG_scraper.py for tasks to queue
[2025-09-23T23:21:22.379+0000] {logging_mixin.py:188} INFO - [2025-09-23T23:21:22.379+0000] {dagbag.py:545} INFO - Filling up the DagBag from /opt/airflow/dags/DAG_scraper.py
[2025-09-23T23:21:22.387+0000] {logging_mixin.py:188} INFO - [2025-09-23T23:21:22.386+0000] {dagbag.py:355} ERROR - Failed to import: /opt/airflow/dags/DAG_scraper.py
Traceback (most recent call last):
  File "/home/airflow/.local/lib/python3.10/site-packages/airflow/models/dagbag.py", line 351, in parse
    loader.exec_module(new_module)
  File "<frozen importlib._bootstrap_external>", line 883, in exec_module
  File "<frozen importlib._bootstrap>", line 241, in _call_with_frames_removed
  File "/opt/airflow/dags/DAG_scraper.py", line 10, in <module>
    from ProcessData.DataProcessor import DataProcessor
  File "/opt/airflow/dags/ProcessData/DataProcessor.py", line 6, in <module>
    from geopy.geocoders import Nominatim
ModuleNotFoundError: No module named 'geopy'
[2025-09-23T23:21:22.387+0000] {processor.py:842} WARNING - No viable dags retrieved from /opt/airflow/dags/DAG_scraper.py
[2025-09-23T23:21:22.419+0000] {processor.py:183} INFO - Processing /opt/airflow/dags/DAG_scraper.py took 0.052 seconds
[2025-09-23T23:21:52.687+0000] {processor.py:161} INFO - Started process (PID=46) to work on /opt/airflow/dags/DAG_scraper.py
[2025-09-23T23:21:52.687+0000] {processor.py:830} INFO - Processing file /opt/airflow/dags/DAG_scraper.py for tasks to queue
[2025-09-23T23:21:52.690+0000] {logging_mixin.py:188} INFO - [2025-09-23T23:21:52.689+0000] {dagbag.py:545} INFO - Filling up the DagBag from /opt/airflow/dags/DAG_scraper.py
[2025-09-23T23:21:52.696+0000] {logging_mixin.py:188} INFO - [2025-09-23T23:21:52.695+0000] {dagbag.py:355} ERROR - Failed to import: /opt/airflow/dags/DAG_scraper.py
Traceback (most recent call last):
  File "/home/airflow/.local/lib/python3.10/site-packages/airflow/models/dagbag.py", line 351, in parse
    loader.exec_module(new_module)
  File "<frozen importlib._bootstrap_external>", line 883, in exec_module
  File "<frozen importlib._bootstrap>", line 241, in _call_with_frames_removed
  File "/opt/airflow/dags/DAG_scraper.py", line 10, in <module>
    from ProcessData.DataProcessor import DataProcessor
  File "/opt/airflow/dags/ProcessData/DataProcessor.py", line 6, in <module>
    from geopy.geocoders import Nominatim
ModuleNotFoundError: No module named 'geopy'
[2025-09-23T23:21:52.697+0000] {processor.py:842} WARNING - No viable dags retrieved from /opt/airflow/dags/DAG_scraper.py
[2025-09-23T23:21:52.712+0000] {processor.py:183} INFO - Processing /opt/airflow/dags/DAG_scraper.py took 0.032 seconds
[2025-09-23T23:22:23.086+0000] {processor.py:161} INFO - Started process (PID=47) to work on /opt/airflow/dags/DAG_scraper.py
[2025-09-23T23:22:23.088+0000] {processor.py:830} INFO - Processing file /opt/airflow/dags/DAG_scraper.py for tasks to queue
[2025-09-23T23:22:23.095+0000] {logging_mixin.py:188} INFO - [2025-09-23T23:22:23.094+0000] {dagbag.py:545} INFO - Filling up the DagBag from /opt/airflow/dags/DAG_scraper.py
[2025-09-23T23:22:23.102+0000] {logging_mixin.py:188} INFO - [2025-09-23T23:22:23.101+0000] {dagbag.py:355} ERROR - Failed to import: /opt/airflow/dags/DAG_scraper.py
Traceback (most recent call last):
  File "/home/airflow/.local/lib/python3.10/site-packages/airflow/models/dagbag.py", line 351, in parse
    loader.exec_module(new_module)
  File "<frozen importlib._bootstrap_external>", line 883, in exec_module
  File "<frozen importlib._bootstrap>", line 241, in _call_with_frames_removed
  File "/opt/airflow/dags/DAG_scraper.py", line 10, in <module>
    from ProcessData.DataProcessor import DataProcessor
  File "/opt/airflow/dags/ProcessData/DataProcessor.py", line 6, in <module>
    from geopy.geocoders import Nominatim
ModuleNotFoundError: No module named 'geopy'
[2025-09-23T23:22:23.102+0000] {processor.py:842} WARNING - No viable dags retrieved from /opt/airflow/dags/DAG_scraper.py
[2025-09-23T23:22:23.122+0000] {processor.py:183} INFO - Processing /opt/airflow/dags/DAG_scraper.py took 0.058 seconds
[2025-09-23T23:22:53.417+0000] {processor.py:161} INFO - Started process (PID=48) to work on /opt/airflow/dags/DAG_scraper.py
[2025-09-23T23:22:53.418+0000] {processor.py:830} INFO - Processing file /opt/airflow/dags/DAG_scraper.py for tasks to queue
[2025-09-23T23:22:53.421+0000] {logging_mixin.py:188} INFO - [2025-09-23T23:22:53.420+0000] {dagbag.py:545} INFO - Filling up the DagBag from /opt/airflow/dags/DAG_scraper.py
[2025-09-23T23:22:53.429+0000] {logging_mixin.py:188} INFO - [2025-09-23T23:22:53.428+0000] {dagbag.py:355} ERROR - Failed to import: /opt/airflow/dags/DAG_scraper.py
Traceback (most recent call last):
  File "/home/airflow/.local/lib/python3.10/site-packages/airflow/models/dagbag.py", line 351, in parse
    loader.exec_module(new_module)
  File "<frozen importlib._bootstrap_external>", line 883, in exec_module
  File "<frozen importlib._bootstrap>", line 241, in _call_with_frames_removed
  File "/opt/airflow/dags/DAG_scraper.py", line 10, in <module>
    from ProcessData.DataProcessor import DataProcessor
  File "/opt/airflow/dags/ProcessData/DataProcessor.py", line 6, in <module>
    from geopy.geocoders import Nominatim
ModuleNotFoundError: No module named 'geopy'
[2025-09-23T23:22:53.429+0000] {processor.py:842} WARNING - No viable dags retrieved from /opt/airflow/dags/DAG_scraper.py
[2025-09-23T23:22:53.449+0000] {processor.py:183} INFO - Processing /opt/airflow/dags/DAG_scraper.py took 0.058 seconds
[2025-09-23T23:23:23.729+0000] {processor.py:161} INFO - Started process (PID=49) to work on /opt/airflow/dags/DAG_scraper.py
[2025-09-23T23:23:23.730+0000] {processor.py:830} INFO - Processing file /opt/airflow/dags/DAG_scraper.py for tasks to queue
[2025-09-23T23:23:23.732+0000] {logging_mixin.py:188} INFO - [2025-09-23T23:23:23.731+0000] {dagbag.py:545} INFO - Filling up the DagBag from /opt/airflow/dags/DAG_scraper.py
[2025-09-23T23:23:23.736+0000] {logging_mixin.py:188} INFO - [2025-09-23T23:23:23.736+0000] {dagbag.py:355} ERROR - Failed to import: /opt/airflow/dags/DAG_scraper.py
Traceback (most recent call last):
  File "/home/airflow/.local/lib/python3.10/site-packages/airflow/models/dagbag.py", line 351, in parse
    loader.exec_module(new_module)
  File "<frozen importlib._bootstrap_external>", line 883, in exec_module
  File "<frozen importlib._bootstrap>", line 241, in _call_with_frames_removed
  File "/opt/airflow/dags/DAG_scraper.py", line 10, in <module>
    from ProcessData.DataProcessor import DataProcessor
  File "/opt/airflow/dags/ProcessData/DataProcessor.py", line 6, in <module>
    from geopy.geocoders import Nominatim
ModuleNotFoundError: No module named 'geopy'
[2025-09-23T23:23:23.737+0000] {processor.py:842} WARNING - No viable dags retrieved from /opt/airflow/dags/DAG_scraper.py
[2025-09-23T23:23:23.752+0000] {processor.py:183} INFO - Processing /opt/airflow/dags/DAG_scraper.py took 0.028 seconds
[2025-09-23T23:23:54.006+0000] {processor.py:161} INFO - Started process (PID=50) to work on /opt/airflow/dags/DAG_scraper.py
[2025-09-23T23:23:54.007+0000] {processor.py:830} INFO - Processing file /opt/airflow/dags/DAG_scraper.py for tasks to queue
[2025-09-23T23:23:54.009+0000] {logging_mixin.py:188} INFO - [2025-09-23T23:23:54.008+0000] {dagbag.py:545} INFO - Filling up the DagBag from /opt/airflow/dags/DAG_scraper.py
[2025-09-23T23:23:54.014+0000] {logging_mixin.py:188} INFO - [2025-09-23T23:23:54.013+0000] {dagbag.py:355} ERROR - Failed to import: /opt/airflow/dags/DAG_scraper.py
Traceback (most recent call last):
  File "/home/airflow/.local/lib/python3.10/site-packages/airflow/models/dagbag.py", line 351, in parse
    loader.exec_module(new_module)
  File "<frozen importlib._bootstrap_external>", line 883, in exec_module
  File "<frozen importlib._bootstrap>", line 241, in _call_with_frames_removed
  File "/opt/airflow/dags/DAG_scraper.py", line 10, in <module>
    from ProcessData.DataProcessor import DataProcessor
  File "/opt/airflow/dags/ProcessData/DataProcessor.py", line 6, in <module>
    from geopy.geocoders import Nominatim
ModuleNotFoundError: No module named 'geopy'
[2025-09-23T23:23:54.014+0000] {processor.py:842} WARNING - No viable dags retrieved from /opt/airflow/dags/DAG_scraper.py
[2025-09-23T23:23:54.042+0000] {processor.py:183} INFO - Processing /opt/airflow/dags/DAG_scraper.py took 0.042 seconds
[2025-09-23T23:24:24.460+0000] {processor.py:161} INFO - Started process (PID=51) to work on /opt/airflow/dags/DAG_scraper.py
[2025-09-23T23:24:24.463+0000] {processor.py:830} INFO - Processing file /opt/airflow/dags/DAG_scraper.py for tasks to queue
[2025-09-23T23:24:24.471+0000] {logging_mixin.py:188} INFO - [2025-09-23T23:24:24.470+0000] {dagbag.py:545} INFO - Filling up the DagBag from /opt/airflow/dags/DAG_scraper.py
[2025-09-23T23:24:24.490+0000] {logging_mixin.py:188} INFO - [2025-09-23T23:24:24.488+0000] {dagbag.py:355} ERROR - Failed to import: /opt/airflow/dags/DAG_scraper.py
Traceback (most recent call last):
  File "/home/airflow/.local/lib/python3.10/site-packages/airflow/models/dagbag.py", line 351, in parse
    loader.exec_module(new_module)
  File "<frozen importlib._bootstrap_external>", line 883, in exec_module
  File "<frozen importlib._bootstrap>", line 241, in _call_with_frames_removed
  File "/opt/airflow/dags/DAG_scraper.py", line 10, in <module>
    from ProcessData.DataProcessor import DataProcessor
  File "/opt/airflow/dags/ProcessData/DataProcessor.py", line 6, in <module>
    from geopy.geocoders import Nominatim
ModuleNotFoundError: No module named 'geopy'
[2025-09-23T23:24:24.491+0000] {processor.py:842} WARNING - No viable dags retrieved from /opt/airflow/dags/DAG_scraper.py
[2025-09-23T23:24:24.536+0000] {processor.py:183} INFO - Processing /opt/airflow/dags/DAG_scraper.py took 0.105 seconds
[2025-09-23T23:24:54.808+0000] {processor.py:161} INFO - Started process (PID=52) to work on /opt/airflow/dags/DAG_scraper.py
[2025-09-23T23:24:54.809+0000] {processor.py:830} INFO - Processing file /opt/airflow/dags/DAG_scraper.py for tasks to queue
[2025-09-23T23:24:54.812+0000] {logging_mixin.py:188} INFO - [2025-09-23T23:24:54.811+0000] {dagbag.py:545} INFO - Filling up the DagBag from /opt/airflow/dags/DAG_scraper.py
[2025-09-23T23:24:54.818+0000] {logging_mixin.py:188} INFO - [2025-09-23T23:24:54.818+0000] {dagbag.py:355} ERROR - Failed to import: /opt/airflow/dags/DAG_scraper.py
Traceback (most recent call last):
  File "/home/airflow/.local/lib/python3.10/site-packages/airflow/models/dagbag.py", line 351, in parse
    loader.exec_module(new_module)
  File "<frozen importlib._bootstrap_external>", line 883, in exec_module
  File "<frozen importlib._bootstrap>", line 241, in _call_with_frames_removed
  File "/opt/airflow/dags/DAG_scraper.py", line 10, in <module>
    from ProcessData.DataProcessor import DataProcessor
  File "/opt/airflow/dags/ProcessData/DataProcessor.py", line 6, in <module>
    from geopy.geocoders import Nominatim
ModuleNotFoundError: No module named 'geopy'
[2025-09-23T23:24:54.819+0000] {processor.py:842} WARNING - No viable dags retrieved from /opt/airflow/dags/DAG_scraper.py
[2025-09-23T23:24:54.835+0000] {processor.py:183} INFO - Processing /opt/airflow/dags/DAG_scraper.py took 0.036 seconds
[2025-09-23T23:25:25.185+0000] {processor.py:161} INFO - Started process (PID=53) to work on /opt/airflow/dags/DAG_scraper.py
[2025-09-23T23:25:25.186+0000] {processor.py:830} INFO - Processing file /opt/airflow/dags/DAG_scraper.py for tasks to queue
[2025-09-23T23:25:25.188+0000] {logging_mixin.py:188} INFO - [2025-09-23T23:25:25.188+0000] {dagbag.py:545} INFO - Filling up the DagBag from /opt/airflow/dags/DAG_scraper.py
[2025-09-23T23:25:25.195+0000] {logging_mixin.py:188} INFO - [2025-09-23T23:25:25.194+0000] {dagbag.py:355} ERROR - Failed to import: /opt/airflow/dags/DAG_scraper.py
Traceback (most recent call last):
  File "/home/airflow/.local/lib/python3.10/site-packages/airflow/models/dagbag.py", line 351, in parse
    loader.exec_module(new_module)
  File "<frozen importlib._bootstrap_external>", line 883, in exec_module
  File "<frozen importlib._bootstrap>", line 241, in _call_with_frames_removed
  File "/opt/airflow/dags/DAG_scraper.py", line 10, in <module>
    from ProcessData.DataProcessor import DataProcessor
  File "/opt/airflow/dags/ProcessData/DataProcessor.py", line 6, in <module>
    from geopy.geocoders import Nominatim
ModuleNotFoundError: No module named 'geopy'
[2025-09-23T23:25:25.195+0000] {processor.py:842} WARNING - No viable dags retrieved from /opt/airflow/dags/DAG_scraper.py
[2025-09-23T23:25:25.214+0000] {processor.py:183} INFO - Processing /opt/airflow/dags/DAG_scraper.py took 0.039 seconds
[2025-09-23T23:25:55.474+0000] {processor.py:161} INFO - Started process (PID=54) to work on /opt/airflow/dags/DAG_scraper.py
[2025-09-23T23:25:55.475+0000] {processor.py:830} INFO - Processing file /opt/airflow/dags/DAG_scraper.py for tasks to queue
[2025-09-23T23:25:55.478+0000] {logging_mixin.py:188} INFO - [2025-09-23T23:25:55.477+0000] {dagbag.py:545} INFO - Filling up the DagBag from /opt/airflow/dags/DAG_scraper.py
[2025-09-23T23:25:55.484+0000] {logging_mixin.py:188} INFO - [2025-09-23T23:25:55.483+0000] {dagbag.py:355} ERROR - Failed to import: /opt/airflow/dags/DAG_scraper.py
Traceback (most recent call last):
  File "/home/airflow/.local/lib/python3.10/site-packages/airflow/models/dagbag.py", line 351, in parse
    loader.exec_module(new_module)
  File "<frozen importlib._bootstrap_external>", line 883, in exec_module
  File "<frozen importlib._bootstrap>", line 241, in _call_with_frames_removed
  File "/opt/airflow/dags/DAG_scraper.py", line 10, in <module>
    from ProcessData.DataProcessor import DataProcessor
  File "/opt/airflow/dags/ProcessData/DataProcessor.py", line 6, in <module>
    from geopy.geocoders import Nominatim
ModuleNotFoundError: No module named 'geopy'
[2025-09-23T23:25:55.485+0000] {processor.py:842} WARNING - No viable dags retrieved from /opt/airflow/dags/DAG_scraper.py
[2025-09-23T23:25:55.501+0000] {processor.py:183} INFO - Processing /opt/airflow/dags/DAG_scraper.py took 0.036 seconds
[2025-09-23T23:26:25.817+0000] {processor.py:161} INFO - Started process (PID=55) to work on /opt/airflow/dags/DAG_scraper.py
[2025-09-23T23:26:25.818+0000] {processor.py:830} INFO - Processing file /opt/airflow/dags/DAG_scraper.py for tasks to queue
[2025-09-23T23:26:25.822+0000] {logging_mixin.py:188} INFO - [2025-09-23T23:26:25.822+0000] {dagbag.py:545} INFO - Filling up the DagBag from /opt/airflow/dags/DAG_scraper.py
[2025-09-23T23:26:25.832+0000] {logging_mixin.py:188} INFO - [2025-09-23T23:26:25.831+0000] {dagbag.py:355} ERROR - Failed to import: /opt/airflow/dags/DAG_scraper.py
Traceback (most recent call last):
  File "/home/airflow/.local/lib/python3.10/site-packages/airflow/models/dagbag.py", line 351, in parse
    loader.exec_module(new_module)
  File "<frozen importlib._bootstrap_external>", line 883, in exec_module
  File "<frozen importlib._bootstrap>", line 241, in _call_with_frames_removed
  File "/opt/airflow/dags/DAG_scraper.py", line 10, in <module>
    from ProcessData.DataProcessor import DataProcessor
  File "/opt/airflow/dags/ProcessData/DataProcessor.py", line 6, in <module>
    from geopy.geocoders import Nominatim
ModuleNotFoundError: No module named 'geopy'
[2025-09-23T23:26:25.833+0000] {processor.py:842} WARNING - No viable dags retrieved from /opt/airflow/dags/DAG_scraper.py
[2025-09-23T23:26:25.852+0000] {processor.py:183} INFO - Processing /opt/airflow/dags/DAG_scraper.py took 0.045 seconds
[2025-09-23T23:26:56.122+0000] {processor.py:161} INFO - Started process (PID=56) to work on /opt/airflow/dags/DAG_scraper.py
[2025-09-23T23:26:56.123+0000] {processor.py:830} INFO - Processing file /opt/airflow/dags/DAG_scraper.py for tasks to queue
[2025-09-23T23:26:56.126+0000] {logging_mixin.py:188} INFO - [2025-09-23T23:26:56.125+0000] {dagbag.py:545} INFO - Filling up the DagBag from /opt/airflow/dags/DAG_scraper.py
[2025-09-23T23:26:56.133+0000] {logging_mixin.py:188} INFO - [2025-09-23T23:26:56.132+0000] {dagbag.py:355} ERROR - Failed to import: /opt/airflow/dags/DAG_scraper.py
Traceback (most recent call last):
  File "/home/airflow/.local/lib/python3.10/site-packages/airflow/models/dagbag.py", line 351, in parse
    loader.exec_module(new_module)
  File "<frozen importlib._bootstrap_external>", line 883, in exec_module
  File "<frozen importlib._bootstrap>", line 241, in _call_with_frames_removed
  File "/opt/airflow/dags/DAG_scraper.py", line 10, in <module>
    from ProcessData.DataProcessor import DataProcessor
  File "/opt/airflow/dags/ProcessData/DataProcessor.py", line 6, in <module>
    from geopy.geocoders import Nominatim
ModuleNotFoundError: No module named 'geopy'
[2025-09-23T23:26:56.133+0000] {processor.py:842} WARNING - No viable dags retrieved from /opt/airflow/dags/DAG_scraper.py
[2025-09-23T23:26:56.151+0000] {processor.py:183} INFO - Processing /opt/airflow/dags/DAG_scraper.py took 0.040 seconds
[2025-09-23T23:27:26.488+0000] {processor.py:161} INFO - Started process (PID=57) to work on /opt/airflow/dags/DAG_scraper.py
[2025-09-23T23:27:26.489+0000] {processor.py:830} INFO - Processing file /opt/airflow/dags/DAG_scraper.py for tasks to queue
[2025-09-23T23:27:26.493+0000] {logging_mixin.py:188} INFO - [2025-09-23T23:27:26.492+0000] {dagbag.py:545} INFO - Filling up the DagBag from /opt/airflow/dags/DAG_scraper.py
[2025-09-23T23:27:26.500+0000] {logging_mixin.py:188} INFO - [2025-09-23T23:27:26.499+0000] {dagbag.py:355} ERROR - Failed to import: /opt/airflow/dags/DAG_scraper.py
Traceback (most recent call last):
  File "/home/airflow/.local/lib/python3.10/site-packages/airflow/models/dagbag.py", line 351, in parse
    loader.exec_module(new_module)
  File "<frozen importlib._bootstrap_external>", line 883, in exec_module
  File "<frozen importlib._bootstrap>", line 241, in _call_with_frames_removed
  File "/opt/airflow/dags/DAG_scraper.py", line 10, in <module>
    from ProcessData.DataProcessor import DataProcessor
  File "/opt/airflow/dags/ProcessData/DataProcessor.py", line 6, in <module>
    from geopy.geocoders import Nominatim
ModuleNotFoundError: No module named 'geopy'
[2025-09-23T23:27:26.500+0000] {processor.py:842} WARNING - No viable dags retrieved from /opt/airflow/dags/DAG_scraper.py
[2025-09-23T23:27:26.521+0000] {processor.py:183} INFO - Processing /opt/airflow/dags/DAG_scraper.py took 0.052 seconds
[2025-09-23T23:27:56.798+0000] {processor.py:161} INFO - Started process (PID=58) to work on /opt/airflow/dags/DAG_scraper.py
[2025-09-23T23:27:56.800+0000] {processor.py:830} INFO - Processing file /opt/airflow/dags/DAG_scraper.py for tasks to queue
[2025-09-23T23:27:56.803+0000] {logging_mixin.py:188} INFO - [2025-09-23T23:27:56.803+0000] {dagbag.py:545} INFO - Filling up the DagBag from /opt/airflow/dags/DAG_scraper.py
[2025-09-23T23:27:56.813+0000] {logging_mixin.py:188} INFO - [2025-09-23T23:27:56.812+0000] {dagbag.py:355} ERROR - Failed to import: /opt/airflow/dags/DAG_scraper.py
Traceback (most recent call last):
  File "/home/airflow/.local/lib/python3.10/site-packages/airflow/models/dagbag.py", line 351, in parse
    loader.exec_module(new_module)
  File "<frozen importlib._bootstrap_external>", line 883, in exec_module
  File "<frozen importlib._bootstrap>", line 241, in _call_with_frames_removed
  File "/opt/airflow/dags/DAG_scraper.py", line 10, in <module>
    from ProcessData.DataProcessor import DataProcessor
  File "/opt/airflow/dags/ProcessData/DataProcessor.py", line 6, in <module>
    from geopy.geocoders import Nominatim
ModuleNotFoundError: No module named 'geopy'
[2025-09-23T23:27:56.813+0000] {processor.py:842} WARNING - No viable dags retrieved from /opt/airflow/dags/DAG_scraper.py
[2025-09-23T23:27:56.842+0000] {processor.py:183} INFO - Processing /opt/airflow/dags/DAG_scraper.py took 0.056 seconds
[2025-09-23T23:28:27.187+0000] {processor.py:161} INFO - Started process (PID=59) to work on /opt/airflow/dags/DAG_scraper.py
[2025-09-23T23:28:27.188+0000] {processor.py:830} INFO - Processing file /opt/airflow/dags/DAG_scraper.py for tasks to queue
[2025-09-23T23:28:27.191+0000] {logging_mixin.py:188} INFO - [2025-09-23T23:28:27.190+0000] {dagbag.py:545} INFO - Filling up the DagBag from /opt/airflow/dags/DAG_scraper.py
[2025-09-23T23:28:27.198+0000] {logging_mixin.py:188} INFO - [2025-09-23T23:28:27.197+0000] {dagbag.py:355} ERROR - Failed to import: /opt/airflow/dags/DAG_scraper.py
Traceback (most recent call last):
  File "/home/airflow/.local/lib/python3.10/site-packages/airflow/models/dagbag.py", line 351, in parse
    loader.exec_module(new_module)
  File "<frozen importlib._bootstrap_external>", line 883, in exec_module
  File "<frozen importlib._bootstrap>", line 241, in _call_with_frames_removed
  File "/opt/airflow/dags/DAG_scraper.py", line 10, in <module>
    from ProcessData.DataProcessor import DataProcessor
  File "/opt/airflow/dags/ProcessData/DataProcessor.py", line 6, in <module>
    from geopy.geocoders import Nominatim
ModuleNotFoundError: No module named 'geopy'
[2025-09-23T23:28:27.198+0000] {processor.py:842} WARNING - No viable dags retrieved from /opt/airflow/dags/DAG_scraper.py
[2025-09-23T23:28:27.220+0000] {processor.py:183} INFO - Processing /opt/airflow/dags/DAG_scraper.py took 0.041 seconds
[2025-09-23T23:28:57.530+0000] {processor.py:161} INFO - Started process (PID=60) to work on /opt/airflow/dags/DAG_scraper.py
[2025-09-23T23:28:57.531+0000] {processor.py:830} INFO - Processing file /opt/airflow/dags/DAG_scraper.py for tasks to queue
[2025-09-23T23:28:57.534+0000] {logging_mixin.py:188} INFO - [2025-09-23T23:28:57.533+0000] {dagbag.py:545} INFO - Filling up the DagBag from /opt/airflow/dags/DAG_scraper.py
[2025-09-23T23:28:57.552+0000] {logging_mixin.py:188} INFO - [2025-09-23T23:28:57.552+0000] {dagbag.py:355} ERROR - Failed to import: /opt/airflow/dags/DAG_scraper.py
Traceback (most recent call last):
  File "/home/airflow/.local/lib/python3.10/site-packages/airflow/models/dagbag.py", line 351, in parse
    loader.exec_module(new_module)
  File "<frozen importlib._bootstrap_external>", line 883, in exec_module
  File "<frozen importlib._bootstrap>", line 241, in _call_with_frames_removed
  File "/opt/airflow/dags/DAG_scraper.py", line 10, in <module>
    from ProcessData.DataProcessor import DataProcessor
  File "/opt/airflow/dags/ProcessData/DataProcessor.py", line 6, in <module>
    from geopy.geocoders import Nominatim
ModuleNotFoundError: No module named 'geopy'
[2025-09-23T23:28:57.553+0000] {processor.py:842} WARNING - No viable dags retrieved from /opt/airflow/dags/DAG_scraper.py
[2025-09-23T23:28:57.572+0000] {processor.py:183} INFO - Processing /opt/airflow/dags/DAG_scraper.py took 0.050 seconds
[2025-09-23T23:29:27.859+0000] {processor.py:161} INFO - Started process (PID=61) to work on /opt/airflow/dags/DAG_scraper.py
[2025-09-23T23:29:27.860+0000] {processor.py:830} INFO - Processing file /opt/airflow/dags/DAG_scraper.py for tasks to queue
[2025-09-23T23:29:27.862+0000] {logging_mixin.py:188} INFO - [2025-09-23T23:29:27.862+0000] {dagbag.py:545} INFO - Filling up the DagBag from /opt/airflow/dags/DAG_scraper.py
[2025-09-23T23:29:27.875+0000] {logging_mixin.py:188} INFO - [2025-09-23T23:29:27.874+0000] {dagbag.py:355} ERROR - Failed to import: /opt/airflow/dags/DAG_scraper.py
Traceback (most recent call last):
  File "/home/airflow/.local/lib/python3.10/site-packages/airflow/models/dagbag.py", line 351, in parse
    loader.exec_module(new_module)
  File "<frozen importlib._bootstrap_external>", line 883, in exec_module
  File "<frozen importlib._bootstrap>", line 241, in _call_with_frames_removed
  File "/opt/airflow/dags/DAG_scraper.py", line 10, in <module>
    from ProcessData.DataProcessor import DataProcessor
  File "/opt/airflow/dags/ProcessData/DataProcessor.py", line 6, in <module>
    from geopy.geocoders import Nominatim
ModuleNotFoundError: No module named 'geopy'
[2025-09-23T23:29:27.875+0000] {processor.py:842} WARNING - No viable dags retrieved from /opt/airflow/dags/DAG_scraper.py
[2025-09-23T23:29:27.915+0000] {processor.py:183} INFO - Processing /opt/airflow/dags/DAG_scraper.py took 0.068 seconds
[2025-09-23T23:29:58.229+0000] {processor.py:161} INFO - Started process (PID=62) to work on /opt/airflow/dags/DAG_scraper.py
[2025-09-23T23:29:58.230+0000] {processor.py:830} INFO - Processing file /opt/airflow/dags/DAG_scraper.py for tasks to queue
[2025-09-23T23:29:58.235+0000] {logging_mixin.py:188} INFO - [2025-09-23T23:29:58.234+0000] {dagbag.py:545} INFO - Filling up the DagBag from /opt/airflow/dags/DAG_scraper.py
[2025-09-23T23:29:58.245+0000] {logging_mixin.py:188} INFO - [2025-09-23T23:29:58.244+0000] {dagbag.py:355} ERROR - Failed to import: /opt/airflow/dags/DAG_scraper.py
Traceback (most recent call last):
  File "/home/airflow/.local/lib/python3.10/site-packages/airflow/models/dagbag.py", line 351, in parse
    loader.exec_module(new_module)
  File "<frozen importlib._bootstrap_external>", line 883, in exec_module
  File "<frozen importlib._bootstrap>", line 241, in _call_with_frames_removed
  File "/opt/airflow/dags/DAG_scraper.py", line 10, in <module>
    from ProcessData.DataProcessor import DataProcessor
  File "/opt/airflow/dags/ProcessData/DataProcessor.py", line 6, in <module>
    from geopy.geocoders import Nominatim
ModuleNotFoundError: No module named 'geopy'
[2025-09-23T23:29:58.246+0000] {processor.py:842} WARNING - No viable dags retrieved from /opt/airflow/dags/DAG_scraper.py
[2025-09-23T23:29:58.269+0000] {processor.py:183} INFO - Processing /opt/airflow/dags/DAG_scraper.py took 0.064 seconds
[2025-09-23T23:30:28.602+0000] {processor.py:161} INFO - Started process (PID=63) to work on /opt/airflow/dags/DAG_scraper.py
[2025-09-23T23:30:28.603+0000] {processor.py:830} INFO - Processing file /opt/airflow/dags/DAG_scraper.py for tasks to queue
[2025-09-23T23:30:28.606+0000] {logging_mixin.py:188} INFO - [2025-09-23T23:30:28.605+0000] {dagbag.py:545} INFO - Filling up the DagBag from /opt/airflow/dags/DAG_scraper.py
[2025-09-23T23:30:28.615+0000] {logging_mixin.py:188} INFO - [2025-09-23T23:30:28.614+0000] {dagbag.py:355} ERROR - Failed to import: /opt/airflow/dags/DAG_scraper.py
Traceback (most recent call last):
  File "/home/airflow/.local/lib/python3.10/site-packages/airflow/models/dagbag.py", line 351, in parse
    loader.exec_module(new_module)
  File "<frozen importlib._bootstrap_external>", line 883, in exec_module
  File "<frozen importlib._bootstrap>", line 241, in _call_with_frames_removed
  File "/opt/airflow/dags/DAG_scraper.py", line 10, in <module>
    from ProcessData.DataProcessor import DataProcessor
  File "/opt/airflow/dags/ProcessData/DataProcessor.py", line 6, in <module>
    from geopy.geocoders import Nominatim
ModuleNotFoundError: No module named 'geopy'
[2025-09-23T23:30:28.615+0000] {processor.py:842} WARNING - No viable dags retrieved from /opt/airflow/dags/DAG_scraper.py
[2025-09-23T23:30:28.637+0000] {processor.py:183} INFO - Processing /opt/airflow/dags/DAG_scraper.py took 0.053 seconds
[2025-09-23T23:30:58.918+0000] {processor.py:161} INFO - Started process (PID=64) to work on /opt/airflow/dags/DAG_scraper.py
[2025-09-23T23:30:58.919+0000] {processor.py:830} INFO - Processing file /opt/airflow/dags/DAG_scraper.py for tasks to queue
[2025-09-23T23:30:58.922+0000] {logging_mixin.py:188} INFO - [2025-09-23T23:30:58.921+0000] {dagbag.py:545} INFO - Filling up the DagBag from /opt/airflow/dags/DAG_scraper.py
[2025-09-23T23:30:58.929+0000] {logging_mixin.py:188} INFO - [2025-09-23T23:30:58.928+0000] {dagbag.py:355} ERROR - Failed to import: /opt/airflow/dags/DAG_scraper.py
Traceback (most recent call last):
  File "/home/airflow/.local/lib/python3.10/site-packages/airflow/models/dagbag.py", line 351, in parse
    loader.exec_module(new_module)
  File "<frozen importlib._bootstrap_external>", line 883, in exec_module
  File "<frozen importlib._bootstrap>", line 241, in _call_with_frames_removed
  File "/opt/airflow/dags/DAG_scraper.py", line 10, in <module>
    from ProcessData.DataProcessor import DataProcessor
  File "/opt/airflow/dags/ProcessData/DataProcessor.py", line 6, in <module>
    from geopy.geocoders import Nominatim
ModuleNotFoundError: No module named 'geopy'
[2025-09-23T23:30:58.929+0000] {processor.py:842} WARNING - No viable dags retrieved from /opt/airflow/dags/DAG_scraper.py
[2025-09-23T23:30:58.944+0000] {processor.py:183} INFO - Processing /opt/airflow/dags/DAG_scraper.py took 0.034 seconds
[2025-09-23T23:31:29.263+0000] {processor.py:161} INFO - Started process (PID=65) to work on /opt/airflow/dags/DAG_scraper.py
[2025-09-23T23:31:29.264+0000] {processor.py:830} INFO - Processing file /opt/airflow/dags/DAG_scraper.py for tasks to queue
[2025-09-23T23:31:29.267+0000] {logging_mixin.py:188} INFO - [2025-09-23T23:31:29.267+0000] {dagbag.py:545} INFO - Filling up the DagBag from /opt/airflow/dags/DAG_scraper.py
[2025-09-23T23:31:29.275+0000] {logging_mixin.py:188} INFO - [2025-09-23T23:31:29.274+0000] {dagbag.py:355} ERROR - Failed to import: /opt/airflow/dags/DAG_scraper.py
Traceback (most recent call last):
  File "/home/airflow/.local/lib/python3.10/site-packages/airflow/models/dagbag.py", line 351, in parse
    loader.exec_module(new_module)
  File "<frozen importlib._bootstrap_external>", line 883, in exec_module
  File "<frozen importlib._bootstrap>", line 241, in _call_with_frames_removed
  File "/opt/airflow/dags/DAG_scraper.py", line 10, in <module>
    from ProcessData.DataProcessor import DataProcessor
  File "/opt/airflow/dags/ProcessData/DataProcessor.py", line 6, in <module>
    from geopy.geocoders import Nominatim
ModuleNotFoundError: No module named 'geopy'
[2025-09-23T23:31:29.275+0000] {processor.py:842} WARNING - No viable dags retrieved from /opt/airflow/dags/DAG_scraper.py
[2025-09-23T23:31:29.295+0000] {processor.py:183} INFO - Processing /opt/airflow/dags/DAG_scraper.py took 0.041 seconds
[2025-09-23T23:31:59.650+0000] {processor.py:161} INFO - Started process (PID=66) to work on /opt/airflow/dags/DAG_scraper.py
[2025-09-23T23:31:59.650+0000] {processor.py:830} INFO - Processing file /opt/airflow/dags/DAG_scraper.py for tasks to queue
[2025-09-23T23:31:59.655+0000] {logging_mixin.py:188} INFO - [2025-09-23T23:31:59.654+0000] {dagbag.py:545} INFO - Filling up the DagBag from /opt/airflow/dags/DAG_scraper.py
[2025-09-23T23:31:59.663+0000] {logging_mixin.py:188} INFO - [2025-09-23T23:31:59.662+0000] {dagbag.py:355} ERROR - Failed to import: /opt/airflow/dags/DAG_scraper.py
Traceback (most recent call last):
  File "/home/airflow/.local/lib/python3.10/site-packages/airflow/models/dagbag.py", line 351, in parse
    loader.exec_module(new_module)
  File "<frozen importlib._bootstrap_external>", line 883, in exec_module
  File "<frozen importlib._bootstrap>", line 241, in _call_with_frames_removed
  File "/opt/airflow/dags/DAG_scraper.py", line 10, in <module>
    from ProcessData.DataProcessor import DataProcessor
  File "/opt/airflow/dags/ProcessData/DataProcessor.py", line 6, in <module>
    from geopy.geocoders import Nominatim
ModuleNotFoundError: No module named 'geopy'
[2025-09-23T23:31:59.663+0000] {processor.py:842} WARNING - No viable dags retrieved from /opt/airflow/dags/DAG_scraper.py
[2025-09-23T23:31:59.681+0000] {processor.py:183} INFO - Processing /opt/airflow/dags/DAG_scraper.py took 0.041 seconds
[2025-09-23T23:32:29.926+0000] {processor.py:161} INFO - Started process (PID=67) to work on /opt/airflow/dags/DAG_scraper.py
[2025-09-23T23:32:29.926+0000] {processor.py:830} INFO - Processing file /opt/airflow/dags/DAG_scraper.py for tasks to queue
[2025-09-23T23:32:29.928+0000] {logging_mixin.py:188} INFO - [2025-09-23T23:32:29.928+0000] {dagbag.py:545} INFO - Filling up the DagBag from /opt/airflow/dags/DAG_scraper.py
[2025-09-23T23:32:29.933+0000] {logging_mixin.py:188} INFO - [2025-09-23T23:32:29.933+0000] {dagbag.py:355} ERROR - Failed to import: /opt/airflow/dags/DAG_scraper.py
Traceback (most recent call last):
  File "/home/airflow/.local/lib/python3.10/site-packages/airflow/models/dagbag.py", line 351, in parse
    loader.exec_module(new_module)
  File "<frozen importlib._bootstrap_external>", line 883, in exec_module
  File "<frozen importlib._bootstrap>", line 241, in _call_with_frames_removed
  File "/opt/airflow/dags/DAG_scraper.py", line 10, in <module>
    from ProcessData.DataProcessor import DataProcessor
  File "/opt/airflow/dags/ProcessData/DataProcessor.py", line 6, in <module>
    from geopy.geocoders import Nominatim
ModuleNotFoundError: No module named 'geopy'
[2025-09-23T23:32:29.934+0000] {processor.py:842} WARNING - No viable dags retrieved from /opt/airflow/dags/DAG_scraper.py
[2025-09-23T23:32:29.952+0000] {processor.py:183} INFO - Processing /opt/airflow/dags/DAG_scraper.py took 0.033 seconds
[2025-09-23T23:33:00.208+0000] {processor.py:161} INFO - Started process (PID=68) to work on /opt/airflow/dags/DAG_scraper.py
[2025-09-23T23:33:00.209+0000] {processor.py:830} INFO - Processing file /opt/airflow/dags/DAG_scraper.py for tasks to queue
[2025-09-23T23:33:00.211+0000] {logging_mixin.py:188} INFO - [2025-09-23T23:33:00.211+0000] {dagbag.py:545} INFO - Filling up the DagBag from /opt/airflow/dags/DAG_scraper.py
[2025-09-23T23:33:00.218+0000] {logging_mixin.py:188} INFO - [2025-09-23T23:33:00.217+0000] {dagbag.py:355} ERROR - Failed to import: /opt/airflow/dags/DAG_scraper.py
Traceback (most recent call last):
  File "/home/airflow/.local/lib/python3.10/site-packages/airflow/models/dagbag.py", line 351, in parse
    loader.exec_module(new_module)
  File "<frozen importlib._bootstrap_external>", line 883, in exec_module
  File "<frozen importlib._bootstrap>", line 241, in _call_with_frames_removed
  File "/opt/airflow/dags/DAG_scraper.py", line 10, in <module>
    from ProcessData.DataProcessor import DataProcessor
  File "/opt/airflow/dags/ProcessData/DataProcessor.py", line 6, in <module>
    from geopy.geocoders import Nominatim
ModuleNotFoundError: No module named 'geopy'
[2025-09-23T23:33:00.218+0000] {processor.py:842} WARNING - No viable dags retrieved from /opt/airflow/dags/DAG_scraper.py
[2025-09-23T23:33:00.240+0000] {processor.py:183} INFO - Processing /opt/airflow/dags/DAG_scraper.py took 0.039 seconds
[2025-09-23T23:33:30.545+0000] {processor.py:161} INFO - Started process (PID=69) to work on /opt/airflow/dags/DAG_scraper.py
[2025-09-23T23:33:30.545+0000] {processor.py:830} INFO - Processing file /opt/airflow/dags/DAG_scraper.py for tasks to queue
[2025-09-23T23:33:30.549+0000] {logging_mixin.py:188} INFO - [2025-09-23T23:33:30.548+0000] {dagbag.py:545} INFO - Filling up the DagBag from /opt/airflow/dags/DAG_scraper.py
[2025-09-23T23:33:30.555+0000] {logging_mixin.py:188} INFO - [2025-09-23T23:33:30.555+0000] {dagbag.py:355} ERROR - Failed to import: /opt/airflow/dags/DAG_scraper.py
Traceback (most recent call last):
  File "/home/airflow/.local/lib/python3.10/site-packages/airflow/models/dagbag.py", line 351, in parse
    loader.exec_module(new_module)
  File "<frozen importlib._bootstrap_external>", line 883, in exec_module
  File "<frozen importlib._bootstrap>", line 241, in _call_with_frames_removed
  File "/opt/airflow/dags/DAG_scraper.py", line 10, in <module>
    from ProcessData.DataProcessor import DataProcessor
  File "/opt/airflow/dags/ProcessData/DataProcessor.py", line 6, in <module>
    from geopy.geocoders import Nominatim
ModuleNotFoundError: No module named 'geopy'
[2025-09-23T23:33:30.556+0000] {processor.py:842} WARNING - No viable dags retrieved from /opt/airflow/dags/DAG_scraper.py
[2025-09-23T23:33:30.576+0000] {processor.py:183} INFO - Processing /opt/airflow/dags/DAG_scraper.py took 0.040 seconds
[2025-09-23T23:34:00.909+0000] {processor.py:161} INFO - Started process (PID=70) to work on /opt/airflow/dags/DAG_scraper.py
[2025-09-23T23:34:00.910+0000] {processor.py:830} INFO - Processing file /opt/airflow/dags/DAG_scraper.py for tasks to queue
[2025-09-23T23:34:00.916+0000] {logging_mixin.py:188} INFO - [2025-09-23T23:34:00.914+0000] {dagbag.py:545} INFO - Filling up the DagBag from /opt/airflow/dags/DAG_scraper.py
[2025-09-23T23:34:00.937+0000] {logging_mixin.py:188} INFO - [2025-09-23T23:34:00.936+0000] {dagbag.py:355} ERROR - Failed to import: /opt/airflow/dags/DAG_scraper.py
Traceback (most recent call last):
  File "/home/airflow/.local/lib/python3.10/site-packages/airflow/models/dagbag.py", line 351, in parse
    loader.exec_module(new_module)
  File "<frozen importlib._bootstrap_external>", line 883, in exec_module
  File "<frozen importlib._bootstrap>", line 241, in _call_with_frames_removed
  File "/opt/airflow/dags/DAG_scraper.py", line 10, in <module>
    from ProcessData.DataProcessor import DataProcessor
  File "/opt/airflow/dags/ProcessData/DataProcessor.py", line 6, in <module>
    from geopy.geocoders import Nominatim
ModuleNotFoundError: No module named 'geopy'
[2025-09-23T23:34:00.937+0000] {processor.py:842} WARNING - No viable dags retrieved from /opt/airflow/dags/DAG_scraper.py
[2025-09-23T23:34:00.960+0000] {processor.py:183} INFO - Processing /opt/airflow/dags/DAG_scraper.py took 0.060 seconds
[2025-09-23T23:34:31.271+0000] {processor.py:161} INFO - Started process (PID=71) to work on /opt/airflow/dags/DAG_scraper.py
[2025-09-23T23:34:31.271+0000] {processor.py:830} INFO - Processing file /opt/airflow/dags/DAG_scraper.py for tasks to queue
[2025-09-23T23:34:31.274+0000] {logging_mixin.py:188} INFO - [2025-09-23T23:34:31.274+0000] {dagbag.py:545} INFO - Filling up the DagBag from /opt/airflow/dags/DAG_scraper.py
[2025-09-23T23:34:31.282+0000] {logging_mixin.py:188} INFO - [2025-09-23T23:34:31.281+0000] {dagbag.py:355} ERROR - Failed to import: /opt/airflow/dags/DAG_scraper.py
Traceback (most recent call last):
  File "/home/airflow/.local/lib/python3.10/site-packages/airflow/models/dagbag.py", line 351, in parse
    loader.exec_module(new_module)
  File "<frozen importlib._bootstrap_external>", line 883, in exec_module
  File "<frozen importlib._bootstrap>", line 241, in _call_with_frames_removed
  File "/opt/airflow/dags/DAG_scraper.py", line 10, in <module>
    from ProcessData.DataProcessor import DataProcessor
  File "/opt/airflow/dags/ProcessData/DataProcessor.py", line 6, in <module>
    from geopy.geocoders import Nominatim
ModuleNotFoundError: No module named 'geopy'
[2025-09-23T23:34:31.282+0000] {processor.py:842} WARNING - No viable dags retrieved from /opt/airflow/dags/DAG_scraper.py
[2025-09-23T23:34:31.301+0000] {processor.py:183} INFO - Processing /opt/airflow/dags/DAG_scraper.py took 0.040 seconds
[2025-09-23T23:35:01.614+0000] {processor.py:161} INFO - Started process (PID=72) to work on /opt/airflow/dags/DAG_scraper.py
[2025-09-23T23:35:01.616+0000] {processor.py:830} INFO - Processing file /opt/airflow/dags/DAG_scraper.py for tasks to queue
[2025-09-23T23:35:01.623+0000] {logging_mixin.py:188} INFO - [2025-09-23T23:35:01.622+0000] {dagbag.py:545} INFO - Filling up the DagBag from /opt/airflow/dags/DAG_scraper.py
[2025-09-23T23:35:01.631+0000] {logging_mixin.py:188} INFO - [2025-09-23T23:35:01.631+0000] {dagbag.py:355} ERROR - Failed to import: /opt/airflow/dags/DAG_scraper.py
Traceback (most recent call last):
  File "/home/airflow/.local/lib/python3.10/site-packages/airflow/models/dagbag.py", line 351, in parse
    loader.exec_module(new_module)
  File "<frozen importlib._bootstrap_external>", line 883, in exec_module
  File "<frozen importlib._bootstrap>", line 241, in _call_with_frames_removed
  File "/opt/airflow/dags/DAG_scraper.py", line 10, in <module>
    from ProcessData.DataProcessor import DataProcessor
  File "/opt/airflow/dags/ProcessData/DataProcessor.py", line 6, in <module>
    from geopy.geocoders import Nominatim
ModuleNotFoundError: No module named 'geopy'
[2025-09-23T23:35:01.632+0000] {processor.py:842} WARNING - No viable dags retrieved from /opt/airflow/dags/DAG_scraper.py
[2025-09-23T23:35:01.648+0000] {processor.py:183} INFO - Processing /opt/airflow/dags/DAG_scraper.py took 0.060 seconds
[2025-09-23T23:35:31.930+0000] {processor.py:161} INFO - Started process (PID=73) to work on /opt/airflow/dags/DAG_scraper.py
[2025-09-23T23:35:31.931+0000] {processor.py:830} INFO - Processing file /opt/airflow/dags/DAG_scraper.py for tasks to queue
[2025-09-23T23:35:31.938+0000] {logging_mixin.py:188} INFO - [2025-09-23T23:35:31.937+0000] {dagbag.py:545} INFO - Filling up the DagBag from /opt/airflow/dags/DAG_scraper.py
[2025-09-23T23:35:31.945+0000] {logging_mixin.py:188} INFO - [2025-09-23T23:35:31.944+0000] {dagbag.py:355} ERROR - Failed to import: /opt/airflow/dags/DAG_scraper.py
Traceback (most recent call last):
  File "/home/airflow/.local/lib/python3.10/site-packages/airflow/models/dagbag.py", line 351, in parse
    loader.exec_module(new_module)
  File "<frozen importlib._bootstrap_external>", line 883, in exec_module
  File "<frozen importlib._bootstrap>", line 241, in _call_with_frames_removed
  File "/opt/airflow/dags/DAG_scraper.py", line 10, in <module>
    from ProcessData.DataProcessor import DataProcessor
  File "/opt/airflow/dags/ProcessData/DataProcessor.py", line 6, in <module>
    from geopy.geocoders import Nominatim
ModuleNotFoundError: No module named 'geopy'
[2025-09-23T23:35:31.945+0000] {processor.py:842} WARNING - No viable dags retrieved from /opt/airflow/dags/DAG_scraper.py
[2025-09-23T23:35:31.965+0000] {processor.py:183} INFO - Processing /opt/airflow/dags/DAG_scraper.py took 0.054 seconds
[2025-09-23T23:36:02.259+0000] {processor.py:161} INFO - Started process (PID=74) to work on /opt/airflow/dags/DAG_scraper.py
[2025-09-23T23:36:02.259+0000] {processor.py:830} INFO - Processing file /opt/airflow/dags/DAG_scraper.py for tasks to queue
[2025-09-23T23:36:02.262+0000] {logging_mixin.py:188} INFO - [2025-09-23T23:36:02.262+0000] {dagbag.py:545} INFO - Filling up the DagBag from /opt/airflow/dags/DAG_scraper.py
[2025-09-23T23:36:02.270+0000] {logging_mixin.py:188} INFO - [2025-09-23T23:36:02.269+0000] {dagbag.py:355} ERROR - Failed to import: /opt/airflow/dags/DAG_scraper.py
Traceback (most recent call last):
  File "/home/airflow/.local/lib/python3.10/site-packages/airflow/models/dagbag.py", line 351, in parse
    loader.exec_module(new_module)
  File "<frozen importlib._bootstrap_external>", line 883, in exec_module
  File "<frozen importlib._bootstrap>", line 241, in _call_with_frames_removed
  File "/opt/airflow/dags/DAG_scraper.py", line 10, in <module>
    from ProcessData.DataProcessor import DataProcessor
  File "/opt/airflow/dags/ProcessData/DataProcessor.py", line 6, in <module>
    from geopy.geocoders import Nominatim
ModuleNotFoundError: No module named 'geopy'
[2025-09-23T23:36:02.270+0000] {processor.py:842} WARNING - No viable dags retrieved from /opt/airflow/dags/DAG_scraper.py
[2025-09-23T23:36:02.288+0000] {processor.py:183} INFO - Processing /opt/airflow/dags/DAG_scraper.py took 0.040 seconds
[2025-09-23T23:36:32.592+0000] {processor.py:161} INFO - Started process (PID=75) to work on /opt/airflow/dags/DAG_scraper.py
[2025-09-23T23:36:32.593+0000] {processor.py:830} INFO - Processing file /opt/airflow/dags/DAG_scraper.py for tasks to queue
[2025-09-23T23:36:32.596+0000] {logging_mixin.py:188} INFO - [2025-09-23T23:36:32.596+0000] {dagbag.py:545} INFO - Filling up the DagBag from /opt/airflow/dags/DAG_scraper.py
[2025-09-23T23:36:32.604+0000] {logging_mixin.py:188} INFO - [2025-09-23T23:36:32.603+0000] {dagbag.py:355} ERROR - Failed to import: /opt/airflow/dags/DAG_scraper.py
Traceback (most recent call last):
  File "/home/airflow/.local/lib/python3.10/site-packages/airflow/models/dagbag.py", line 351, in parse
    loader.exec_module(new_module)
  File "<frozen importlib._bootstrap_external>", line 883, in exec_module
  File "<frozen importlib._bootstrap>", line 241, in _call_with_frames_removed
  File "/opt/airflow/dags/DAG_scraper.py", line 10, in <module>
    from ProcessData.DataProcessor import DataProcessor
  File "/opt/airflow/dags/ProcessData/DataProcessor.py", line 6, in <module>
    from geopy.geocoders import Nominatim
ModuleNotFoundError: No module named 'geopy'
[2025-09-23T23:36:32.604+0000] {processor.py:842} WARNING - No viable dags retrieved from /opt/airflow/dags/DAG_scraper.py
[2025-09-23T23:36:32.620+0000] {processor.py:183} INFO - Processing /opt/airflow/dags/DAG_scraper.py took 0.037 seconds
[2025-09-23T23:37:02.928+0000] {processor.py:161} INFO - Started process (PID=76) to work on /opt/airflow/dags/DAG_scraper.py
[2025-09-23T23:37:02.929+0000] {processor.py:830} INFO - Processing file /opt/airflow/dags/DAG_scraper.py for tasks to queue
[2025-09-23T23:37:02.932+0000] {logging_mixin.py:188} INFO - [2025-09-23T23:37:02.931+0000] {dagbag.py:545} INFO - Filling up the DagBag from /opt/airflow/dags/DAG_scraper.py
[2025-09-23T23:37:02.943+0000] {logging_mixin.py:188} INFO - [2025-09-23T23:37:02.941+0000] {dagbag.py:355} ERROR - Failed to import: /opt/airflow/dags/DAG_scraper.py
Traceback (most recent call last):
  File "/home/airflow/.local/lib/python3.10/site-packages/airflow/models/dagbag.py", line 351, in parse
    loader.exec_module(new_module)
  File "<frozen importlib._bootstrap_external>", line 883, in exec_module
  File "<frozen importlib._bootstrap>", line 241, in _call_with_frames_removed
  File "/opt/airflow/dags/DAG_scraper.py", line 10, in <module>
    from ProcessData.DataProcessor import DataProcessor
  File "/opt/airflow/dags/ProcessData/DataProcessor.py", line 6, in <module>
    from geopy.geocoders import Nominatim
ModuleNotFoundError: No module named 'geopy'
[2025-09-23T23:37:02.943+0000] {processor.py:842} WARNING - No viable dags retrieved from /opt/airflow/dags/DAG_scraper.py
[2025-09-23T23:37:02.968+0000] {processor.py:183} INFO - Processing /opt/airflow/dags/DAG_scraper.py took 0.048 seconds
[2025-09-23T23:37:33.306+0000] {processor.py:161} INFO - Started process (PID=77) to work on /opt/airflow/dags/DAG_scraper.py
[2025-09-23T23:37:33.307+0000] {processor.py:830} INFO - Processing file /opt/airflow/dags/DAG_scraper.py for tasks to queue
[2025-09-23T23:37:33.309+0000] {logging_mixin.py:188} INFO - [2025-09-23T23:37:33.308+0000] {dagbag.py:545} INFO - Filling up the DagBag from /opt/airflow/dags/DAG_scraper.py
[2025-09-23T23:37:33.315+0000] {logging_mixin.py:188} INFO - [2025-09-23T23:37:33.314+0000] {dagbag.py:355} ERROR - Failed to import: /opt/airflow/dags/DAG_scraper.py
Traceback (most recent call last):
  File "/home/airflow/.local/lib/python3.10/site-packages/airflow/models/dagbag.py", line 351, in parse
    loader.exec_module(new_module)
  File "<frozen importlib._bootstrap_external>", line 883, in exec_module
  File "<frozen importlib._bootstrap>", line 241, in _call_with_frames_removed
  File "/opt/airflow/dags/DAG_scraper.py", line 10, in <module>
    from ProcessData.DataProcessor import DataProcessor
  File "/opt/airflow/dags/ProcessData/DataProcessor.py", line 6, in <module>
    from geopy.geocoders import Nominatim
ModuleNotFoundError: No module named 'geopy'
[2025-09-23T23:37:33.315+0000] {processor.py:842} WARNING - No viable dags retrieved from /opt/airflow/dags/DAG_scraper.py
[2025-09-23T23:37:33.373+0000] {processor.py:183} INFO - Processing /opt/airflow/dags/DAG_scraper.py took 0.079 seconds
[2025-09-23T23:38:03.652+0000] {processor.py:161} INFO - Started process (PID=78) to work on /opt/airflow/dags/DAG_scraper.py
[2025-09-23T23:38:03.652+0000] {processor.py:830} INFO - Processing file /opt/airflow/dags/DAG_scraper.py for tasks to queue
[2025-09-23T23:38:03.655+0000] {logging_mixin.py:188} INFO - [2025-09-23T23:38:03.654+0000] {dagbag.py:545} INFO - Filling up the DagBag from /opt/airflow/dags/DAG_scraper.py
[2025-09-23T23:38:03.661+0000] {logging_mixin.py:188} INFO - [2025-09-23T23:38:03.660+0000] {dagbag.py:355} ERROR - Failed to import: /opt/airflow/dags/DAG_scraper.py
Traceback (most recent call last):
  File "/home/airflow/.local/lib/python3.10/site-packages/airflow/models/dagbag.py", line 351, in parse
    loader.exec_module(new_module)
  File "<frozen importlib._bootstrap_external>", line 883, in exec_module
  File "<frozen importlib._bootstrap>", line 241, in _call_with_frames_removed
  File "/opt/airflow/dags/DAG_scraper.py", line 10, in <module>
    from ProcessData.DataProcessor import DataProcessor
  File "/opt/airflow/dags/ProcessData/DataProcessor.py", line 6, in <module>
    from geopy.geocoders import Nominatim
ModuleNotFoundError: No module named 'geopy'
[2025-09-23T23:38:03.661+0000] {processor.py:842} WARNING - No viable dags retrieved from /opt/airflow/dags/DAG_scraper.py
[2025-09-23T23:38:03.678+0000] {processor.py:183} INFO - Processing /opt/airflow/dags/DAG_scraper.py took 0.041 seconds
[2025-09-23T23:38:33.941+0000] {processor.py:161} INFO - Started process (PID=79) to work on /opt/airflow/dags/DAG_scraper.py
[2025-09-23T23:38:33.942+0000] {processor.py:830} INFO - Processing file /opt/airflow/dags/DAG_scraper.py for tasks to queue
[2025-09-23T23:38:33.946+0000] {logging_mixin.py:188} INFO - [2025-09-23T23:38:33.945+0000] {dagbag.py:545} INFO - Filling up the DagBag from /opt/airflow/dags/DAG_scraper.py
[2025-09-23T23:38:33.963+0000] {logging_mixin.py:188} INFO - [2025-09-23T23:38:33.962+0000] {dagbag.py:355} ERROR - Failed to import: /opt/airflow/dags/DAG_scraper.py
Traceback (most recent call last):
  File "/home/airflow/.local/lib/python3.10/site-packages/airflow/models/dagbag.py", line 351, in parse
    loader.exec_module(new_module)
  File "<frozen importlib._bootstrap_external>", line 883, in exec_module
  File "<frozen importlib._bootstrap>", line 241, in _call_with_frames_removed
  File "/opt/airflow/dags/DAG_scraper.py", line 10, in <module>
    from ProcessData.DataProcessor import DataProcessor
  File "/opt/airflow/dags/ProcessData/DataProcessor.py", line 6, in <module>
    from geopy.geocoders import Nominatim
ModuleNotFoundError: No module named 'geopy'
[2025-09-23T23:38:33.963+0000] {processor.py:842} WARNING - No viable dags retrieved from /opt/airflow/dags/DAG_scraper.py
[2025-09-23T23:38:33.985+0000] {processor.py:183} INFO - Processing /opt/airflow/dags/DAG_scraper.py took 0.050 seconds
[2025-09-23T23:39:04.262+0000] {processor.py:161} INFO - Started process (PID=80) to work on /opt/airflow/dags/DAG_scraper.py
[2025-09-23T23:39:04.263+0000] {processor.py:830} INFO - Processing file /opt/airflow/dags/DAG_scraper.py for tasks to queue
[2025-09-23T23:39:04.265+0000] {logging_mixin.py:188} INFO - [2025-09-23T23:39:04.264+0000] {dagbag.py:545} INFO - Filling up the DagBag from /opt/airflow/dags/DAG_scraper.py
[2025-09-23T23:39:04.271+0000] {logging_mixin.py:188} INFO - [2025-09-23T23:39:04.270+0000] {dagbag.py:355} ERROR - Failed to import: /opt/airflow/dags/DAG_scraper.py
Traceback (most recent call last):
  File "/home/airflow/.local/lib/python3.10/site-packages/airflow/models/dagbag.py", line 351, in parse
    loader.exec_module(new_module)
  File "<frozen importlib._bootstrap_external>", line 883, in exec_module
  File "<frozen importlib._bootstrap>", line 241, in _call_with_frames_removed
  File "/opt/airflow/dags/DAG_scraper.py", line 10, in <module>
    from ProcessData.DataProcessor import DataProcessor
  File "/opt/airflow/dags/ProcessData/DataProcessor.py", line 6, in <module>
    from geopy.geocoders import Nominatim
ModuleNotFoundError: No module named 'geopy'
[2025-09-23T23:39:04.271+0000] {processor.py:842} WARNING - No viable dags retrieved from /opt/airflow/dags/DAG_scraper.py
[2025-09-23T23:39:04.289+0000] {processor.py:183} INFO - Processing /opt/airflow/dags/DAG_scraper.py took 0.039 seconds
[2025-09-23T23:39:34.576+0000] {processor.py:161} INFO - Started process (PID=81) to work on /opt/airflow/dags/DAG_scraper.py
[2025-09-23T23:39:34.577+0000] {processor.py:830} INFO - Processing file /opt/airflow/dags/DAG_scraper.py for tasks to queue
[2025-09-23T23:39:34.579+0000] {logging_mixin.py:188} INFO - [2025-09-23T23:39:34.579+0000] {dagbag.py:545} INFO - Filling up the DagBag from /opt/airflow/dags/DAG_scraper.py
[2025-09-23T23:39:34.587+0000] {logging_mixin.py:188} INFO - [2025-09-23T23:39:34.586+0000] {dagbag.py:355} ERROR - Failed to import: /opt/airflow/dags/DAG_scraper.py
Traceback (most recent call last):
  File "/home/airflow/.local/lib/python3.10/site-packages/airflow/models/dagbag.py", line 351, in parse
    loader.exec_module(new_module)
  File "<frozen importlib._bootstrap_external>", line 883, in exec_module
  File "<frozen importlib._bootstrap>", line 241, in _call_with_frames_removed
  File "/opt/airflow/dags/DAG_scraper.py", line 10, in <module>
    from ProcessData.DataProcessor import DataProcessor
  File "/opt/airflow/dags/ProcessData/DataProcessor.py", line 6, in <module>
    from geopy.geocoders import Nominatim
ModuleNotFoundError: No module named 'geopy'
[2025-09-23T23:39:34.587+0000] {processor.py:842} WARNING - No viable dags retrieved from /opt/airflow/dags/DAG_scraper.py
[2025-09-23T23:39:34.605+0000] {processor.py:183} INFO - Processing /opt/airflow/dags/DAG_scraper.py took 0.039 seconds
[2025-09-23T23:40:04.873+0000] {processor.py:161} INFO - Started process (PID=82) to work on /opt/airflow/dags/DAG_scraper.py
[2025-09-23T23:40:04.873+0000] {processor.py:830} INFO - Processing file /opt/airflow/dags/DAG_scraper.py for tasks to queue
[2025-09-23T23:40:04.876+0000] {logging_mixin.py:188} INFO - [2025-09-23T23:40:04.876+0000] {dagbag.py:545} INFO - Filling up the DagBag from /opt/airflow/dags/DAG_scraper.py
[2025-09-23T23:40:04.883+0000] {logging_mixin.py:188} INFO - [2025-09-23T23:40:04.882+0000] {dagbag.py:355} ERROR - Failed to import: /opt/airflow/dags/DAG_scraper.py
Traceback (most recent call last):
  File "/home/airflow/.local/lib/python3.10/site-packages/airflow/models/dagbag.py", line 351, in parse
    loader.exec_module(new_module)
  File "<frozen importlib._bootstrap_external>", line 883, in exec_module
  File "<frozen importlib._bootstrap>", line 241, in _call_with_frames_removed
  File "/opt/airflow/dags/DAG_scraper.py", line 10, in <module>
    from ProcessData.DataProcessor import DataProcessor
  File "/opt/airflow/dags/ProcessData/DataProcessor.py", line 6, in <module>
    from geopy.geocoders import Nominatim
ModuleNotFoundError: No module named 'geopy'
[2025-09-23T23:40:04.883+0000] {processor.py:842} WARNING - No viable dags retrieved from /opt/airflow/dags/DAG_scraper.py
[2025-09-23T23:40:04.899+0000] {processor.py:183} INFO - Processing /opt/airflow/dags/DAG_scraper.py took 0.036 seconds
[2025-09-23T23:40:35.214+0000] {processor.py:161} INFO - Started process (PID=83) to work on /opt/airflow/dags/DAG_scraper.py
[2025-09-23T23:40:35.215+0000] {processor.py:830} INFO - Processing file /opt/airflow/dags/DAG_scraper.py for tasks to queue
[2025-09-23T23:40:35.218+0000] {logging_mixin.py:188} INFO - [2025-09-23T23:40:35.217+0000] {dagbag.py:545} INFO - Filling up the DagBag from /opt/airflow/dags/DAG_scraper.py
[2025-09-23T23:40:35.233+0000] {logging_mixin.py:188} INFO - [2025-09-23T23:40:35.229+0000] {dagbag.py:355} ERROR - Failed to import: /opt/airflow/dags/DAG_scraper.py
Traceback (most recent call last):
  File "/home/airflow/.local/lib/python3.10/site-packages/airflow/models/dagbag.py", line 351, in parse
    loader.exec_module(new_module)
  File "<frozen importlib._bootstrap_external>", line 883, in exec_module
  File "<frozen importlib._bootstrap>", line 241, in _call_with_frames_removed
  File "/opt/airflow/dags/DAG_scraper.py", line 10, in <module>
    from ProcessData.DataProcessor import DataProcessor
  File "/opt/airflow/dags/ProcessData/DataProcessor.py", line 6, in <module>
    from geopy.geocoders import Nominatim
ModuleNotFoundError: No module named 'geopy'
[2025-09-23T23:40:35.234+0000] {processor.py:842} WARNING - No viable dags retrieved from /opt/airflow/dags/DAG_scraper.py
[2025-09-23T23:40:35.261+0000] {processor.py:183} INFO - Processing /opt/airflow/dags/DAG_scraper.py took 0.057 seconds
[2025-09-23T23:41:05.561+0000] {processor.py:161} INFO - Started process (PID=84) to work on /opt/airflow/dags/DAG_scraper.py
[2025-09-23T23:41:05.562+0000] {processor.py:830} INFO - Processing file /opt/airflow/dags/DAG_scraper.py for tasks to queue
[2025-09-23T23:41:05.566+0000] {logging_mixin.py:188} INFO - [2025-09-23T23:41:05.565+0000] {dagbag.py:545} INFO - Filling up the DagBag from /opt/airflow/dags/DAG_scraper.py
[2025-09-23T23:41:05.574+0000] {logging_mixin.py:188} INFO - [2025-09-23T23:41:05.574+0000] {dagbag.py:355} ERROR - Failed to import: /opt/airflow/dags/DAG_scraper.py
Traceback (most recent call last):
  File "/home/airflow/.local/lib/python3.10/site-packages/airflow/models/dagbag.py", line 351, in parse
    loader.exec_module(new_module)
  File "<frozen importlib._bootstrap_external>", line 883, in exec_module
  File "<frozen importlib._bootstrap>", line 241, in _call_with_frames_removed
  File "/opt/airflow/dags/DAG_scraper.py", line 10, in <module>
    from ProcessData.DataProcessor import DataProcessor
  File "/opt/airflow/dags/ProcessData/DataProcessor.py", line 6, in <module>
    from geopy.geocoders import Nominatim
ModuleNotFoundError: No module named 'geopy'
[2025-09-23T23:41:05.575+0000] {processor.py:842} WARNING - No viable dags retrieved from /opt/airflow/dags/DAG_scraper.py
[2025-09-23T23:41:05.591+0000] {processor.py:183} INFO - Processing /opt/airflow/dags/DAG_scraper.py took 0.046 seconds
[2025-09-23T23:41:35.981+0000] {processor.py:161} INFO - Started process (PID=85) to work on /opt/airflow/dags/DAG_scraper.py
[2025-09-23T23:41:35.982+0000] {processor.py:830} INFO - Processing file /opt/airflow/dags/DAG_scraper.py for tasks to queue
[2025-09-23T23:41:35.987+0000] {logging_mixin.py:188} INFO - [2025-09-23T23:41:35.987+0000] {dagbag.py:545} INFO - Filling up the DagBag from /opt/airflow/dags/DAG_scraper.py
[2025-09-23T23:41:35.998+0000] {logging_mixin.py:188} INFO - [2025-09-23T23:41:35.997+0000] {dagbag.py:355} ERROR - Failed to import: /opt/airflow/dags/DAG_scraper.py
Traceback (most recent call last):
  File "/home/airflow/.local/lib/python3.10/site-packages/airflow/models/dagbag.py", line 351, in parse
    loader.exec_module(new_module)
  File "<frozen importlib._bootstrap_external>", line 883, in exec_module
  File "<frozen importlib._bootstrap>", line 241, in _call_with_frames_removed
  File "/opt/airflow/dags/DAG_scraper.py", line 10, in <module>
    from ProcessData.DataProcessor import DataProcessor
  File "/opt/airflow/dags/ProcessData/DataProcessor.py", line 6, in <module>
    from geopy.geocoders import Nominatim
ModuleNotFoundError: No module named 'geopy'
[2025-09-23T23:41:35.998+0000] {processor.py:842} WARNING - No viable dags retrieved from /opt/airflow/dags/DAG_scraper.py
[2025-09-23T23:41:36.014+0000] {processor.py:183} INFO - Processing /opt/airflow/dags/DAG_scraper.py took 0.055 seconds
[2025-09-23T23:42:06.349+0000] {processor.py:161} INFO - Started process (PID=86) to work on /opt/airflow/dags/DAG_scraper.py
[2025-09-23T23:42:06.350+0000] {processor.py:830} INFO - Processing file /opt/airflow/dags/DAG_scraper.py for tasks to queue
[2025-09-23T23:42:06.353+0000] {logging_mixin.py:188} INFO - [2025-09-23T23:42:06.353+0000] {dagbag.py:545} INFO - Filling up the DagBag from /opt/airflow/dags/DAG_scraper.py
[2025-09-23T23:42:06.373+0000] {logging_mixin.py:188} INFO - [2025-09-23T23:42:06.372+0000] {dagbag.py:355} ERROR - Failed to import: /opt/airflow/dags/DAG_scraper.py
Traceback (most recent call last):
  File "/home/airflow/.local/lib/python3.10/site-packages/airflow/models/dagbag.py", line 351, in parse
    loader.exec_module(new_module)
  File "<frozen importlib._bootstrap_external>", line 883, in exec_module
  File "<frozen importlib._bootstrap>", line 241, in _call_with_frames_removed
  File "/opt/airflow/dags/DAG_scraper.py", line 10, in <module>
    from ProcessData.DataProcessor import DataProcessor
  File "/opt/airflow/dags/ProcessData/DataProcessor.py", line 6, in <module>
    from geopy.geocoders import Nominatim
ModuleNotFoundError: No module named 'geopy'
[2025-09-23T23:42:06.373+0000] {processor.py:842} WARNING - No viable dags retrieved from /opt/airflow/dags/DAG_scraper.py
[2025-09-23T23:42:06.392+0000] {processor.py:183} INFO - Processing /opt/airflow/dags/DAG_scraper.py took 0.075 seconds
[2025-09-23T23:42:36.675+0000] {processor.py:161} INFO - Started process (PID=87) to work on /opt/airflow/dags/DAG_scraper.py
[2025-09-23T23:42:36.676+0000] {processor.py:830} INFO - Processing file /opt/airflow/dags/DAG_scraper.py for tasks to queue
[2025-09-23T23:42:36.679+0000] {logging_mixin.py:188} INFO - [2025-09-23T23:42:36.679+0000] {dagbag.py:545} INFO - Filling up the DagBag from /opt/airflow/dags/DAG_scraper.py
[2025-09-23T23:42:36.687+0000] {logging_mixin.py:188} INFO - [2025-09-23T23:42:36.686+0000] {dagbag.py:355} ERROR - Failed to import: /opt/airflow/dags/DAG_scraper.py
Traceback (most recent call last):
  File "/home/airflow/.local/lib/python3.10/site-packages/airflow/models/dagbag.py", line 351, in parse
    loader.exec_module(new_module)
  File "<frozen importlib._bootstrap_external>", line 883, in exec_module
  File "<frozen importlib._bootstrap>", line 241, in _call_with_frames_removed
  File "/opt/airflow/dags/DAG_scraper.py", line 10, in <module>
    from ProcessData.DataProcessor import DataProcessor
  File "/opt/airflow/dags/ProcessData/DataProcessor.py", line 6, in <module>
    from geopy.geocoders import Nominatim
ModuleNotFoundError: No module named 'geopy'
[2025-09-23T23:42:36.687+0000] {processor.py:842} WARNING - No viable dags retrieved from /opt/airflow/dags/DAG_scraper.py
[2025-09-23T23:42:36.704+0000] {processor.py:183} INFO - Processing /opt/airflow/dags/DAG_scraper.py took 0.040 seconds
[2025-09-23T23:43:06.997+0000] {processor.py:161} INFO - Started process (PID=88) to work on /opt/airflow/dags/DAG_scraper.py
[2025-09-23T23:43:06.998+0000] {processor.py:830} INFO - Processing file /opt/airflow/dags/DAG_scraper.py for tasks to queue
[2025-09-23T23:43:07.001+0000] {logging_mixin.py:188} INFO - [2025-09-23T23:43:07.000+0000] {dagbag.py:545} INFO - Filling up the DagBag from /opt/airflow/dags/DAG_scraper.py
[2025-09-23T23:43:07.008+0000] {logging_mixin.py:188} INFO - [2025-09-23T23:43:07.007+0000] {dagbag.py:355} ERROR - Failed to import: /opt/airflow/dags/DAG_scraper.py
Traceback (most recent call last):
  File "/home/airflow/.local/lib/python3.10/site-packages/airflow/models/dagbag.py", line 351, in parse
    loader.exec_module(new_module)
  File "<frozen importlib._bootstrap_external>", line 883, in exec_module
  File "<frozen importlib._bootstrap>", line 241, in _call_with_frames_removed
  File "/opt/airflow/dags/DAG_scraper.py", line 10, in <module>
    from ProcessData.DataProcessor import DataProcessor
  File "/opt/airflow/dags/ProcessData/DataProcessor.py", line 6, in <module>
    from geopy.geocoders import Nominatim
ModuleNotFoundError: No module named 'geopy'
[2025-09-23T23:43:07.008+0000] {processor.py:842} WARNING - No viable dags retrieved from /opt/airflow/dags/DAG_scraper.py
[2025-09-23T23:43:07.038+0000] {processor.py:183} INFO - Processing /opt/airflow/dags/DAG_scraper.py took 0.050 seconds
[2025-09-23T23:43:37.402+0000] {processor.py:161} INFO - Started process (PID=89) to work on /opt/airflow/dags/DAG_scraper.py
[2025-09-23T23:43:37.404+0000] {processor.py:830} INFO - Processing file /opt/airflow/dags/DAG_scraper.py for tasks to queue
[2025-09-23T23:43:37.410+0000] {logging_mixin.py:188} INFO - [2025-09-23T23:43:37.409+0000] {dagbag.py:545} INFO - Filling up the DagBag from /opt/airflow/dags/DAG_scraper.py
[2025-09-23T23:43:37.432+0000] {logging_mixin.py:188} INFO - [2025-09-23T23:43:37.431+0000] {dagbag.py:355} ERROR - Failed to import: /opt/airflow/dags/DAG_scraper.py
Traceback (most recent call last):
  File "/home/airflow/.local/lib/python3.10/site-packages/airflow/models/dagbag.py", line 351, in parse
    loader.exec_module(new_module)
  File "<frozen importlib._bootstrap_external>", line 883, in exec_module
  File "<frozen importlib._bootstrap>", line 241, in _call_with_frames_removed
  File "/opt/airflow/dags/DAG_scraper.py", line 10, in <module>
    from ProcessData.DataProcessor import DataProcessor
  File "/opt/airflow/dags/ProcessData/DataProcessor.py", line 6, in <module>
    from geopy.geocoders import Nominatim
ModuleNotFoundError: No module named 'geopy'
[2025-09-23T23:43:37.433+0000] {processor.py:842} WARNING - No viable dags retrieved from /opt/airflow/dags/DAG_scraper.py
[2025-09-23T23:43:37.454+0000] {processor.py:183} INFO - Processing /opt/airflow/dags/DAG_scraper.py took 0.071 seconds
[2025-09-23T23:44:07.765+0000] {processor.py:161} INFO - Started process (PID=90) to work on /opt/airflow/dags/DAG_scraper.py
[2025-09-23T23:44:07.766+0000] {processor.py:830} INFO - Processing file /opt/airflow/dags/DAG_scraper.py for tasks to queue
[2025-09-23T23:44:07.769+0000] {logging_mixin.py:188} INFO - [2025-09-23T23:44:07.768+0000] {dagbag.py:545} INFO - Filling up the DagBag from /opt/airflow/dags/DAG_scraper.py
[2025-09-23T23:44:07.777+0000] {logging_mixin.py:188} INFO - [2025-09-23T23:44:07.776+0000] {dagbag.py:355} ERROR - Failed to import: /opt/airflow/dags/DAG_scraper.py
Traceback (most recent call last):
  File "/home/airflow/.local/lib/python3.10/site-packages/airflow/models/dagbag.py", line 351, in parse
    loader.exec_module(new_module)
  File "<frozen importlib._bootstrap_external>", line 883, in exec_module
  File "<frozen importlib._bootstrap>", line 241, in _call_with_frames_removed
  File "/opt/airflow/dags/DAG_scraper.py", line 10, in <module>
    from ProcessData.DataProcessor import DataProcessor
  File "/opt/airflow/dags/ProcessData/DataProcessor.py", line 6, in <module>
    from geopy.geocoders import Nominatim
ModuleNotFoundError: No module named 'geopy'
[2025-09-23T23:44:07.777+0000] {processor.py:842} WARNING - No viable dags retrieved from /opt/airflow/dags/DAG_scraper.py
[2025-09-23T23:44:07.796+0000] {processor.py:183} INFO - Processing /opt/airflow/dags/DAG_scraper.py took 0.045 seconds
[2025-09-23T23:44:38.074+0000] {processor.py:161} INFO - Started process (PID=91) to work on /opt/airflow/dags/DAG_scraper.py
[2025-09-23T23:44:38.075+0000] {processor.py:830} INFO - Processing file /opt/airflow/dags/DAG_scraper.py for tasks to queue
[2025-09-23T23:44:38.078+0000] {logging_mixin.py:188} INFO - [2025-09-23T23:44:38.077+0000] {dagbag.py:545} INFO - Filling up the DagBag from /opt/airflow/dags/DAG_scraper.py
[2025-09-23T23:44:38.094+0000] {logging_mixin.py:188} INFO - [2025-09-23T23:44:38.091+0000] {dagbag.py:355} ERROR - Failed to import: /opt/airflow/dags/DAG_scraper.py
Traceback (most recent call last):
  File "/home/airflow/.local/lib/python3.10/site-packages/airflow/models/dagbag.py", line 351, in parse
    loader.exec_module(new_module)
  File "<frozen importlib._bootstrap_external>", line 883, in exec_module
  File "<frozen importlib._bootstrap>", line 241, in _call_with_frames_removed
  File "/opt/airflow/dags/DAG_scraper.py", line 10, in <module>
    from ProcessData.DataProcessor import DataProcessor
  File "/opt/airflow/dags/ProcessData/DataProcessor.py", line 6, in <module>
    from geopy.geocoders import Nominatim
ModuleNotFoundError: No module named 'geopy'
[2025-09-23T23:44:38.094+0000] {processor.py:842} WARNING - No viable dags retrieved from /opt/airflow/dags/DAG_scraper.py
[2025-09-23T23:44:38.113+0000] {processor.py:183} INFO - Processing /opt/airflow/dags/DAG_scraper.py took 0.046 seconds
[2025-09-23T23:45:08.354+0000] {processor.py:161} INFO - Started process (PID=92) to work on /opt/airflow/dags/DAG_scraper.py
[2025-09-23T23:45:08.355+0000] {processor.py:830} INFO - Processing file /opt/airflow/dags/DAG_scraper.py for tasks to queue
[2025-09-23T23:45:08.357+0000] {logging_mixin.py:188} INFO - [2025-09-23T23:45:08.357+0000] {dagbag.py:545} INFO - Filling up the DagBag from /opt/airflow/dags/DAG_scraper.py
[2025-09-23T23:45:08.364+0000] {logging_mixin.py:188} INFO - [2025-09-23T23:45:08.363+0000] {dagbag.py:355} ERROR - Failed to import: /opt/airflow/dags/DAG_scraper.py
Traceback (most recent call last):
  File "/home/airflow/.local/lib/python3.10/site-packages/airflow/models/dagbag.py", line 351, in parse
    loader.exec_module(new_module)
  File "<frozen importlib._bootstrap_external>", line 883, in exec_module
  File "<frozen importlib._bootstrap>", line 241, in _call_with_frames_removed
  File "/opt/airflow/dags/DAG_scraper.py", line 10, in <module>
    from ProcessData.DataProcessor import DataProcessor
  File "/opt/airflow/dags/ProcessData/DataProcessor.py", line 6, in <module>
    from geopy.geocoders import Nominatim
ModuleNotFoundError: No module named 'geopy'
[2025-09-23T23:45:08.364+0000] {processor.py:842} WARNING - No viable dags retrieved from /opt/airflow/dags/DAG_scraper.py
[2025-09-23T23:45:08.379+0000] {processor.py:183} INFO - Processing /opt/airflow/dags/DAG_scraper.py took 0.033 seconds
[2025-09-23T23:45:38.646+0000] {processor.py:161} INFO - Started process (PID=93) to work on /opt/airflow/dags/DAG_scraper.py
[2025-09-23T23:45:38.647+0000] {processor.py:830} INFO - Processing file /opt/airflow/dags/DAG_scraper.py for tasks to queue
[2025-09-23T23:45:38.650+0000] {logging_mixin.py:188} INFO - [2025-09-23T23:45:38.650+0000] {dagbag.py:545} INFO - Filling up the DagBag from /opt/airflow/dags/DAG_scraper.py
[2025-09-23T23:45:38.657+0000] {logging_mixin.py:188} INFO - [2025-09-23T23:45:38.656+0000] {dagbag.py:355} ERROR - Failed to import: /opt/airflow/dags/DAG_scraper.py
Traceback (most recent call last):
  File "/home/airflow/.local/lib/python3.10/site-packages/airflow/models/dagbag.py", line 351, in parse
    loader.exec_module(new_module)
  File "<frozen importlib._bootstrap_external>", line 883, in exec_module
  File "<frozen importlib._bootstrap>", line 241, in _call_with_frames_removed
  File "/opt/airflow/dags/DAG_scraper.py", line 10, in <module>
    from ProcessData.DataProcessor import DataProcessor
  File "/opt/airflow/dags/ProcessData/DataProcessor.py", line 6, in <module>
    from geopy.geocoders import Nominatim
ModuleNotFoundError: No module named 'geopy'
[2025-09-23T23:45:38.657+0000] {processor.py:842} WARNING - No viable dags retrieved from /opt/airflow/dags/DAG_scraper.py
[2025-09-23T23:45:38.673+0000] {processor.py:183} INFO - Processing /opt/airflow/dags/DAG_scraper.py took 0.037 seconds
[2025-09-23T23:46:08.931+0000] {processor.py:161} INFO - Started process (PID=94) to work on /opt/airflow/dags/DAG_scraper.py
[2025-09-23T23:46:08.931+0000] {processor.py:830} INFO - Processing file /opt/airflow/dags/DAG_scraper.py for tasks to queue
[2025-09-23T23:46:08.934+0000] {logging_mixin.py:188} INFO - [2025-09-23T23:46:08.933+0000] {dagbag.py:545} INFO - Filling up the DagBag from /opt/airflow/dags/DAG_scraper.py
[2025-09-23T23:46:08.940+0000] {logging_mixin.py:188} INFO - [2025-09-23T23:46:08.939+0000] {dagbag.py:355} ERROR - Failed to import: /opt/airflow/dags/DAG_scraper.py
Traceback (most recent call last):
  File "/home/airflow/.local/lib/python3.10/site-packages/airflow/models/dagbag.py", line 351, in parse
    loader.exec_module(new_module)
  File "<frozen importlib._bootstrap_external>", line 883, in exec_module
  File "<frozen importlib._bootstrap>", line 241, in _call_with_frames_removed
  File "/opt/airflow/dags/DAG_scraper.py", line 10, in <module>
    from ProcessData.DataProcessor import DataProcessor
  File "/opt/airflow/dags/ProcessData/DataProcessor.py", line 6, in <module>
    from geopy.geocoders import Nominatim
ModuleNotFoundError: No module named 'geopy'
[2025-09-23T23:46:08.940+0000] {processor.py:842} WARNING - No viable dags retrieved from /opt/airflow/dags/DAG_scraper.py
[2025-09-23T23:46:08.965+0000] {processor.py:183} INFO - Processing /opt/airflow/dags/DAG_scraper.py took 0.044 seconds
[2025-09-23T23:46:39.190+0000] {processor.py:161} INFO - Started process (PID=95) to work on /opt/airflow/dags/DAG_scraper.py
[2025-09-23T23:46:39.191+0000] {processor.py:830} INFO - Processing file /opt/airflow/dags/DAG_scraper.py for tasks to queue
[2025-09-23T23:46:39.193+0000] {logging_mixin.py:188} INFO - [2025-09-23T23:46:39.193+0000] {dagbag.py:545} INFO - Filling up the DagBag from /opt/airflow/dags/DAG_scraper.py
[2025-09-23T23:46:39.201+0000] {logging_mixin.py:188} INFO - [2025-09-23T23:46:39.200+0000] {dagbag.py:355} ERROR - Failed to import: /opt/airflow/dags/DAG_scraper.py
Traceback (most recent call last):
  File "/home/airflow/.local/lib/python3.10/site-packages/airflow/models/dagbag.py", line 351, in parse
    loader.exec_module(new_module)
  File "<frozen importlib._bootstrap_external>", line 883, in exec_module
  File "<frozen importlib._bootstrap>", line 241, in _call_with_frames_removed
  File "/opt/airflow/dags/DAG_scraper.py", line 10, in <module>
    from ProcessData.DataProcessor import DataProcessor
  File "/opt/airflow/dags/ProcessData/DataProcessor.py", line 6, in <module>
    from geopy.geocoders import Nominatim
ModuleNotFoundError: No module named 'geopy'
[2025-09-23T23:46:39.201+0000] {processor.py:842} WARNING - No viable dags retrieved from /opt/airflow/dags/DAG_scraper.py
[2025-09-23T23:46:39.219+0000] {processor.py:183} INFO - Processing /opt/airflow/dags/DAG_scraper.py took 0.037 seconds
[2025-09-23T23:47:09.482+0000] {processor.py:161} INFO - Started process (PID=96) to work on /opt/airflow/dags/DAG_scraper.py
[2025-09-23T23:47:09.483+0000] {processor.py:830} INFO - Processing file /opt/airflow/dags/DAG_scraper.py for tasks to queue
[2025-09-23T23:47:09.486+0000] {logging_mixin.py:188} INFO - [2025-09-23T23:47:09.486+0000] {dagbag.py:545} INFO - Filling up the DagBag from /opt/airflow/dags/DAG_scraper.py
[2025-09-23T23:47:09.494+0000] {logging_mixin.py:188} INFO - [2025-09-23T23:47:09.493+0000] {dagbag.py:355} ERROR - Failed to import: /opt/airflow/dags/DAG_scraper.py
Traceback (most recent call last):
  File "/home/airflow/.local/lib/python3.10/site-packages/airflow/models/dagbag.py", line 351, in parse
    loader.exec_module(new_module)
  File "<frozen importlib._bootstrap_external>", line 883, in exec_module
  File "<frozen importlib._bootstrap>", line 241, in _call_with_frames_removed
  File "/opt/airflow/dags/DAG_scraper.py", line 10, in <module>
    from ProcessData.DataProcessor import DataProcessor
  File "/opt/airflow/dags/ProcessData/DataProcessor.py", line 6, in <module>
    from geopy.geocoders import Nominatim
ModuleNotFoundError: No module named 'geopy'
[2025-09-23T23:47:09.494+0000] {processor.py:842} WARNING - No viable dags retrieved from /opt/airflow/dags/DAG_scraper.py
[2025-09-23T23:47:09.510+0000] {processor.py:183} INFO - Processing /opt/airflow/dags/DAG_scraper.py took 0.046 seconds
[2025-09-23T23:47:39.761+0000] {processor.py:161} INFO - Started process (PID=97) to work on /opt/airflow/dags/DAG_scraper.py
[2025-09-23T23:47:39.762+0000] {processor.py:830} INFO - Processing file /opt/airflow/dags/DAG_scraper.py for tasks to queue
[2025-09-23T23:47:39.764+0000] {logging_mixin.py:188} INFO - [2025-09-23T23:47:39.764+0000] {dagbag.py:545} INFO - Filling up the DagBag from /opt/airflow/dags/DAG_scraper.py
[2025-09-23T23:47:39.770+0000] {logging_mixin.py:188} INFO - [2025-09-23T23:47:39.769+0000] {dagbag.py:355} ERROR - Failed to import: /opt/airflow/dags/DAG_scraper.py
Traceback (most recent call last):
  File "/home/airflow/.local/lib/python3.10/site-packages/airflow/models/dagbag.py", line 351, in parse
    loader.exec_module(new_module)
  File "<frozen importlib._bootstrap_external>", line 883, in exec_module
  File "<frozen importlib._bootstrap>", line 241, in _call_with_frames_removed
  File "/opt/airflow/dags/DAG_scraper.py", line 10, in <module>
    from ProcessData.DataProcessor import DataProcessor
  File "/opt/airflow/dags/ProcessData/DataProcessor.py", line 6, in <module>
    from geopy.geocoders import Nominatim
ModuleNotFoundError: No module named 'geopy'
[2025-09-23T23:47:39.770+0000] {processor.py:842} WARNING - No viable dags retrieved from /opt/airflow/dags/DAG_scraper.py
[2025-09-23T23:47:39.788+0000] {processor.py:183} INFO - Processing /opt/airflow/dags/DAG_scraper.py took 0.034 seconds
[2025-09-23T23:48:10.092+0000] {processor.py:161} INFO - Started process (PID=98) to work on /opt/airflow/dags/DAG_scraper.py
[2025-09-23T23:48:10.093+0000] {processor.py:830} INFO - Processing file /opt/airflow/dags/DAG_scraper.py for tasks to queue
[2025-09-23T23:48:10.096+0000] {logging_mixin.py:188} INFO - [2025-09-23T23:48:10.095+0000] {dagbag.py:545} INFO - Filling up the DagBag from /opt/airflow/dags/DAG_scraper.py
[2025-09-23T23:48:10.105+0000] {logging_mixin.py:188} INFO - [2025-09-23T23:48:10.104+0000] {dagbag.py:355} ERROR - Failed to import: /opt/airflow/dags/DAG_scraper.py
Traceback (most recent call last):
  File "/home/airflow/.local/lib/python3.10/site-packages/airflow/models/dagbag.py", line 351, in parse
    loader.exec_module(new_module)
  File "<frozen importlib._bootstrap_external>", line 883, in exec_module
  File "<frozen importlib._bootstrap>", line 241, in _call_with_frames_removed
  File "/opt/airflow/dags/DAG_scraper.py", line 10, in <module>
    from ProcessData.DataProcessor import DataProcessor
  File "/opt/airflow/dags/ProcessData/DataProcessor.py", line 6, in <module>
    from geopy.geocoders import Nominatim
ModuleNotFoundError: No module named 'geopy'
[2025-09-23T23:48:10.105+0000] {processor.py:842} WARNING - No viable dags retrieved from /opt/airflow/dags/DAG_scraper.py
[2025-09-23T23:48:10.123+0000] {processor.py:183} INFO - Processing /opt/airflow/dags/DAG_scraper.py took 0.040 seconds
[2025-09-23T23:48:40.526+0000] {processor.py:161} INFO - Started process (PID=99) to work on /opt/airflow/dags/DAG_scraper.py
[2025-09-23T23:48:40.526+0000] {processor.py:830} INFO - Processing file /opt/airflow/dags/DAG_scraper.py for tasks to queue
[2025-09-23T23:48:40.529+0000] {logging_mixin.py:188} INFO - [2025-09-23T23:48:40.528+0000] {dagbag.py:545} INFO - Filling up the DagBag from /opt/airflow/dags/DAG_scraper.py
[2025-09-23T23:48:40.535+0000] {logging_mixin.py:188} INFO - [2025-09-23T23:48:40.535+0000] {dagbag.py:355} ERROR - Failed to import: /opt/airflow/dags/DAG_scraper.py
Traceback (most recent call last):
  File "/home/airflow/.local/lib/python3.10/site-packages/airflow/models/dagbag.py", line 351, in parse
    loader.exec_module(new_module)
  File "<frozen importlib._bootstrap_external>", line 883, in exec_module
  File "<frozen importlib._bootstrap>", line 241, in _call_with_frames_removed
  File "/opt/airflow/dags/DAG_scraper.py", line 10, in <module>
    from ProcessData.DataProcessor import DataProcessor
  File "/opt/airflow/dags/ProcessData/DataProcessor.py", line 6, in <module>
    from geopy.geocoders import Nominatim
ModuleNotFoundError: No module named 'geopy'
[2025-09-23T23:48:40.536+0000] {processor.py:842} WARNING - No viable dags retrieved from /opt/airflow/dags/DAG_scraper.py
[2025-09-23T23:48:40.554+0000] {processor.py:183} INFO - Processing /opt/airflow/dags/DAG_scraper.py took 0.042 seconds
[2025-09-23T23:49:10.868+0000] {processor.py:161} INFO - Started process (PID=100) to work on /opt/airflow/dags/DAG_scraper.py
[2025-09-23T23:49:10.869+0000] {processor.py:830} INFO - Processing file /opt/airflow/dags/DAG_scraper.py for tasks to queue
[2025-09-23T23:49:10.879+0000] {logging_mixin.py:188} INFO - [2025-09-23T23:49:10.878+0000] {dagbag.py:545} INFO - Filling up the DagBag from /opt/airflow/dags/DAG_scraper.py
[2025-09-23T23:49:10.890+0000] {logging_mixin.py:188} INFO - [2025-09-23T23:49:10.890+0000] {dagbag.py:355} ERROR - Failed to import: /opt/airflow/dags/DAG_scraper.py
Traceback (most recent call last):
  File "/home/airflow/.local/lib/python3.10/site-packages/airflow/models/dagbag.py", line 351, in parse
    loader.exec_module(new_module)
  File "<frozen importlib._bootstrap_external>", line 883, in exec_module
  File "<frozen importlib._bootstrap>", line 241, in _call_with_frames_removed
  File "/opt/airflow/dags/DAG_scraper.py", line 10, in <module>
    from ProcessData.DataProcessor import DataProcessor
  File "/opt/airflow/dags/ProcessData/DataProcessor.py", line 6, in <module>
    from geopy.geocoders import Nominatim
ModuleNotFoundError: No module named 'geopy'
[2025-09-23T23:49:10.890+0000] {processor.py:842} WARNING - No viable dags retrieved from /opt/airflow/dags/DAG_scraper.py
[2025-09-23T23:49:10.928+0000] {processor.py:183} INFO - Processing /opt/airflow/dags/DAG_scraper.py took 0.070 seconds
[2025-09-23T23:49:41.211+0000] {processor.py:161} INFO - Started process (PID=101) to work on /opt/airflow/dags/DAG_scraper.py
[2025-09-23T23:49:41.212+0000] {processor.py:830} INFO - Processing file /opt/airflow/dags/DAG_scraper.py for tasks to queue
[2025-09-23T23:49:41.216+0000] {logging_mixin.py:188} INFO - [2025-09-23T23:49:41.215+0000] {dagbag.py:545} INFO - Filling up the DagBag from /opt/airflow/dags/DAG_scraper.py
[2025-09-23T23:49:41.225+0000] {logging_mixin.py:188} INFO - [2025-09-23T23:49:41.224+0000] {dagbag.py:355} ERROR - Failed to import: /opt/airflow/dags/DAG_scraper.py
Traceback (most recent call last):
  File "/home/airflow/.local/lib/python3.10/site-packages/airflow/models/dagbag.py", line 351, in parse
    loader.exec_module(new_module)
  File "<frozen importlib._bootstrap_external>", line 883, in exec_module
  File "<frozen importlib._bootstrap>", line 241, in _call_with_frames_removed
  File "/opt/airflow/dags/DAG_scraper.py", line 10, in <module>
    from ProcessData.DataProcessor import DataProcessor
  File "/opt/airflow/dags/ProcessData/DataProcessor.py", line 6, in <module>
    from geopy.geocoders import Nominatim
ModuleNotFoundError: No module named 'geopy'
[2025-09-23T23:49:41.226+0000] {processor.py:842} WARNING - No viable dags retrieved from /opt/airflow/dags/DAG_scraper.py
[2025-09-23T23:49:41.249+0000] {processor.py:183} INFO - Processing /opt/airflow/dags/DAG_scraper.py took 0.066 seconds
[2025-09-23T23:50:11.601+0000] {processor.py:161} INFO - Started process (PID=102) to work on /opt/airflow/dags/DAG_scraper.py
[2025-09-23T23:50:11.602+0000] {processor.py:830} INFO - Processing file /opt/airflow/dags/DAG_scraper.py for tasks to queue
[2025-09-23T23:50:11.604+0000] {logging_mixin.py:188} INFO - [2025-09-23T23:50:11.604+0000] {dagbag.py:545} INFO - Filling up the DagBag from /opt/airflow/dags/DAG_scraper.py
[2025-09-23T23:50:11.613+0000] {logging_mixin.py:188} INFO - [2025-09-23T23:50:11.612+0000] {dagbag.py:355} ERROR - Failed to import: /opt/airflow/dags/DAG_scraper.py
Traceback (most recent call last):
  File "/home/airflow/.local/lib/python3.10/site-packages/airflow/models/dagbag.py", line 351, in parse
    loader.exec_module(new_module)
  File "<frozen importlib._bootstrap_external>", line 883, in exec_module
  File "<frozen importlib._bootstrap>", line 241, in _call_with_frames_removed
  File "/opt/airflow/dags/DAG_scraper.py", line 10, in <module>
    from ProcessData.DataProcessor import DataProcessor
  File "/opt/airflow/dags/ProcessData/DataProcessor.py", line 6, in <module>
    from geopy.geocoders import Nominatim
ModuleNotFoundError: No module named 'geopy'
[2025-09-23T23:50:11.613+0000] {processor.py:842} WARNING - No viable dags retrieved from /opt/airflow/dags/DAG_scraper.py
[2025-09-23T23:50:11.632+0000] {processor.py:183} INFO - Processing /opt/airflow/dags/DAG_scraper.py took 0.040 seconds
[2025-09-23T23:50:41.932+0000] {processor.py:161} INFO - Started process (PID=103) to work on /opt/airflow/dags/DAG_scraper.py
[2025-09-23T23:50:41.933+0000] {processor.py:830} INFO - Processing file /opt/airflow/dags/DAG_scraper.py for tasks to queue
[2025-09-23T23:50:41.935+0000] {logging_mixin.py:188} INFO - [2025-09-23T23:50:41.934+0000] {dagbag.py:545} INFO - Filling up the DagBag from /opt/airflow/dags/DAG_scraper.py
[2025-09-23T23:50:41.940+0000] {logging_mixin.py:188} INFO - [2025-09-23T23:50:41.939+0000] {dagbag.py:355} ERROR - Failed to import: /opt/airflow/dags/DAG_scraper.py
Traceback (most recent call last):
  File "/home/airflow/.local/lib/python3.10/site-packages/airflow/models/dagbag.py", line 351, in parse
    loader.exec_module(new_module)
  File "<frozen importlib._bootstrap_external>", line 883, in exec_module
  File "<frozen importlib._bootstrap>", line 241, in _call_with_frames_removed
  File "/opt/airflow/dags/DAG_scraper.py", line 10, in <module>
    from ProcessData.DataProcessor import DataProcessor
  File "/opt/airflow/dags/ProcessData/DataProcessor.py", line 6, in <module>
    from geopy.geocoders import Nominatim
ModuleNotFoundError: No module named 'geopy'
[2025-09-23T23:50:41.940+0000] {processor.py:842} WARNING - No viable dags retrieved from /opt/airflow/dags/DAG_scraper.py
[2025-09-23T23:50:41.957+0000] {processor.py:183} INFO - Processing /opt/airflow/dags/DAG_scraper.py took 0.031 seconds
[2025-09-23T23:51:12.279+0000] {processor.py:161} INFO - Started process (PID=104) to work on /opt/airflow/dags/DAG_scraper.py
[2025-09-23T23:51:12.280+0000] {processor.py:830} INFO - Processing file /opt/airflow/dags/DAG_scraper.py for tasks to queue
[2025-09-23T23:51:12.282+0000] {logging_mixin.py:188} INFO - [2025-09-23T23:51:12.282+0000] {dagbag.py:545} INFO - Filling up the DagBag from /opt/airflow/dags/DAG_scraper.py
[2025-09-23T23:51:12.289+0000] {logging_mixin.py:188} INFO - [2025-09-23T23:51:12.288+0000] {dagbag.py:355} ERROR - Failed to import: /opt/airflow/dags/DAG_scraper.py
Traceback (most recent call last):
  File "/home/airflow/.local/lib/python3.10/site-packages/airflow/models/dagbag.py", line 351, in parse
    loader.exec_module(new_module)
  File "<frozen importlib._bootstrap_external>", line 883, in exec_module
  File "<frozen importlib._bootstrap>", line 241, in _call_with_frames_removed
  File "/opt/airflow/dags/DAG_scraper.py", line 10, in <module>
    from ProcessData.DataProcessor import DataProcessor
  File "/opt/airflow/dags/ProcessData/DataProcessor.py", line 6, in <module>
    from geopy.geocoders import Nominatim
ModuleNotFoundError: No module named 'geopy'
[2025-09-23T23:51:12.289+0000] {processor.py:842} WARNING - No viable dags retrieved from /opt/airflow/dags/DAG_scraper.py
[2025-09-23T23:51:12.319+0000] {processor.py:183} INFO - Processing /opt/airflow/dags/DAG_scraper.py took 0.047 seconds
[2025-09-23T23:51:42.635+0000] {processor.py:161} INFO - Started process (PID=105) to work on /opt/airflow/dags/DAG_scraper.py
[2025-09-23T23:51:42.636+0000] {processor.py:830} INFO - Processing file /opt/airflow/dags/DAG_scraper.py for tasks to queue
[2025-09-23T23:51:42.648+0000] {logging_mixin.py:188} INFO - [2025-09-23T23:51:42.646+0000] {dagbag.py:545} INFO - Filling up the DagBag from /opt/airflow/dags/DAG_scraper.py
[2025-09-23T23:51:42.658+0000] {logging_mixin.py:188} INFO - [2025-09-23T23:51:42.657+0000] {dagbag.py:355} ERROR - Failed to import: /opt/airflow/dags/DAG_scraper.py
Traceback (most recent call last):
  File "/home/airflow/.local/lib/python3.10/site-packages/airflow/models/dagbag.py", line 351, in parse
    loader.exec_module(new_module)
  File "<frozen importlib._bootstrap_external>", line 883, in exec_module
  File "<frozen importlib._bootstrap>", line 241, in _call_with_frames_removed
  File "/opt/airflow/dags/DAG_scraper.py", line 10, in <module>
    from ProcessData.DataProcessor import DataProcessor
  File "/opt/airflow/dags/ProcessData/DataProcessor.py", line 6, in <module>
    from geopy.geocoders import Nominatim
ModuleNotFoundError: No module named 'geopy'
[2025-09-23T23:51:42.658+0000] {processor.py:842} WARNING - No viable dags retrieved from /opt/airflow/dags/DAG_scraper.py
[2025-09-23T23:51:42.677+0000] {processor.py:183} INFO - Processing /opt/airflow/dags/DAG_scraper.py took 0.050 seconds
[2025-09-23T23:52:13.019+0000] {processor.py:161} INFO - Started process (PID=106) to work on /opt/airflow/dags/DAG_scraper.py
[2025-09-23T23:52:13.020+0000] {processor.py:830} INFO - Processing file /opt/airflow/dags/DAG_scraper.py for tasks to queue
[2025-09-23T23:52:13.022+0000] {logging_mixin.py:188} INFO - [2025-09-23T23:52:13.022+0000] {dagbag.py:545} INFO - Filling up the DagBag from /opt/airflow/dags/DAG_scraper.py
[2025-09-23T23:52:13.032+0000] {logging_mixin.py:188} INFO - [2025-09-23T23:52:13.031+0000] {dagbag.py:355} ERROR - Failed to import: /opt/airflow/dags/DAG_scraper.py
Traceback (most recent call last):
  File "/home/airflow/.local/lib/python3.10/site-packages/airflow/models/dagbag.py", line 351, in parse
    loader.exec_module(new_module)
  File "<frozen importlib._bootstrap_external>", line 883, in exec_module
  File "<frozen importlib._bootstrap>", line 241, in _call_with_frames_removed
  File "/opt/airflow/dags/DAG_scraper.py", line 10, in <module>
    from ProcessData.DataProcessor import DataProcessor
  File "/opt/airflow/dags/ProcessData/DataProcessor.py", line 6, in <module>
    from geopy.geocoders import Nominatim
ModuleNotFoundError: No module named 'geopy'
[2025-09-23T23:52:13.032+0000] {processor.py:842} WARNING - No viable dags retrieved from /opt/airflow/dags/DAG_scraper.py
[2025-09-23T23:52:13.051+0000] {processor.py:183} INFO - Processing /opt/airflow/dags/DAG_scraper.py took 0.038 seconds
[2025-09-23T23:52:43.286+0000] {processor.py:161} INFO - Started process (PID=107) to work on /opt/airflow/dags/DAG_scraper.py
[2025-09-23T23:52:43.287+0000] {processor.py:830} INFO - Processing file /opt/airflow/dags/DAG_scraper.py for tasks to queue
[2025-09-23T23:52:43.289+0000] {logging_mixin.py:188} INFO - [2025-09-23T23:52:43.289+0000] {dagbag.py:545} INFO - Filling up the DagBag from /opt/airflow/dags/DAG_scraper.py
[2025-09-23T23:52:43.295+0000] {logging_mixin.py:188} INFO - [2025-09-23T23:52:43.295+0000] {dagbag.py:355} ERROR - Failed to import: /opt/airflow/dags/DAG_scraper.py
Traceback (most recent call last):
  File "/home/airflow/.local/lib/python3.10/site-packages/airflow/models/dagbag.py", line 351, in parse
    loader.exec_module(new_module)
  File "<frozen importlib._bootstrap_external>", line 883, in exec_module
  File "<frozen importlib._bootstrap>", line 241, in _call_with_frames_removed
  File "/opt/airflow/dags/DAG_scraper.py", line 10, in <module>
    from ProcessData.DataProcessor import DataProcessor
  File "/opt/airflow/dags/ProcessData/DataProcessor.py", line 6, in <module>
    from geopy.geocoders import Nominatim
ModuleNotFoundError: No module named 'geopy'
[2025-09-23T23:52:43.296+0000] {processor.py:842} WARNING - No viable dags retrieved from /opt/airflow/dags/DAG_scraper.py
[2025-09-23T23:52:43.310+0000] {processor.py:183} INFO - Processing /opt/airflow/dags/DAG_scraper.py took 0.031 seconds
[2025-09-23T23:53:13.603+0000] {processor.py:161} INFO - Started process (PID=108) to work on /opt/airflow/dags/DAG_scraper.py
[2025-09-23T23:53:13.603+0000] {processor.py:830} INFO - Processing file /opt/airflow/dags/DAG_scraper.py for tasks to queue
[2025-09-23T23:53:13.607+0000] {logging_mixin.py:188} INFO - [2025-09-23T23:53:13.606+0000] {dagbag.py:545} INFO - Filling up the DagBag from /opt/airflow/dags/DAG_scraper.py
[2025-09-23T23:53:13.616+0000] {logging_mixin.py:188} INFO - [2025-09-23T23:53:13.614+0000] {dagbag.py:355} ERROR - Failed to import: /opt/airflow/dags/DAG_scraper.py
Traceback (most recent call last):
  File "/home/airflow/.local/lib/python3.10/site-packages/airflow/models/dagbag.py", line 351, in parse
    loader.exec_module(new_module)
  File "<frozen importlib._bootstrap_external>", line 883, in exec_module
  File "<frozen importlib._bootstrap>", line 241, in _call_with_frames_removed
  File "/opt/airflow/dags/DAG_scraper.py", line 10, in <module>
    from ProcessData.DataProcessor import DataProcessor
  File "/opt/airflow/dags/ProcessData/DataProcessor.py", line 6, in <module>
    from geopy.geocoders import Nominatim
ModuleNotFoundError: No module named 'geopy'
[2025-09-23T23:53:13.616+0000] {processor.py:842} WARNING - No viable dags retrieved from /opt/airflow/dags/DAG_scraper.py
[2025-09-23T23:53:13.639+0000] {processor.py:183} INFO - Processing /opt/airflow/dags/DAG_scraper.py took 0.043 seconds
[2025-09-23T23:53:43.975+0000] {processor.py:161} INFO - Started process (PID=109) to work on /opt/airflow/dags/DAG_scraper.py
[2025-09-23T23:53:43.976+0000] {processor.py:830} INFO - Processing file /opt/airflow/dags/DAG_scraper.py for tasks to queue
[2025-09-23T23:53:43.979+0000] {logging_mixin.py:188} INFO - [2025-09-23T23:53:43.979+0000] {dagbag.py:545} INFO - Filling up the DagBag from /opt/airflow/dags/DAG_scraper.py
[2025-09-23T23:53:43.985+0000] {logging_mixin.py:188} INFO - [2025-09-23T23:53:43.985+0000] {dagbag.py:355} ERROR - Failed to import: /opt/airflow/dags/DAG_scraper.py
Traceback (most recent call last):
  File "/home/airflow/.local/lib/python3.10/site-packages/airflow/models/dagbag.py", line 351, in parse
    loader.exec_module(new_module)
  File "<frozen importlib._bootstrap_external>", line 883, in exec_module
  File "<frozen importlib._bootstrap>", line 241, in _call_with_frames_removed
  File "/opt/airflow/dags/DAG_scraper.py", line 10, in <module>
    from ProcessData.DataProcessor import DataProcessor
  File "/opt/airflow/dags/ProcessData/DataProcessor.py", line 6, in <module>
    from geopy.geocoders import Nominatim
ModuleNotFoundError: No module named 'geopy'
[2025-09-23T23:53:43.986+0000] {processor.py:842} WARNING - No viable dags retrieved from /opt/airflow/dags/DAG_scraper.py
[2025-09-23T23:53:44.021+0000] {processor.py:183} INFO - Processing /opt/airflow/dags/DAG_scraper.py took 0.055 seconds
[2025-09-23T23:54:14.265+0000] {processor.py:161} INFO - Started process (PID=110) to work on /opt/airflow/dags/DAG_scraper.py
[2025-09-23T23:54:14.266+0000] {processor.py:830} INFO - Processing file /opt/airflow/dags/DAG_scraper.py for tasks to queue
[2025-09-23T23:54:14.268+0000] {logging_mixin.py:188} INFO - [2025-09-23T23:54:14.268+0000] {dagbag.py:545} INFO - Filling up the DagBag from /opt/airflow/dags/DAG_scraper.py
[2025-09-23T23:54:14.274+0000] {logging_mixin.py:188} INFO - [2025-09-23T23:54:14.274+0000] {dagbag.py:355} ERROR - Failed to import: /opt/airflow/dags/DAG_scraper.py
Traceback (most recent call last):
  File "/home/airflow/.local/lib/python3.10/site-packages/airflow/models/dagbag.py", line 351, in parse
    loader.exec_module(new_module)
  File "<frozen importlib._bootstrap_external>", line 883, in exec_module
  File "<frozen importlib._bootstrap>", line 241, in _call_with_frames_removed
  File "/opt/airflow/dags/DAG_scraper.py", line 10, in <module>
    from ProcessData.DataProcessor import DataProcessor
  File "/opt/airflow/dags/ProcessData/DataProcessor.py", line 6, in <module>
    from geopy.geocoders import Nominatim
ModuleNotFoundError: No module named 'geopy'
[2025-09-23T23:54:14.275+0000] {processor.py:842} WARNING - No viable dags retrieved from /opt/airflow/dags/DAG_scraper.py
[2025-09-23T23:54:14.292+0000] {processor.py:183} INFO - Processing /opt/airflow/dags/DAG_scraper.py took 0.033 seconds
[2025-09-23T23:54:44.583+0000] {processor.py:161} INFO - Started process (PID=111) to work on /opt/airflow/dags/DAG_scraper.py
[2025-09-23T23:54:44.584+0000] {processor.py:830} INFO - Processing file /opt/airflow/dags/DAG_scraper.py for tasks to queue
[2025-09-23T23:54:44.592+0000] {logging_mixin.py:188} INFO - [2025-09-23T23:54:44.591+0000] {dagbag.py:545} INFO - Filling up the DagBag from /opt/airflow/dags/DAG_scraper.py
[2025-09-23T23:54:44.604+0000] {logging_mixin.py:188} INFO - [2025-09-23T23:54:44.603+0000] {dagbag.py:355} ERROR - Failed to import: /opt/airflow/dags/DAG_scraper.py
Traceback (most recent call last):
  File "/home/airflow/.local/lib/python3.10/site-packages/airflow/models/dagbag.py", line 351, in parse
    loader.exec_module(new_module)
  File "<frozen importlib._bootstrap_external>", line 883, in exec_module
  File "<frozen importlib._bootstrap>", line 241, in _call_with_frames_removed
  File "/opt/airflow/dags/DAG_scraper.py", line 10, in <module>
    from ProcessData.DataProcessor import DataProcessor
  File "/opt/airflow/dags/ProcessData/DataProcessor.py", line 6, in <module>
    from geopy.geocoders import Nominatim
ModuleNotFoundError: No module named 'geopy'
[2025-09-23T23:54:44.604+0000] {processor.py:842} WARNING - No viable dags retrieved from /opt/airflow/dags/DAG_scraper.py
[2025-09-23T23:54:44.621+0000] {processor.py:183} INFO - Processing /opt/airflow/dags/DAG_scraper.py took 0.054 seconds
[2025-09-23T23:55:14.902+0000] {processor.py:161} INFO - Started process (PID=112) to work on /opt/airflow/dags/DAG_scraper.py
[2025-09-23T23:55:14.903+0000] {processor.py:830} INFO - Processing file /opt/airflow/dags/DAG_scraper.py for tasks to queue
[2025-09-23T23:55:14.906+0000] {logging_mixin.py:188} INFO - [2025-09-23T23:55:14.905+0000] {dagbag.py:545} INFO - Filling up the DagBag from /opt/airflow/dags/DAG_scraper.py
[2025-09-23T23:55:14.913+0000] {logging_mixin.py:188} INFO - [2025-09-23T23:55:14.912+0000] {dagbag.py:355} ERROR - Failed to import: /opt/airflow/dags/DAG_scraper.py
Traceback (most recent call last):
  File "/home/airflow/.local/lib/python3.10/site-packages/airflow/models/dagbag.py", line 351, in parse
    loader.exec_module(new_module)
  File "<frozen importlib._bootstrap_external>", line 883, in exec_module
  File "<frozen importlib._bootstrap>", line 241, in _call_with_frames_removed
  File "/opt/airflow/dags/DAG_scraper.py", line 10, in <module>
    from ProcessData.DataProcessor import DataProcessor
  File "/opt/airflow/dags/ProcessData/DataProcessor.py", line 6, in <module>
    from geopy.geocoders import Nominatim
ModuleNotFoundError: No module named 'geopy'
[2025-09-23T23:55:14.914+0000] {processor.py:842} WARNING - No viable dags retrieved from /opt/airflow/dags/DAG_scraper.py
[2025-09-23T23:55:14.933+0000] {processor.py:183} INFO - Processing /opt/airflow/dags/DAG_scraper.py took 0.051 seconds
[2025-09-23T23:55:45.242+0000] {processor.py:161} INFO - Started process (PID=113) to work on /opt/airflow/dags/DAG_scraper.py
[2025-09-23T23:55:45.244+0000] {processor.py:830} INFO - Processing file /opt/airflow/dags/DAG_scraper.py for tasks to queue
[2025-09-23T23:55:45.253+0000] {logging_mixin.py:188} INFO - [2025-09-23T23:55:45.253+0000] {dagbag.py:545} INFO - Filling up the DagBag from /opt/airflow/dags/DAG_scraper.py
[2025-09-23T23:55:45.262+0000] {logging_mixin.py:188} INFO - [2025-09-23T23:55:45.262+0000] {dagbag.py:355} ERROR - Failed to import: /opt/airflow/dags/DAG_scraper.py
Traceback (most recent call last):
  File "/home/airflow/.local/lib/python3.10/site-packages/airflow/models/dagbag.py", line 351, in parse
    loader.exec_module(new_module)
  File "<frozen importlib._bootstrap_external>", line 883, in exec_module
  File "<frozen importlib._bootstrap>", line 241, in _call_with_frames_removed
  File "/opt/airflow/dags/DAG_scraper.py", line 10, in <module>
    from ProcessData.DataProcessor import DataProcessor
  File "/opt/airflow/dags/ProcessData/DataProcessor.py", line 6, in <module>
    from geopy.geocoders import Nominatim
ModuleNotFoundError: No module named 'geopy'
[2025-09-23T23:55:45.263+0000] {processor.py:842} WARNING - No viable dags retrieved from /opt/airflow/dags/DAG_scraper.py
[2025-09-23T23:55:45.284+0000] {processor.py:183} INFO - Processing /opt/airflow/dags/DAG_scraper.py took 0.065 seconds
[2025-09-23T23:56:15.612+0000] {processor.py:161} INFO - Started process (PID=114) to work on /opt/airflow/dags/DAG_scraper.py
[2025-09-23T23:56:15.614+0000] {processor.py:830} INFO - Processing file /opt/airflow/dags/DAG_scraper.py for tasks to queue
[2025-09-23T23:56:15.617+0000] {logging_mixin.py:188} INFO - [2025-09-23T23:56:15.617+0000] {dagbag.py:545} INFO - Filling up the DagBag from /opt/airflow/dags/DAG_scraper.py
[2025-09-23T23:56:15.625+0000] {logging_mixin.py:188} INFO - [2025-09-23T23:56:15.624+0000] {dagbag.py:355} ERROR - Failed to import: /opt/airflow/dags/DAG_scraper.py
Traceback (most recent call last):
  File "/home/airflow/.local/lib/python3.10/site-packages/airflow/models/dagbag.py", line 351, in parse
    loader.exec_module(new_module)
  File "<frozen importlib._bootstrap_external>", line 883, in exec_module
  File "<frozen importlib._bootstrap>", line 241, in _call_with_frames_removed
  File "/opt/airflow/dags/DAG_scraper.py", line 10, in <module>
    from ProcessData.DataProcessor import DataProcessor
  File "/opt/airflow/dags/ProcessData/DataProcessor.py", line 6, in <module>
    from geopy.geocoders import Nominatim
ModuleNotFoundError: No module named 'geopy'
[2025-09-23T23:56:15.625+0000] {processor.py:842} WARNING - No viable dags retrieved from /opt/airflow/dags/DAG_scraper.py
[2025-09-23T23:56:15.644+0000] {processor.py:183} INFO - Processing /opt/airflow/dags/DAG_scraper.py took 0.044 seconds
[2025-09-23T23:56:45.947+0000] {processor.py:161} INFO - Started process (PID=115) to work on /opt/airflow/dags/DAG_scraper.py
[2025-09-23T23:56:45.948+0000] {processor.py:830} INFO - Processing file /opt/airflow/dags/DAG_scraper.py for tasks to queue
[2025-09-23T23:56:45.950+0000] {logging_mixin.py:188} INFO - [2025-09-23T23:56:45.950+0000] {dagbag.py:545} INFO - Filling up the DagBag from /opt/airflow/dags/DAG_scraper.py
[2025-09-23T23:56:45.955+0000] {logging_mixin.py:188} INFO - [2025-09-23T23:56:45.955+0000] {dagbag.py:355} ERROR - Failed to import: /opt/airflow/dags/DAG_scraper.py
Traceback (most recent call last):
  File "/home/airflow/.local/lib/python3.10/site-packages/airflow/models/dagbag.py", line 351, in parse
    loader.exec_module(new_module)
  File "<frozen importlib._bootstrap_external>", line 883, in exec_module
  File "<frozen importlib._bootstrap>", line 241, in _call_with_frames_removed
  File "/opt/airflow/dags/DAG_scraper.py", line 10, in <module>
    from ProcessData.DataProcessor import DataProcessor
  File "/opt/airflow/dags/ProcessData/DataProcessor.py", line 6, in <module>
    from geopy.geocoders import Nominatim
ModuleNotFoundError: No module named 'geopy'
[2025-09-23T23:56:45.956+0000] {processor.py:842} WARNING - No viable dags retrieved from /opt/airflow/dags/DAG_scraper.py
[2025-09-23T23:56:45.971+0000] {processor.py:183} INFO - Processing /opt/airflow/dags/DAG_scraper.py took 0.044 seconds
[2025-09-23T23:57:16.302+0000] {processor.py:161} INFO - Started process (PID=116) to work on /opt/airflow/dags/DAG_scraper.py
[2025-09-23T23:57:16.303+0000] {processor.py:830} INFO - Processing file /opt/airflow/dags/DAG_scraper.py for tasks to queue
[2025-09-23T23:57:16.305+0000] {logging_mixin.py:188} INFO - [2025-09-23T23:57:16.305+0000] {dagbag.py:545} INFO - Filling up the DagBag from /opt/airflow/dags/DAG_scraper.py
[2025-09-23T23:57:16.313+0000] {logging_mixin.py:188} INFO - [2025-09-23T23:57:16.312+0000] {dagbag.py:355} ERROR - Failed to import: /opt/airflow/dags/DAG_scraper.py
Traceback (most recent call last):
  File "/home/airflow/.local/lib/python3.10/site-packages/airflow/models/dagbag.py", line 351, in parse
    loader.exec_module(new_module)
  File "<frozen importlib._bootstrap_external>", line 883, in exec_module
  File "<frozen importlib._bootstrap>", line 241, in _call_with_frames_removed
  File "/opt/airflow/dags/DAG_scraper.py", line 10, in <module>
    from ProcessData.DataProcessor import DataProcessor
  File "/opt/airflow/dags/ProcessData/DataProcessor.py", line 6, in <module>
    from geopy.geocoders import Nominatim
ModuleNotFoundError: No module named 'geopy'
[2025-09-23T23:57:16.313+0000] {processor.py:842} WARNING - No viable dags retrieved from /opt/airflow/dags/DAG_scraper.py
[2025-09-23T23:57:16.359+0000] {processor.py:183} INFO - Processing /opt/airflow/dags/DAG_scraper.py took 0.065 seconds
[2025-09-23T23:57:46.676+0000] {processor.py:161} INFO - Started process (PID=117) to work on /opt/airflow/dags/DAG_scraper.py
[2025-09-23T23:57:46.677+0000] {processor.py:830} INFO - Processing file /opt/airflow/dags/DAG_scraper.py for tasks to queue
[2025-09-23T23:57:46.679+0000] {logging_mixin.py:188} INFO - [2025-09-23T23:57:46.679+0000] {dagbag.py:545} INFO - Filling up the DagBag from /opt/airflow/dags/DAG_scraper.py
[2025-09-23T23:57:46.685+0000] {logging_mixin.py:188} INFO - [2025-09-23T23:57:46.685+0000] {dagbag.py:355} ERROR - Failed to import: /opt/airflow/dags/DAG_scraper.py
Traceback (most recent call last):
  File "/home/airflow/.local/lib/python3.10/site-packages/airflow/models/dagbag.py", line 351, in parse
    loader.exec_module(new_module)
  File "<frozen importlib._bootstrap_external>", line 883, in exec_module
  File "<frozen importlib._bootstrap>", line 241, in _call_with_frames_removed
  File "/opt/airflow/dags/DAG_scraper.py", line 10, in <module>
    from ProcessData.DataProcessor import DataProcessor
  File "/opt/airflow/dags/ProcessData/DataProcessor.py", line 6, in <module>
    from geopy.geocoders import Nominatim
ModuleNotFoundError: No module named 'geopy'
[2025-09-23T23:57:46.686+0000] {processor.py:842} WARNING - No viable dags retrieved from /opt/airflow/dags/DAG_scraper.py
[2025-09-23T23:57:46.718+0000] {processor.py:183} INFO - Processing /opt/airflow/dags/DAG_scraper.py took 0.050 seconds
[2025-09-23T23:58:16.988+0000] {processor.py:161} INFO - Started process (PID=118) to work on /opt/airflow/dags/DAG_scraper.py
[2025-09-23T23:58:16.989+0000] {processor.py:830} INFO - Processing file /opt/airflow/dags/DAG_scraper.py for tasks to queue
[2025-09-23T23:58:16.991+0000] {logging_mixin.py:188} INFO - [2025-09-23T23:58:16.991+0000] {dagbag.py:545} INFO - Filling up the DagBag from /opt/airflow/dags/DAG_scraper.py
[2025-09-23T23:58:16.998+0000] {logging_mixin.py:188} INFO - [2025-09-23T23:58:16.997+0000] {dagbag.py:355} ERROR - Failed to import: /opt/airflow/dags/DAG_scraper.py
Traceback (most recent call last):
  File "/home/airflow/.local/lib/python3.10/site-packages/airflow/models/dagbag.py", line 351, in parse
    loader.exec_module(new_module)
  File "<frozen importlib._bootstrap_external>", line 883, in exec_module
  File "<frozen importlib._bootstrap>", line 241, in _call_with_frames_removed
  File "/opt/airflow/dags/DAG_scraper.py", line 10, in <module>
    from ProcessData.DataProcessor import DataProcessor
  File "/opt/airflow/dags/ProcessData/DataProcessor.py", line 6, in <module>
    from geopy.geocoders import Nominatim
ModuleNotFoundError: No module named 'geopy'
[2025-09-23T23:58:16.998+0000] {processor.py:842} WARNING - No viable dags retrieved from /opt/airflow/dags/DAG_scraper.py
[2025-09-23T23:58:17.033+0000] {processor.py:183} INFO - Processing /opt/airflow/dags/DAG_scraper.py took 0.055 seconds
[2025-09-23T23:58:47.370+0000] {processor.py:161} INFO - Started process (PID=119) to work on /opt/airflow/dags/DAG_scraper.py
[2025-09-23T23:58:47.371+0000] {processor.py:830} INFO - Processing file /opt/airflow/dags/DAG_scraper.py for tasks to queue
[2025-09-23T23:58:47.374+0000] {logging_mixin.py:188} INFO - [2025-09-23T23:58:47.373+0000] {dagbag.py:545} INFO - Filling up the DagBag from /opt/airflow/dags/DAG_scraper.py
[2025-09-23T23:58:47.380+0000] {logging_mixin.py:188} INFO - [2025-09-23T23:58:47.380+0000] {dagbag.py:355} ERROR - Failed to import: /opt/airflow/dags/DAG_scraper.py
Traceback (most recent call last):
  File "/home/airflow/.local/lib/python3.10/site-packages/airflow/models/dagbag.py", line 351, in parse
    loader.exec_module(new_module)
  File "<frozen importlib._bootstrap_external>", line 883, in exec_module
  File "<frozen importlib._bootstrap>", line 241, in _call_with_frames_removed
  File "/opt/airflow/dags/DAG_scraper.py", line 10, in <module>
    from ProcessData.DataProcessor import DataProcessor
  File "/opt/airflow/dags/ProcessData/DataProcessor.py", line 6, in <module>
    from geopy.geocoders import Nominatim
ModuleNotFoundError: No module named 'geopy'
[2025-09-23T23:58:47.381+0000] {processor.py:842} WARNING - No viable dags retrieved from /opt/airflow/dags/DAG_scraper.py
[2025-09-23T23:58:47.396+0000] {processor.py:183} INFO - Processing /opt/airflow/dags/DAG_scraper.py took 0.036 seconds
[2025-09-23T23:59:17.688+0000] {processor.py:161} INFO - Started process (PID=120) to work on /opt/airflow/dags/DAG_scraper.py
[2025-09-23T23:59:17.689+0000] {processor.py:830} INFO - Processing file /opt/airflow/dags/DAG_scraper.py for tasks to queue
[2025-09-23T23:59:17.692+0000] {logging_mixin.py:188} INFO - [2025-09-23T23:59:17.692+0000] {dagbag.py:545} INFO - Filling up the DagBag from /opt/airflow/dags/DAG_scraper.py
[2025-09-23T23:59:17.700+0000] {logging_mixin.py:188} INFO - [2025-09-23T23:59:17.699+0000] {dagbag.py:355} ERROR - Failed to import: /opt/airflow/dags/DAG_scraper.py
Traceback (most recent call last):
  File "/home/airflow/.local/lib/python3.10/site-packages/airflow/models/dagbag.py", line 351, in parse
    loader.exec_module(new_module)
  File "<frozen importlib._bootstrap_external>", line 883, in exec_module
  File "<frozen importlib._bootstrap>", line 241, in _call_with_frames_removed
  File "/opt/airflow/dags/DAG_scraper.py", line 10, in <module>
    from ProcessData.DataProcessor import DataProcessor
  File "/opt/airflow/dags/ProcessData/DataProcessor.py", line 6, in <module>
    from geopy.geocoders import Nominatim
ModuleNotFoundError: No module named 'geopy'
[2025-09-23T23:59:17.700+0000] {processor.py:842} WARNING - No viable dags retrieved from /opt/airflow/dags/DAG_scraper.py
[2025-09-23T23:59:17.726+0000] {processor.py:183} INFO - Processing /opt/airflow/dags/DAG_scraper.py took 0.049 seconds
[2025-09-23T23:59:48.138+0000] {processor.py:161} INFO - Started process (PID=121) to work on /opt/airflow/dags/DAG_scraper.py
[2025-09-23T23:59:48.139+0000] {processor.py:830} INFO - Processing file /opt/airflow/dags/DAG_scraper.py for tasks to queue
[2025-09-23T23:59:48.141+0000] {logging_mixin.py:188} INFO - [2025-09-23T23:59:48.141+0000] {dagbag.py:545} INFO - Filling up the DagBag from /opt/airflow/dags/DAG_scraper.py
[2025-09-23T23:59:48.155+0000] {logging_mixin.py:188} INFO - [2025-09-23T23:59:48.154+0000] {dagbag.py:355} ERROR - Failed to import: /opt/airflow/dags/DAG_scraper.py
Traceback (most recent call last):
  File "/home/airflow/.local/lib/python3.10/site-packages/airflow/models/dagbag.py", line 351, in parse
    loader.exec_module(new_module)
  File "<frozen importlib._bootstrap_external>", line 883, in exec_module
  File "<frozen importlib._bootstrap>", line 241, in _call_with_frames_removed
  File "/opt/airflow/dags/DAG_scraper.py", line 10, in <module>
    from ProcessData.DataProcessor import DataProcessor
  File "/opt/airflow/dags/ProcessData/DataProcessor.py", line 6, in <module>
    from geopy.geocoders import Nominatim
ModuleNotFoundError: No module named 'geopy'
[2025-09-23T23:59:48.155+0000] {processor.py:842} WARNING - No viable dags retrieved from /opt/airflow/dags/DAG_scraper.py
[2025-09-23T23:59:48.174+0000] {processor.py:183} INFO - Processing /opt/airflow/dags/DAG_scraper.py took 0.043 seconds
