[2025-09-23T21:47:58.205+0000] {manager.py:470} INFO - Processing files using up to 2 processes at a time 
[2025-09-23T21:47:58.206+0000] {manager.py:471} INFO - Process each file at most once every 30 seconds
[2025-09-23T21:47:58.206+0000] {manager.py:472} INFO - Checking for new files in /opt/airflow/dags every 300 seconds
[2025-09-23T21:47:58.206+0000] {manager.py:737} INFO - Searching for files in /opt/airflow/dags
[2025-09-23T21:47:58.211+0000] {manager.py:740} INFO - There are 1 files in /opt/airflow/dags
[2025-09-23T21:47:58.265+0000] {manager.py:878} INFO - 
================================================================================
DAG File Processing Stats

File Path                           PID  Runtime      # DAGs    # Errors  Last Runtime    Last Run
--------------------------------  -----  ---------  --------  ----------  --------------  ----------
/opt/airflow/dags/DAG_scraper.py     28  0.02s             0           0
================================================================================
[2025-09-23T21:48:28.559+0000] {manager.py:878} INFO - 
================================================================================
DAG File Processing Stats

File Path                           PID  Runtime      # DAGs    # Errors  Last Runtime    Last Run
--------------------------------  -----  ---------  --------  ----------  --------------  -------------------
/opt/airflow/dags/DAG_scraper.py     29  0.02s             0           1  0.04s           2025-09-23T21:47:58
================================================================================
[2025-09-23T21:48:58.858+0000] {manager.py:878} INFO - 
================================================================================
DAG File Processing Stats

File Path                           PID  Runtime      # DAGs    # Errors  Last Runtime    Last Run
--------------------------------  -----  ---------  --------  ----------  --------------  -------------------
/opt/airflow/dags/DAG_scraper.py     30  0.01s             0           1  0.09s           2025-09-23T21:48:28
================================================================================
[2025-09-23T21:49:02.997+0000] {manager.py:452} INFO - Exiting gracefully upon receiving signal 15
[2025-09-23T22:01:11.256+0000] {manager.py:470} INFO - Processing files using up to 2 processes at a time 
[2025-09-23T22:01:11.257+0000] {manager.py:471} INFO - Process each file at most once every 30 seconds
[2025-09-23T22:01:11.258+0000] {manager.py:472} INFO - Checking for new files in /opt/airflow/dags every 300 seconds
[2025-09-23T22:01:11.258+0000] {manager.py:737} INFO - Searching for files in /opt/airflow/dags
[2025-09-23T22:01:11.279+0000] {manager.py:740} INFO - There are 1 files in /opt/airflow/dags
[2025-09-23T22:01:11.329+0000] {manager.py:878} INFO - 
================================================================================
DAG File Processing Stats

File Path                           PID  Runtime      # DAGs    # Errors  Last Runtime    Last Run
--------------------------------  -----  ---------  --------  ----------  --------------  ----------
/opt/airflow/dags/DAG_scraper.py     29  0.02s             0           0
================================================================================
[2025-09-23T22:01:41.579+0000] {manager.py:878} INFO - 
================================================================================
DAG File Processing Stats

File Path                           PID  Runtime      # DAGs    # Errors  Last Runtime    Last Run
--------------------------------  -----  ---------  --------  ----------  --------------  -------------------
/opt/airflow/dags/DAG_scraper.py     30  0.01s             0           1  0.04s           2025-09-23T22:01:11
================================================================================
[2025-09-23T22:02:11.909+0000] {manager.py:878} INFO - 
================================================================================
DAG File Processing Stats

File Path                           PID  Runtime      # DAGs    # Errors  Last Runtime    Last Run
--------------------------------  -----  ---------  --------  ----------  --------------  -------------------
/opt/airflow/dags/DAG_scraper.py     31  0.01s             0           1  0.07s           2025-09-23T22:01:41
================================================================================
[2025-09-23T22:02:42.306+0000] {manager.py:878} INFO - 
================================================================================
DAG File Processing Stats

File Path                           PID  Runtime      # DAGs    # Errors  Last Runtime    Last Run
--------------------------------  -----  ---------  --------  ----------  --------------  -------------------
/opt/airflow/dags/DAG_scraper.py     32  0.01s             0           1  0.09s           2025-09-23T22:02:11
================================================================================
[2025-09-23T22:02:55.179+0000] {manager.py:452} INFO - Exiting gracefully upon receiving signal 15
[2025-09-23T22:10:17.286+0000] {manager.py:470} INFO - Processing files using up to 2 processes at a time 
[2025-09-23T22:10:17.287+0000] {manager.py:471} INFO - Process each file at most once every 30 seconds
[2025-09-23T22:10:17.288+0000] {manager.py:472} INFO - Checking for new files in /opt/airflow/dags every 300 seconds
[2025-09-23T22:10:17.288+0000] {manager.py:737} INFO - Searching for files in /opt/airflow/dags
[2025-09-23T22:10:17.307+0000] {manager.py:740} INFO - There are 1 files in /opt/airflow/dags
[2025-09-23T22:10:31.453+0000] {manager.py:878} INFO - 
================================================================================
DAG File Processing Stats

File Path                         PID    Runtime      # DAGs    # Errors  Last Runtime    Last Run
--------------------------------  -----  ---------  --------  ----------  --------------  -------------------
/opt/airflow/dags/DAG_scraper.py                           0           1  0.03s           2025-09-23T22:10:17
================================================================================
[2025-09-23T22:11:01.802+0000] {manager.py:878} INFO - 
================================================================================
DAG File Processing Stats

File Path                         PID    Runtime      # DAGs    # Errors  Last Runtime    Last Run
--------------------------------  -----  ---------  --------  ----------  --------------  -------------------
/opt/airflow/dags/DAG_scraper.py                           0           1  0.08s           2025-09-23T22:10:47
================================================================================
[2025-09-23T22:11:32.132+0000] {manager.py:878} INFO - 
================================================================================
DAG File Processing Stats

File Path                         PID    Runtime      # DAGs    # Errors  Last Runtime    Last Run
--------------------------------  -----  ---------  --------  ----------  --------------  -------------------
/opt/airflow/dags/DAG_scraper.py                           0           1  0.06s           2025-09-23T22:11:18
================================================================================
[2025-09-23T22:12:02.460+0000] {manager.py:878} INFO - 
================================================================================
DAG File Processing Stats

File Path                         PID    Runtime      # DAGs    # Errors  Last Runtime    Last Run
--------------------------------  -----  ---------  --------  ----------  --------------  -------------------
/opt/airflow/dags/DAG_scraper.py                           0           1  0.08s           2025-09-23T22:11:48
================================================================================
[2025-09-23T22:12:32.834+0000] {manager.py:878} INFO - 
================================================================================
DAG File Processing Stats

File Path                         PID    Runtime      # DAGs    # Errors  Last Runtime    Last Run
--------------------------------  -----  ---------  --------  ----------  --------------  -------------------
/opt/airflow/dags/DAG_scraper.py                           0           1  0.07s           2025-09-23T22:12:18
================================================================================
[2025-09-23T22:13:03.137+0000] {manager.py:878} INFO - 
================================================================================
DAG File Processing Stats

File Path                         PID    Runtime      # DAGs    # Errors  Last Runtime    Last Run
--------------------------------  -----  ---------  --------  ----------  --------------  -------------------
/opt/airflow/dags/DAG_scraper.py                           0           1  0.05s           2025-09-23T22:12:49
================================================================================
[2025-09-23T22:13:33.451+0000] {manager.py:878} INFO - 
================================================================================
DAG File Processing Stats

File Path                         PID    Runtime      # DAGs    # Errors  Last Runtime    Last Run
--------------------------------  -----  ---------  --------  ----------  --------------  -------------------
/opt/airflow/dags/DAG_scraper.py                           0           1  0.06s           2025-09-23T22:13:19
================================================================================
[2025-09-23T22:14:03.798+0000] {manager.py:878} INFO - 
================================================================================
DAG File Processing Stats

File Path                         PID    Runtime      # DAGs    # Errors  Last Runtime    Last Run
--------------------------------  -----  ---------  --------  ----------  --------------  -------------------
/opt/airflow/dags/DAG_scraper.py                           0           1  0.07s           2025-09-23T22:13:49
================================================================================
[2025-09-23T22:14:34.134+0000] {manager.py:878} INFO - 
================================================================================
DAG File Processing Stats

File Path                         PID    Runtime      # DAGs    # Errors  Last Runtime    Last Run
--------------------------------  -----  ---------  --------  ----------  --------------  -------------------
/opt/airflow/dags/DAG_scraper.py                           0           1  0.08s           2025-09-23T22:14:20
================================================================================
[2025-09-23T22:15:04.548+0000] {manager.py:878} INFO - 
================================================================================
DAG File Processing Stats

File Path                         PID    Runtime      # DAGs    # Errors  Last Runtime    Last Run
--------------------------------  -----  ---------  --------  ----------  --------------  -------------------
/opt/airflow/dags/DAG_scraper.py                           0           1  0.08s           2025-09-23T22:14:50
================================================================================
[2025-09-23T22:15:17.687+0000] {manager.py:737} INFO - Searching for files in /opt/airflow/dags
[2025-09-23T22:15:17.711+0000] {manager.py:740} INFO - There are 1 files in /opt/airflow/dags
[2025-09-23T22:15:34.880+0000] {manager.py:878} INFO - 
================================================================================
DAG File Processing Stats

File Path                         PID    Runtime      # DAGs    # Errors  Last Runtime    Last Run
--------------------------------  -----  ---------  --------  ----------  --------------  -------------------
/opt/airflow/dags/DAG_scraper.py                           0           1  0.07s           2025-09-23T22:15:20
================================================================================
[2025-09-23T22:16:05.164+0000] {manager.py:878} INFO - 
================================================================================
DAG File Processing Stats

File Path                         PID    Runtime      # DAGs    # Errors  Last Runtime    Last Run
--------------------------------  -----  ---------  --------  ----------  --------------  -------------------
/opt/airflow/dags/DAG_scraper.py                           0           1  0.04s           2025-09-23T22:15:51
================================================================================
[2025-09-23T22:16:35.529+0000] {manager.py:878} INFO - 
================================================================================
DAG File Processing Stats

File Path                         PID    Runtime      # DAGs    # Errors  Last Runtime    Last Run
--------------------------------  -----  ---------  --------  ----------  --------------  -------------------
/opt/airflow/dags/DAG_scraper.py                           0           1  0.06s           2025-09-23T22:16:21
================================================================================
[2025-09-23T22:17:05.932+0000] {manager.py:878} INFO - 
================================================================================
DAG File Processing Stats

File Path                         PID    Runtime      # DAGs    # Errors  Last Runtime    Last Run
--------------------------------  -----  ---------  --------  ----------  --------------  -------------------
/opt/airflow/dags/DAG_scraper.py                           0           1  0.08s           2025-09-23T22:16:51
================================================================================
[2025-09-23T22:17:36.209+0000] {manager.py:878} INFO - 
================================================================================
DAG File Processing Stats

File Path                         PID    Runtime      # DAGs    # Errors  Last Runtime    Last Run
--------------------------------  -----  ---------  --------  ----------  --------------  -------------------
/opt/airflow/dags/DAG_scraper.py                           0           1  0.09s           2025-09-23T22:17:22
================================================================================
[2025-09-23T22:18:06.528+0000] {manager.py:878} INFO - 
================================================================================
DAG File Processing Stats

File Path                         PID    Runtime      # DAGs    # Errors  Last Runtime    Last Run
--------------------------------  -----  ---------  --------  ----------  --------------  -------------------
/opt/airflow/dags/DAG_scraper.py                           0           1  0.07s           2025-09-23T22:17:52
================================================================================
[2025-09-23T22:18:36.957+0000] {manager.py:878} INFO - 
================================================================================
DAG File Processing Stats

File Path                         PID    Runtime      # DAGs    # Errors  Last Runtime    Last Run
--------------------------------  -----  ---------  --------  ----------  --------------  -------------------
/opt/airflow/dags/DAG_scraper.py                           0           1  0.11s           2025-09-23T22:18:22
================================================================================
[2025-09-23T22:19:07.311+0000] {manager.py:878} INFO - 
================================================================================
DAG File Processing Stats

File Path                         PID    Runtime      # DAGs    # Errors  Last Runtime    Last Run
--------------------------------  -----  ---------  --------  ----------  --------------  -------------------
/opt/airflow/dags/DAG_scraper.py                           0           1  0.09s           2025-09-23T22:18:53
================================================================================
[2025-09-23T22:19:37.625+0000] {manager.py:878} INFO - 
================================================================================
DAG File Processing Stats

File Path                         PID    Runtime      # DAGs    # Errors  Last Runtime    Last Run
--------------------------------  -----  ---------  --------  ----------  --------------  -------------------
/opt/airflow/dags/DAG_scraper.py                           0           1  0.07s           2025-09-23T22:19:23
================================================================================
[2025-09-23T22:20:07.930+0000] {manager.py:878} INFO - 
================================================================================
DAG File Processing Stats

File Path                         PID    Runtime      # DAGs    # Errors  Last Runtime    Last Run
--------------------------------  -----  ---------  --------  ----------  --------------  -------------------
/opt/airflow/dags/DAG_scraper.py                           0           1  0.07s           2025-09-23T22:19:53
================================================================================
[2025-09-23T22:20:18.018+0000] {manager.py:737} INFO - Searching for files in /opt/airflow/dags
[2025-09-23T22:20:18.040+0000] {manager.py:740} INFO - There are 1 files in /opt/airflow/dags
[2025-09-23T22:20:38.246+0000] {manager.py:878} INFO - 
================================================================================
DAG File Processing Stats

File Path                         PID    Runtime      # DAGs    # Errors  Last Runtime    Last Run
--------------------------------  -----  ---------  --------  ----------  --------------  -------------------
/opt/airflow/dags/DAG_scraper.py                           0           1  0.04s           2025-09-23T22:20:24
================================================================================
[2025-09-23T22:21:08.537+0000] {manager.py:878} INFO - 
================================================================================
DAG File Processing Stats

File Path                         PID    Runtime      # DAGs    # Errors  Last Runtime    Last Run
--------------------------------  -----  ---------  --------  ----------  --------------  -------------------
/opt/airflow/dags/DAG_scraper.py                           0           1  0.08s           2025-09-23T22:20:54
================================================================================
[2025-09-23T22:21:38.806+0000] {manager.py:878} INFO - 
================================================================================
DAG File Processing Stats

File Path                         PID    Runtime      # DAGs    # Errors  Last Runtime    Last Run
--------------------------------  -----  ---------  --------  ----------  --------------  -------------------
/opt/airflow/dags/DAG_scraper.py                           0           1  0.04s           2025-09-23T22:21:24
================================================================================
[2025-09-23T22:22:09.067+0000] {manager.py:878} INFO - 
================================================================================
DAG File Processing Stats

File Path                         PID    Runtime      # DAGs    # Errors  Last Runtime    Last Run
--------------------------------  -----  ---------  --------  ----------  --------------  -------------------
/opt/airflow/dags/DAG_scraper.py                           0           1  0.05s           2025-09-23T22:21:54
================================================================================
[2025-09-23T22:22:39.317+0000] {manager.py:878} INFO - 
================================================================================
DAG File Processing Stats

File Path                         PID    Runtime      # DAGs    # Errors  Last Runtime    Last Run
--------------------------------  -----  ---------  --------  ----------  --------------  -------------------
/opt/airflow/dags/DAG_scraper.py                           0           1  0.04s           2025-09-23T22:22:25
================================================================================
[2025-09-23T22:23:09.628+0000] {manager.py:878} INFO - 
================================================================================
DAG File Processing Stats

File Path                         PID    Runtime      # DAGs    # Errors  Last Runtime    Last Run
--------------------------------  -----  ---------  --------  ----------  --------------  -------------------
/opt/airflow/dags/DAG_scraper.py                           0           1  0.06s           2025-09-23T22:22:55
================================================================================
[2025-09-23T22:23:39.921+0000] {manager.py:878} INFO - 
================================================================================
DAG File Processing Stats

File Path                         PID    Runtime      # DAGs    # Errors  Last Runtime    Last Run
--------------------------------  -----  ---------  --------  ----------  --------------  -------------------
/opt/airflow/dags/DAG_scraper.py                           0           1  0.06s           2025-09-23T22:23:25
================================================================================
[2025-09-23T22:24:10.209+0000] {manager.py:878} INFO - 
================================================================================
DAG File Processing Stats

File Path                         PID    Runtime      # DAGs    # Errors  Last Runtime    Last Run
--------------------------------  -----  ---------  --------  ----------  --------------  -------------------
/opt/airflow/dags/DAG_scraper.py                           0           1  0.06s           2025-09-23T22:23:56
================================================================================
[2025-09-23T22:24:40.521+0000] {manager.py:878} INFO - 
================================================================================
DAG File Processing Stats

File Path                         PID    Runtime      # DAGs    # Errors  Last Runtime    Last Run
--------------------------------  -----  ---------  --------  ----------  --------------  -------------------
/opt/airflow/dags/DAG_scraper.py                           0           1  0.06s           2025-09-23T22:24:26
================================================================================
[2025-09-23T22:25:10.960+0000] {manager.py:878} INFO - 
================================================================================
DAG File Processing Stats

File Path                         PID    Runtime      # DAGs    # Errors  Last Runtime    Last Run
--------------------------------  -----  ---------  --------  ----------  --------------  -------------------
/opt/airflow/dags/DAG_scraper.py                           0           1  0.08s           2025-09-23T22:24:56
================================================================================
[2025-09-23T22:25:18.039+0000] {manager.py:737} INFO - Searching for files in /opt/airflow/dags
[2025-09-23T22:25:18.062+0000] {manager.py:740} INFO - There are 1 files in /opt/airflow/dags
[2025-09-23T22:25:41.299+0000] {manager.py:878} INFO - 
================================================================================
DAG File Processing Stats

File Path                         PID    Runtime      # DAGs    # Errors  Last Runtime    Last Run
--------------------------------  -----  ---------  --------  ----------  --------------  -------------------
/opt/airflow/dags/DAG_scraper.py                           0           1  0.06s           2025-09-23T22:25:27
================================================================================
[2025-09-23T22:26:11.631+0000] {manager.py:878} INFO - 
================================================================================
DAG File Processing Stats

File Path                         PID    Runtime      # DAGs    # Errors  Last Runtime    Last Run
--------------------------------  -----  ---------  --------  ----------  --------------  -------------------
/opt/airflow/dags/DAG_scraper.py                           0           1  0.06s           2025-09-23T22:25:57
================================================================================
[2025-09-23T22:26:41.956+0000] {manager.py:878} INFO - 
================================================================================
DAG File Processing Stats

File Path                         PID    Runtime      # DAGs    # Errors  Last Runtime    Last Run
--------------------------------  -----  ---------  --------  ----------  --------------  -------------------
/opt/airflow/dags/DAG_scraper.py                           0           1  0.06s           2025-09-23T22:26:27
================================================================================
[2025-09-23T22:27:12.345+0000] {manager.py:878} INFO - 
================================================================================
DAG File Processing Stats

File Path                         PID    Runtime      # DAGs    # Errors  Last Runtime    Last Run
--------------------------------  -----  ---------  --------  ----------  --------------  -------------------
/opt/airflow/dags/DAG_scraper.py                           0           1  0.06s           2025-09-23T22:26:58
================================================================================
[2025-09-23T22:27:42.700+0000] {manager.py:878} INFO - 
================================================================================
DAG File Processing Stats

File Path                         PID    Runtime      # DAGs    # Errors  Last Runtime    Last Run
--------------------------------  -----  ---------  --------  ----------  --------------  -------------------
/opt/airflow/dags/DAG_scraper.py                           0           1  0.07s           2025-09-23T22:27:28
================================================================================
[2025-09-23T22:28:13.093+0000] {manager.py:878} INFO - 
================================================================================
DAG File Processing Stats

File Path                         PID    Runtime      # DAGs    # Errors  Last Runtime    Last Run
--------------------------------  -----  ---------  --------  ----------  --------------  -------------------
/opt/airflow/dags/DAG_scraper.py                           0           1  0.07s           2025-09-23T22:27:58
================================================================================
[2025-09-23T22:28:43.467+0000] {manager.py:878} INFO - 
================================================================================
DAG File Processing Stats

File Path                         PID    Runtime      # DAGs    # Errors  Last Runtime    Last Run
--------------------------------  -----  ---------  --------  ----------  --------------  -------------------
/opt/airflow/dags/DAG_scraper.py                           0           1  0.07s           2025-09-23T22:28:29
================================================================================
[2025-09-23T22:29:13.786+0000] {manager.py:878} INFO - 
================================================================================
DAG File Processing Stats

File Path                         PID    Runtime      # DAGs    # Errors  Last Runtime    Last Run
--------------------------------  -----  ---------  --------  ----------  --------------  -------------------
/opt/airflow/dags/DAG_scraper.py                           0           1  0.06s           2025-09-23T22:28:59
================================================================================
[2025-09-23T22:29:44.048+0000] {manager.py:878} INFO - 
================================================================================
DAG File Processing Stats

File Path                         PID    Runtime      # DAGs    # Errors  Last Runtime    Last Run
--------------------------------  -----  ---------  --------  ----------  --------------  -------------------
/opt/airflow/dags/DAG_scraper.py                           0           1  0.07s           2025-09-23T22:29:29
================================================================================
[2025-09-23T22:30:14.381+0000] {manager.py:878} INFO - 
================================================================================
DAG File Processing Stats

File Path                         PID    Runtime      # DAGs    # Errors  Last Runtime    Last Run
--------------------------------  -----  ---------  --------  ----------  --------------  -------------------
/opt/airflow/dags/DAG_scraper.py                           0           1  0.07s           2025-09-23T22:30:00
================================================================================
[2025-09-23T22:30:18.450+0000] {manager.py:737} INFO - Searching for files in /opt/airflow/dags
[2025-09-23T22:30:18.473+0000] {manager.py:740} INFO - There are 1 files in /opt/airflow/dags
[2025-09-23T22:30:44.766+0000] {manager.py:878} INFO - 
================================================================================
DAG File Processing Stats

File Path                         PID    Runtime      # DAGs    # Errors  Last Runtime    Last Run
--------------------------------  -----  ---------  --------  ----------  --------------  -------------------
/opt/airflow/dags/DAG_scraper.py                           0           1  0.07s           2025-09-23T22:30:30
================================================================================
[2025-09-23T22:31:15.097+0000] {manager.py:878} INFO - 
================================================================================
DAG File Processing Stats

File Path                         PID    Runtime      # DAGs    # Errors  Last Runtime    Last Run
--------------------------------  -----  ---------  --------  ----------  --------------  -------------------
/opt/airflow/dags/DAG_scraper.py                           0           1  0.08s           2025-09-23T22:31:01
================================================================================
[2025-09-23T22:31:45.399+0000] {manager.py:878} INFO - 
================================================================================
DAG File Processing Stats

File Path                         PID    Runtime      # DAGs    # Errors  Last Runtime    Last Run
--------------------------------  -----  ---------  --------  ----------  --------------  -------------------
/opt/airflow/dags/DAG_scraper.py                           0           1  0.07s           2025-09-23T22:31:31
================================================================================
[2025-09-23T22:32:15.697+0000] {manager.py:878} INFO - 
================================================================================
DAG File Processing Stats

File Path                         PID    Runtime      # DAGs    # Errors  Last Runtime    Last Run
--------------------------------  -----  ---------  --------  ----------  --------------  -------------------
/opt/airflow/dags/DAG_scraper.py                           0           1  0.05s           2025-09-23T22:32:01
================================================================================
[2025-09-23T22:32:46.057+0000] {manager.py:878} INFO - 
================================================================================
DAG File Processing Stats

File Path                         PID    Runtime      # DAGs    # Errors  Last Runtime    Last Run
--------------------------------  -----  ---------  --------  ----------  --------------  -------------------
/opt/airflow/dags/DAG_scraper.py                           0           1  0.09s           2025-09-23T22:32:31
================================================================================
[2025-09-23T22:33:16.345+0000] {manager.py:878} INFO - 
================================================================================
DAG File Processing Stats

File Path                         PID    Runtime      # DAGs    # Errors  Last Runtime    Last Run
--------------------------------  -----  ---------  --------  ----------  --------------  -------------------
/opt/airflow/dags/DAG_scraper.py                           0           1  0.06s           2025-09-23T22:33:02
================================================================================
[2025-09-23T22:33:46.665+0000] {manager.py:878} INFO - 
================================================================================
DAG File Processing Stats

File Path                         PID    Runtime      # DAGs    # Errors  Last Runtime    Last Run
--------------------------------  -----  ---------  --------  ----------  --------------  -------------------
/opt/airflow/dags/DAG_scraper.py                           0           1  0.06s           2025-09-23T22:33:32
================================================================================
[2025-09-23T22:34:16.975+0000] {manager.py:878} INFO - 
================================================================================
DAG File Processing Stats

File Path                         PID    Runtime      # DAGs    # Errors  Last Runtime    Last Run
--------------------------------  -----  ---------  --------  ----------  --------------  -------------------
/opt/airflow/dags/DAG_scraper.py                           0           1  0.07s           2025-09-23T22:34:02
================================================================================
[2025-09-23T22:34:47.330+0000] {manager.py:878} INFO - 
================================================================================
DAG File Processing Stats

File Path                         PID    Runtime      # DAGs    # Errors  Last Runtime    Last Run
--------------------------------  -----  ---------  --------  ----------  --------------  -------------------
/opt/airflow/dags/DAG_scraper.py                           0           1  0.09s           2025-09-23T22:34:33
================================================================================
[2025-09-23T22:35:17.670+0000] {manager.py:878} INFO - 
================================================================================
DAG File Processing Stats

File Path                         PID    Runtime      # DAGs    # Errors  Last Runtime    Last Run
--------------------------------  -----  ---------  --------  ----------  --------------  -------------------
/opt/airflow/dags/DAG_scraper.py                           0           1  0.06s           2025-09-23T22:35:03
================================================================================
[2025-09-23T22:35:18.685+0000] {manager.py:737} INFO - Searching for files in /opt/airflow/dags
[2025-09-23T22:35:18.710+0000] {manager.py:740} INFO - There are 1 files in /opt/airflow/dags
[2025-09-23T22:35:47.989+0000] {manager.py:878} INFO - 
================================================================================
DAG File Processing Stats

File Path                         PID    Runtime      # DAGs    # Errors  Last Runtime    Last Run
--------------------------------  -----  ---------  --------  ----------  --------------  -------------------
/opt/airflow/dags/DAG_scraper.py                           0           1  0.06s           2025-09-23T22:35:33
================================================================================
[2025-09-23T22:36:18.287+0000] {manager.py:878} INFO - 
================================================================================
DAG File Processing Stats

File Path                         PID    Runtime      # DAGs    # Errors  Last Runtime    Last Run
--------------------------------  -----  ---------  --------  ----------  --------------  -------------------
/opt/airflow/dags/DAG_scraper.py                           0           1  0.05s           2025-09-23T22:36:04
================================================================================
[2025-09-23T22:36:48.658+0000] {manager.py:878} INFO - 
================================================================================
DAG File Processing Stats

File Path                         PID    Runtime      # DAGs    # Errors  Last Runtime    Last Run
--------------------------------  -----  ---------  --------  ----------  --------------  -------------------
/opt/airflow/dags/DAG_scraper.py                           0           1  0.13s           2025-09-23T22:36:34
================================================================================
[2025-09-23T22:37:18.973+0000] {manager.py:878} INFO - 
================================================================================
DAG File Processing Stats

File Path                         PID    Runtime      # DAGs    # Errors  Last Runtime    Last Run
--------------------------------  -----  ---------  --------  ----------  --------------  -------------------
/opt/airflow/dags/DAG_scraper.py                           0           1  0.07s           2025-09-23T22:37:04
================================================================================
[2025-09-23T22:37:49.297+0000] {manager.py:878} INFO - 
================================================================================
DAG File Processing Stats

File Path                         PID    Runtime      # DAGs    # Errors  Last Runtime    Last Run
--------------------------------  -----  ---------  --------  ----------  --------------  -------------------
/opt/airflow/dags/DAG_scraper.py                           0           1  0.08s           2025-09-23T22:37:35
================================================================================
[2025-09-23T22:38:19.605+0000] {manager.py:878} INFO - 
================================================================================
DAG File Processing Stats

File Path                         PID    Runtime      # DAGs    # Errors  Last Runtime    Last Run
--------------------------------  -----  ---------  --------  ----------  --------------  -------------------
/opt/airflow/dags/DAG_scraper.py                           0           1  0.05s           2025-09-23T22:38:05
================================================================================
[2025-09-23T22:38:49.915+0000] {manager.py:878} INFO - 
================================================================================
DAG File Processing Stats

File Path                         PID    Runtime      # DAGs    # Errors  Last Runtime    Last Run
--------------------------------  -----  ---------  --------  ----------  --------------  -------------------
/opt/airflow/dags/DAG_scraper.py                           0           1  0.08s           2025-09-23T22:38:35
================================================================================
[2025-09-23T22:39:20.229+0000] {manager.py:878} INFO - 
================================================================================
DAG File Processing Stats

File Path                         PID    Runtime      # DAGs    # Errors  Last Runtime    Last Run
--------------------------------  -----  ---------  --------  ----------  --------------  -------------------
/opt/airflow/dags/DAG_scraper.py                           0           1  0.06s           2025-09-23T22:39:06
================================================================================
[2025-09-23T22:39:50.547+0000] {manager.py:878} INFO - 
================================================================================
DAG File Processing Stats

File Path                         PID    Runtime      # DAGs    # Errors  Last Runtime    Last Run
--------------------------------  -----  ---------  --------  ----------  --------------  -------------------
/opt/airflow/dags/DAG_scraper.py                           0           1  0.08s           2025-09-23T22:39:36
================================================================================
[2025-09-23T22:40:18.873+0000] {manager.py:737} INFO - Searching for files in /opt/airflow/dags
[2025-09-23T22:40:18.898+0000] {manager.py:740} INFO - There are 1 files in /opt/airflow/dags
[2025-09-23T22:40:20.929+0000] {manager.py:878} INFO - 
================================================================================
DAG File Processing Stats

File Path                         PID    Runtime      # DAGs    # Errors  Last Runtime    Last Run
--------------------------------  -----  ---------  --------  ----------  --------------  -------------------
/opt/airflow/dags/DAG_scraper.py                           0           1  0.08s           2025-09-23T22:40:06
================================================================================
[2025-09-23T22:40:51.300+0000] {manager.py:878} INFO - 
================================================================================
DAG File Processing Stats

File Path                         PID    Runtime      # DAGs    # Errors  Last Runtime    Last Run
--------------------------------  -----  ---------  --------  ----------  --------------  -------------------
/opt/airflow/dags/DAG_scraper.py                           0           1  0.09s           2025-09-23T22:40:37
================================================================================
[2025-09-23T22:41:21.583+0000] {manager.py:878} INFO - 
================================================================================
DAG File Processing Stats

File Path                         PID    Runtime      # DAGs    # Errors  Last Runtime    Last Run
--------------------------------  -----  ---------  --------  ----------  --------------  -------------------
/opt/airflow/dags/DAG_scraper.py                           0           1  0.06s           2025-09-23T22:41:07
================================================================================
[2025-09-23T22:41:51.908+0000] {manager.py:878} INFO - 
================================================================================
DAG File Processing Stats

File Path                         PID    Runtime      # DAGs    # Errors  Last Runtime    Last Run
--------------------------------  -----  ---------  --------  ----------  --------------  -------------------
/opt/airflow/dags/DAG_scraper.py                           0           1  0.06s           2025-09-23T22:41:37
================================================================================
[2025-09-23T22:42:22.235+0000] {manager.py:878} INFO - 
================================================================================
DAG File Processing Stats

File Path                         PID    Runtime      # DAGs    # Errors  Last Runtime    Last Run
--------------------------------  -----  ---------  --------  ----------  --------------  -------------------
/opt/airflow/dags/DAG_scraper.py                           0           1  0.07s           2025-09-23T22:42:08
================================================================================
[2025-09-23T22:42:52.529+0000] {manager.py:878} INFO - 
================================================================================
DAG File Processing Stats

File Path                         PID    Runtime      # DAGs    # Errors  Last Runtime    Last Run
--------------------------------  -----  ---------  --------  ----------  --------------  -------------------
/opt/airflow/dags/DAG_scraper.py                           0           1  0.05s           2025-09-23T22:42:38
================================================================================
[2025-09-23T22:43:22.828+0000] {manager.py:878} INFO - 
================================================================================
DAG File Processing Stats

File Path                         PID    Runtime      # DAGs    # Errors  Last Runtime    Last Run
--------------------------------  -----  ---------  --------  ----------  --------------  -------------------
/opt/airflow/dags/DAG_scraper.py                           0           1  0.06s           2025-09-23T22:43:08
================================================================================
[2025-09-23T22:43:53.100+0000] {manager.py:878} INFO - 
================================================================================
DAG File Processing Stats

File Path                         PID    Runtime      # DAGs    # Errors  Last Runtime    Last Run
--------------------------------  -----  ---------  --------  ----------  --------------  -------------------
/opt/airflow/dags/DAG_scraper.py                           0           1  0.05s           2025-09-23T22:43:39
================================================================================
[2025-09-23T22:44:23.382+0000] {manager.py:878} INFO - 
================================================================================
DAG File Processing Stats

File Path                         PID    Runtime      # DAGs    # Errors  Last Runtime    Last Run
--------------------------------  -----  ---------  --------  ----------  --------------  -------------------
/opt/airflow/dags/DAG_scraper.py                           0           1  0.04s           2025-09-23T22:44:09
================================================================================
[2025-09-23T22:44:53.657+0000] {manager.py:878} INFO - 
================================================================================
DAG File Processing Stats

File Path                         PID    Runtime      # DAGs    # Errors  Last Runtime    Last Run
--------------------------------  -----  ---------  --------  ----------  --------------  -------------------
/opt/airflow/dags/DAG_scraper.py                           0           1  0.06s           2025-09-23T22:44:39
================================================================================
[2025-09-23T22:45:19.850+0000] {manager.py:737} INFO - Searching for files in /opt/airflow/dags
[2025-09-23T22:45:19.871+0000] {manager.py:740} INFO - There are 1 files in /opt/airflow/dags
[2025-09-23T22:45:23.919+0000] {manager.py:878} INFO - 
================================================================================
DAG File Processing Stats

File Path                         PID    Runtime      # DAGs    # Errors  Last Runtime    Last Run
--------------------------------  -----  ---------  --------  ----------  --------------  -------------------
/opt/airflow/dags/DAG_scraper.py                           0           1  0.05s           2025-09-23T22:45:09
================================================================================
[2025-09-23T22:45:54.224+0000] {manager.py:878} INFO - 
================================================================================
DAG File Processing Stats

File Path                         PID    Runtime      # DAGs    # Errors  Last Runtime    Last Run
--------------------------------  -----  ---------  --------  ----------  --------------  -------------------
/opt/airflow/dags/DAG_scraper.py                           0           1  0.06s           2025-09-23T22:45:40
================================================================================
[2025-09-23T22:46:24.538+0000] {manager.py:878} INFO - 
================================================================================
DAG File Processing Stats

File Path                         PID    Runtime      # DAGs    # Errors  Last Runtime    Last Run
--------------------------------  -----  ---------  --------  ----------  --------------  -------------------
/opt/airflow/dags/DAG_scraper.py                           0           1  0.06s           2025-09-23T22:46:10
================================================================================
[2025-09-23T22:46:54.813+0000] {manager.py:878} INFO - 
================================================================================
DAG File Processing Stats

File Path                         PID    Runtime      # DAGs    # Errors  Last Runtime    Last Run
--------------------------------  -----  ---------  --------  ----------  --------------  -------------------
/opt/airflow/dags/DAG_scraper.py                           0           1  0.06s           2025-09-23T22:46:40
================================================================================
[2025-09-23T22:47:25.099+0000] {manager.py:878} INFO - 
================================================================================
DAG File Processing Stats

File Path                         PID    Runtime      # DAGs    # Errors  Last Runtime    Last Run
--------------------------------  -----  ---------  --------  ----------  --------------  -------------------
/opt/airflow/dags/DAG_scraper.py                           0           1  0.05s           2025-09-23T22:47:11
================================================================================
[2025-09-23T22:47:55.380+0000] {manager.py:878} INFO - 
================================================================================
DAG File Processing Stats

File Path                         PID    Runtime      # DAGs    # Errors  Last Runtime    Last Run
--------------------------------  -----  ---------  --------  ----------  --------------  -------------------
/opt/airflow/dags/DAG_scraper.py                           0           1  0.07s           2025-09-23T22:47:41
================================================================================
[2025-09-23T22:48:25.697+0000] {manager.py:878} INFO - 
================================================================================
DAG File Processing Stats

File Path                         PID    Runtime      # DAGs    # Errors  Last Runtime    Last Run
--------------------------------  -----  ---------  --------  ----------  --------------  -------------------
/opt/airflow/dags/DAG_scraper.py                           0           1  0.06s           2025-09-23T22:48:11
================================================================================
[2025-09-23T22:48:56.022+0000] {manager.py:878} INFO - 
================================================================================
DAG File Processing Stats

File Path                         PID    Runtime      # DAGs    # Errors  Last Runtime    Last Run
--------------------------------  -----  ---------  --------  ----------  --------------  -------------------
/opt/airflow/dags/DAG_scraper.py                           0           1  0.07s           2025-09-23T22:48:41
================================================================================
[2025-09-23T22:49:26.357+0000] {manager.py:878} INFO - 
================================================================================
DAG File Processing Stats

File Path                         PID    Runtime      # DAGs    # Errors  Last Runtime    Last Run
--------------------------------  -----  ---------  --------  ----------  --------------  -------------------
/opt/airflow/dags/DAG_scraper.py                           0           1  0.07s           2025-09-23T22:49:12
================================================================================
[2025-09-23T22:49:56.646+0000] {manager.py:878} INFO - 
================================================================================
DAG File Processing Stats

File Path                         PID    Runtime      # DAGs    # Errors  Last Runtime    Last Run
--------------------------------  -----  ---------  --------  ----------  --------------  -------------------
/opt/airflow/dags/DAG_scraper.py                           0           1  0.06s           2025-09-23T22:49:42
================================================================================
[2025-09-23T22:50:19.929+0000] {manager.py:737} INFO - Searching for files in /opt/airflow/dags
[2025-09-23T22:50:19.948+0000] {manager.py:740} INFO - There are 1 files in /opt/airflow/dags
[2025-09-23T22:50:27.007+0000] {manager.py:878} INFO - 
================================================================================
DAG File Processing Stats

File Path                         PID    Runtime      # DAGs    # Errors  Last Runtime    Last Run
--------------------------------  -----  ---------  --------  ----------  --------------  -------------------
/opt/airflow/dags/DAG_scraper.py                           0           1  0.10s           2025-09-23T22:50:12
================================================================================
[2025-09-23T22:50:57.378+0000] {manager.py:878} INFO - 
================================================================================
DAG File Processing Stats

File Path                         PID    Runtime      # DAGs    # Errors  Last Runtime    Last Run
--------------------------------  -----  ---------  --------  ----------  --------------  -------------------
/opt/airflow/dags/DAG_scraper.py                           0           1  0.11s           2025-09-23T22:50:43
================================================================================
[2025-09-23T22:51:27.713+0000] {manager.py:878} INFO - 
================================================================================
DAG File Processing Stats

File Path                         PID    Runtime      # DAGs    # Errors  Last Runtime    Last Run
--------------------------------  -----  ---------  --------  ----------  --------------  -------------------
/opt/airflow/dags/DAG_scraper.py                           0           1  0.09s           2025-09-23T22:51:13
================================================================================
[2025-09-23T22:51:58.078+0000] {manager.py:878} INFO - 
================================================================================
DAG File Processing Stats

File Path                         PID    Runtime      # DAGs    # Errors  Last Runtime    Last Run
--------------------------------  -----  ---------  --------  ----------  --------------  -------------------
/opt/airflow/dags/DAG_scraper.py                           0           1  0.06s           2025-09-23T22:51:43
================================================================================
[2025-09-23T22:52:28.385+0000] {manager.py:878} INFO - 
================================================================================
DAG File Processing Stats

File Path                         PID    Runtime      # DAGs    # Errors  Last Runtime    Last Run
--------------------------------  -----  ---------  --------  ----------  --------------  -------------------
/opt/airflow/dags/DAG_scraper.py                           0           1  0.08s           2025-09-23T22:52:14
================================================================================
[2025-09-23T22:52:58.685+0000] {manager.py:878} INFO - 
================================================================================
DAG File Processing Stats

File Path                         PID    Runtime      # DAGs    # Errors  Last Runtime    Last Run
--------------------------------  -----  ---------  --------  ----------  --------------  -------------------
/opt/airflow/dags/DAG_scraper.py                           0           1  0.11s           2025-09-23T22:52:44
================================================================================
[2025-09-23T22:53:28.995+0000] {manager.py:878} INFO - 
================================================================================
DAG File Processing Stats

File Path                         PID    Runtime      # DAGs    # Errors  Last Runtime    Last Run
--------------------------------  -----  ---------  --------  ----------  --------------  -------------------
/opt/airflow/dags/DAG_scraper.py                           0           1  0.06s           2025-09-23T22:53:14
================================================================================
[2025-09-23T22:53:59.365+0000] {manager.py:878} INFO - 
================================================================================
DAG File Processing Stats

File Path                         PID    Runtime      # DAGs    # Errors  Last Runtime    Last Run
--------------------------------  -----  ---------  --------  ----------  --------------  -------------------
/opt/airflow/dags/DAG_scraper.py                           0           1  0.09s           2025-09-23T22:53:45
================================================================================
[2025-09-23T22:54:29.671+0000] {manager.py:878} INFO - 
================================================================================
DAG File Processing Stats

File Path                         PID    Runtime      # DAGs    # Errors  Last Runtime    Last Run
--------------------------------  -----  ---------  --------  ----------  --------------  -------------------
/opt/airflow/dags/DAG_scraper.py                           0           1  0.07s           2025-09-23T22:54:15
================================================================================
[2025-09-23T22:55:00.031+0000] {manager.py:878} INFO - 
================================================================================
DAG File Processing Stats

File Path                         PID    Runtime      # DAGs    # Errors  Last Runtime    Last Run
--------------------------------  -----  ---------  --------  ----------  --------------  -------------------
/opt/airflow/dags/DAG_scraper.py                           0           1  0.07s           2025-09-23T22:54:45
================================================================================
[2025-09-23T22:55:20.276+0000] {manager.py:737} INFO - Searching for files in /opt/airflow/dags
[2025-09-23T22:55:20.298+0000] {manager.py:740} INFO - There are 1 files in /opt/airflow/dags
[2025-09-23T22:55:30.415+0000] {manager.py:878} INFO - 
================================================================================
DAG File Processing Stats

File Path                         PID    Runtime      # DAGs    # Errors  Last Runtime    Last Run
--------------------------------  -----  ---------  --------  ----------  --------------  -------------------
/opt/airflow/dags/DAG_scraper.py                           0           1  0.09s           2025-09-23T22:55:16
================================================================================
[2025-09-23T22:56:00.706+0000] {manager.py:878} INFO - 
================================================================================
DAG File Processing Stats

File Path                         PID    Runtime      # DAGs    # Errors  Last Runtime    Last Run
--------------------------------  -----  ---------  --------  ----------  --------------  -------------------
/opt/airflow/dags/DAG_scraper.py                           0           1  0.06s           2025-09-23T22:55:46
================================================================================
[2025-09-23T22:56:31.033+0000] {manager.py:878} INFO - 
================================================================================
DAG File Processing Stats

File Path                         PID    Runtime      # DAGs    # Errors  Last Runtime    Last Run
--------------------------------  -----  ---------  --------  ----------  --------------  -------------------
/opt/airflow/dags/DAG_scraper.py                           0           1  0.13s           2025-09-23T22:56:17
================================================================================
[2025-09-23T22:57:01.412+0000] {manager.py:878} INFO - 
================================================================================
DAG File Processing Stats

File Path                         PID    Runtime      # DAGs    # Errors  Last Runtime    Last Run
--------------------------------  -----  ---------  --------  ----------  --------------  -------------------
/opt/airflow/dags/DAG_scraper.py                           0           1  0.10s           2025-09-23T22:56:47
================================================================================
[2025-09-23T22:57:31.709+0000] {manager.py:878} INFO - 
================================================================================
DAG File Processing Stats

File Path                         PID    Runtime      # DAGs    # Errors  Last Runtime    Last Run
--------------------------------  -----  ---------  --------  ----------  --------------  -------------------
/opt/airflow/dags/DAG_scraper.py                           0           1  0.06s           2025-09-23T22:57:17
================================================================================
[2025-09-23T22:58:02.012+0000] {manager.py:878} INFO - 
================================================================================
DAG File Processing Stats

File Path                         PID    Runtime      # DAGs    # Errors  Last Runtime    Last Run
--------------------------------  -----  ---------  --------  ----------  --------------  -------------------
/opt/airflow/dags/DAG_scraper.py                           0           1  0.08s           2025-09-23T22:57:47
================================================================================
[2025-09-23T22:58:32.354+0000] {manager.py:878} INFO - 
================================================================================
DAG File Processing Stats

File Path                         PID    Runtime      # DAGs    # Errors  Last Runtime    Last Run
--------------------------------  -----  ---------  --------  ----------  --------------  -------------------
/opt/airflow/dags/DAG_scraper.py                           0           1  0.12s           2025-09-23T22:58:18
================================================================================
[2025-09-23T22:59:02.720+0000] {manager.py:878} INFO - 
================================================================================
DAG File Processing Stats

File Path                         PID    Runtime      # DAGs    # Errors  Last Runtime    Last Run
--------------------------------  -----  ---------  --------  ----------  --------------  -------------------
/opt/airflow/dags/DAG_scraper.py                           0           1  0.08s           2025-09-23T22:58:48
================================================================================
[2025-09-23T22:59:33.055+0000] {manager.py:878} INFO - 
================================================================================
DAG File Processing Stats

File Path                         PID    Runtime      # DAGs    # Errors  Last Runtime    Last Run
--------------------------------  -----  ---------  --------  ----------  --------------  -------------------
/opt/airflow/dags/DAG_scraper.py                           0           1  0.09s           2025-09-23T22:59:18
================================================================================
[2025-09-23T23:00:03.395+0000] {manager.py:878} INFO - 
================================================================================
DAG File Processing Stats

File Path                         PID    Runtime      # DAGs    # Errors  Last Runtime    Last Run
--------------------------------  -----  ---------  --------  ----------  --------------  -------------------
/opt/airflow/dags/DAG_scraper.py                           0           1  0.09s           2025-09-23T22:59:49
================================================================================
[2025-09-23T23:00:20.577+0000] {manager.py:737} INFO - Searching for files in /opt/airflow/dags
[2025-09-23T23:00:20.599+0000] {manager.py:740} INFO - There are 1 files in /opt/airflow/dags
[2025-09-23T23:00:28.782+0000] {manager.py:452} INFO - Exiting gracefully upon receiving signal 15
[2025-09-23T23:01:14.014+0000] {manager.py:470} INFO - Processing files using up to 2 processes at a time 
[2025-09-23T23:01:14.014+0000] {manager.py:471} INFO - Process each file at most once every 30 seconds
[2025-09-23T23:01:14.016+0000] {manager.py:472} INFO - Checking for new files in /opt/airflow/dags every 300 seconds
[2025-09-23T23:01:14.016+0000] {manager.py:737} INFO - Searching for files in /opt/airflow/dags
[2025-09-23T23:01:14.036+0000] {manager.py:740} INFO - There are 1 files in /opt/airflow/dags
[2025-09-23T23:01:14.082+0000] {manager.py:878} INFO - 
================================================================================
DAG File Processing Stats

File Path                           PID  Runtime      # DAGs    # Errors  Last Runtime    Last Run
--------------------------------  -----  ---------  --------  ----------  --------------  ----------
/opt/airflow/dags/DAG_scraper.py     29  0.02s             0           0
================================================================================
[2025-09-23T23:01:44.343+0000] {manager.py:878} INFO - 
================================================================================
DAG File Processing Stats

File Path                           PID  Runtime      # DAGs    # Errors  Last Runtime    Last Run
--------------------------------  -----  ---------  --------  ----------  --------------  -------------------
/opt/airflow/dags/DAG_scraper.py     30  0.02s             0           1  0.03s           2025-09-23T23:01:14
================================================================================
[2025-09-23T23:02:14.628+0000] {manager.py:878} INFO - 
================================================================================
DAG File Processing Stats

File Path                           PID  Runtime      # DAGs    # Errors  Last Runtime    Last Run
--------------------------------  -----  ---------  --------  ----------  --------------  -------------------
/opt/airflow/dags/DAG_scraper.py     31  0.01s             0           1  0.11s           2025-09-23T23:01:44
================================================================================
[2025-09-23T23:02:44.992+0000] {manager.py:878} INFO - 
================================================================================
DAG File Processing Stats

File Path                           PID  Runtime      # DAGs    # Errors  Last Runtime    Last Run
--------------------------------  -----  ---------  --------  ----------  --------------  -------------------
/opt/airflow/dags/DAG_scraper.py     32  0.01s             0           1  0.06s           2025-09-23T23:02:14
================================================================================
[2025-09-23T23:03:15.296+0000] {manager.py:878} INFO - 
================================================================================
DAG File Processing Stats

File Path                           PID  Runtime      # DAGs    # Errors  Last Runtime    Last Run
--------------------------------  -----  ---------  --------  ----------  --------------  -------------------
/opt/airflow/dags/DAG_scraper.py     33  0.01s             0           1  0.06s           2025-09-23T23:02:45
================================================================================
[2025-09-23T23:03:45.684+0000] {manager.py:878} INFO - 
================================================================================
DAG File Processing Stats

File Path                           PID  Runtime      # DAGs    # Errors  Last Runtime    Last Run
--------------------------------  -----  ---------  --------  ----------  --------------  -------------------
/opt/airflow/dags/DAG_scraper.py     34  0.03s             0           1  0.09s           2025-09-23T23:03:15
================================================================================
[2025-09-23T23:04:16.035+0000] {manager.py:878} INFO - 
================================================================================
DAG File Processing Stats

File Path                           PID  Runtime      # DAGs    # Errors  Last Runtime    Last Run
--------------------------------  -----  ---------  --------  ----------  --------------  -------------------
/opt/airflow/dags/DAG_scraper.py     35  0.01s             0           1  0.10s           2025-09-23T23:03:45
================================================================================
[2025-09-23T23:04:46.401+0000] {manager.py:878} INFO - 
================================================================================
DAG File Processing Stats

File Path                           PID  Runtime      # DAGs    # Errors  Last Runtime    Last Run
--------------------------------  -----  ---------  --------  ----------  --------------  -------------------
/opt/airflow/dags/DAG_scraper.py     36  0.02s             0           1  0.06s           2025-09-23T23:04:16
================================================================================
[2025-09-23T23:05:16.743+0000] {manager.py:878} INFO - 
================================================================================
DAG File Processing Stats

File Path                           PID  Runtime      # DAGs    # Errors  Last Runtime    Last Run
--------------------------------  -----  ---------  --------  ----------  --------------  -------------------
/opt/airflow/dags/DAG_scraper.py     37  0.01s             0           1  0.08s           2025-09-23T23:04:46
================================================================================
[2025-09-23T23:05:47.101+0000] {manager.py:878} INFO - 
================================================================================
DAG File Processing Stats

File Path                           PID  Runtime      # DAGs    # Errors  Last Runtime    Last Run
--------------------------------  -----  ---------  --------  ----------  --------------  -------------------
/opt/airflow/dags/DAG_scraper.py     38  0.02s             0           1  0.07s           2025-09-23T23:05:16
================================================================================
[2025-09-23T23:06:14.359+0000] {manager.py:737} INFO - Searching for files in /opt/airflow/dags
[2025-09-23T23:06:14.384+0000] {manager.py:740} INFO - There are 1 files in /opt/airflow/dags
[2025-09-23T23:06:17.434+0000] {manager.py:878} INFO - 
================================================================================
DAG File Processing Stats

File Path                           PID  Runtime      # DAGs    # Errors  Last Runtime    Last Run
--------------------------------  -----  ---------  --------  ----------  --------------  -------------------
/opt/airflow/dags/DAG_scraper.py     39  0.01s             0           1  0.07s           2025-09-23T23:05:47
================================================================================
[2025-09-23T23:06:47.746+0000] {manager.py:878} INFO - 
================================================================================
DAG File Processing Stats

File Path                           PID  Runtime      # DAGs    # Errors  Last Runtime    Last Run
--------------------------------  -----  ---------  --------  ----------  --------------  -------------------
/opt/airflow/dags/DAG_scraper.py     40  0.02s             0           1  0.07s           2025-09-23T23:06:17
================================================================================
[2025-09-23T23:07:18.048+0000] {manager.py:878} INFO - 
================================================================================
DAG File Processing Stats

File Path                           PID  Runtime      # DAGs    # Errors  Last Runtime    Last Run
--------------------------------  -----  ---------  --------  ----------  --------------  -------------------
/opt/airflow/dags/DAG_scraper.py     41  0.01s             0           1  0.07s           2025-09-23T23:06:47
================================================================================
[2025-09-23T23:07:48.372+0000] {manager.py:878} INFO - 
================================================================================
DAG File Processing Stats

File Path                           PID  Runtime      # DAGs    # Errors  Last Runtime    Last Run
--------------------------------  -----  ---------  --------  ----------  --------------  -------------------
/opt/airflow/dags/DAG_scraper.py     42  0.01s             0           1  0.07s           2025-09-23T23:07:18
================================================================================
[2025-09-23T23:08:18.710+0000] {manager.py:878} INFO - 
================================================================================
DAG File Processing Stats

File Path                           PID  Runtime      # DAGs    # Errors  Last Runtime    Last Run
--------------------------------  -----  ---------  --------  ----------  --------------  -------------------
/opt/airflow/dags/DAG_scraper.py     43  0.01s             0           1  0.07s           2025-09-23T23:07:48
================================================================================
[2025-09-23T23:08:49.056+0000] {manager.py:878} INFO - 
================================================================================
DAG File Processing Stats

File Path                           PID  Runtime      # DAGs    # Errors  Last Runtime    Last Run
--------------------------------  -----  ---------  --------  ----------  --------------  -------------------
/opt/airflow/dags/DAG_scraper.py     44  0.03s             0           1  0.08s           2025-09-23T23:08:18
================================================================================
[2025-09-23T23:09:19.430+0000] {manager.py:878} INFO - 
================================================================================
DAG File Processing Stats

File Path                           PID  Runtime      # DAGs    # Errors  Last Runtime    Last Run
--------------------------------  -----  ---------  --------  ----------  --------------  -------------------
/opt/airflow/dags/DAG_scraper.py     45  0.01s             0           1  0.08s           2025-09-23T23:08:49
================================================================================
[2025-09-23T23:09:49.759+0000] {manager.py:878} INFO - 
================================================================================
DAG File Processing Stats

File Path                           PID  Runtime      # DAGs    # Errors  Last Runtime    Last Run
--------------------------------  -----  ---------  --------  ----------  --------------  -------------------
/opt/airflow/dags/DAG_scraper.py     46  0.02s             0           1  0.08s           2025-09-23T23:09:19
================================================================================
[2025-09-23T23:10:20.114+0000] {manager.py:878} INFO - 
================================================================================
DAG File Processing Stats

File Path                           PID  Runtime      # DAGs    # Errors  Last Runtime    Last Run
--------------------------------  -----  ---------  --------  ----------  --------------  -------------------
/opt/airflow/dags/DAG_scraper.py     47  0.03s             0           1  0.09s           2025-09-23T23:09:49
================================================================================
[2025-09-23T23:10:50.454+0000] {manager.py:878} INFO - 
================================================================================
DAG File Processing Stats

File Path                           PID  Runtime      # DAGs    # Errors  Last Runtime    Last Run
--------------------------------  -----  ---------  --------  ----------  --------------  -------------------
/opt/airflow/dags/DAG_scraper.py     48  0.02s             0           1  0.09s           2025-09-23T23:10:20
================================================================================
[2025-09-23T23:11:14.733+0000] {manager.py:737} INFO - Searching for files in /opt/airflow/dags
[2025-09-23T23:11:14.752+0000] {manager.py:740} INFO - There are 1 files in /opt/airflow/dags
[2025-09-23T23:11:20.878+0000] {manager.py:878} INFO - 
================================================================================
DAG File Processing Stats

File Path                           PID  Runtime      # DAGs    # Errors  Last Runtime    Last Run
--------------------------------  -----  ---------  --------  ----------  --------------  -------------------
/opt/airflow/dags/DAG_scraper.py     49  0.03s             0           1  0.09s           2025-09-23T23:10:50
================================================================================
[2025-09-23T23:11:51.258+0000] {manager.py:878} INFO - 
================================================================================
DAG File Processing Stats

File Path                           PID  Runtime      # DAGs    # Errors  Last Runtime    Last Run
--------------------------------  -----  ---------  --------  ----------  --------------  -------------------
/opt/airflow/dags/DAG_scraper.py     50  0.02s             0           1  0.18s           2025-09-23T23:11:21
================================================================================
[2025-09-23T23:12:21.600+0000] {manager.py:878} INFO - 
================================================================================
DAG File Processing Stats

File Path                           PID  Runtime      # DAGs    # Errors  Last Runtime    Last Run
--------------------------------  -----  ---------  --------  ----------  --------------  -------------------
/opt/airflow/dags/DAG_scraper.py     51  0.01s             0           1  0.09s           2025-09-23T23:11:51
================================================================================
[2025-09-23T23:12:43.964+0000] {manager.py:452} INFO - Exiting gracefully upon receiving signal 15
[2025-09-23T23:13:17.256+0000] {manager.py:470} INFO - Processing files using up to 2 processes at a time 
[2025-09-23T23:13:17.257+0000] {manager.py:471} INFO - Process each file at most once every 30 seconds
[2025-09-23T23:13:17.260+0000] {manager.py:472} INFO - Checking for new files in /opt/airflow/dags every 300 seconds
[2025-09-23T23:13:17.262+0000] {manager.py:737} INFO - Searching for files in /opt/airflow/dags
[2025-09-23T23:13:17.270+0000] {manager.py:740} INFO - There are 1 files in /opt/airflow/dags
[2025-09-23T23:13:17.320+0000] {manager.py:878} INFO - 
================================================================================
DAG File Processing Stats

File Path                           PID  Runtime      # DAGs    # Errors  Last Runtime    Last Run
--------------------------------  -----  ---------  --------  ----------  --------------  ----------
/opt/airflow/dags/DAG_scraper.py     29  0.03s             0           0
================================================================================
[2025-09-23T23:13:47.594+0000] {manager.py:878} INFO - 
================================================================================
DAG File Processing Stats

File Path                           PID  Runtime      # DAGs    # Errors  Last Runtime    Last Run
--------------------------------  -----  ---------  --------  ----------  --------------  -------------------
/opt/airflow/dags/DAG_scraper.py     30  0.01s             0           1  0.04s           2025-09-23T23:13:17
================================================================================
[2025-09-23T23:14:17.859+0000] {manager.py:878} INFO - 
================================================================================
DAG File Processing Stats

File Path                           PID  Runtime      # DAGs    # Errors  Last Runtime    Last Run
--------------------------------  -----  ---------  --------  ----------  --------------  -------------------
/opt/airflow/dags/DAG_scraper.py     31  0.01s             0           1  0.08s           2025-09-23T23:13:47
================================================================================
[2025-09-23T23:14:48.179+0000] {manager.py:878} INFO - 
================================================================================
DAG File Processing Stats

File Path                           PID  Runtime      # DAGs    # Errors  Last Runtime    Last Run
--------------------------------  -----  ---------  --------  ----------  --------------  -------------------
/opt/airflow/dags/DAG_scraper.py     32  0.01s             0           1  0.06s           2025-09-23T23:14:17
================================================================================
[2025-09-23T23:15:18.620+0000] {manager.py:878} INFO - 
================================================================================
DAG File Processing Stats

File Path                           PID  Runtime      # DAGs    # Errors  Last Runtime    Last Run
--------------------------------  -----  ---------  --------  ----------  --------------  -------------------
/opt/airflow/dags/DAG_scraper.py     33  0.09s             0           1  0.06s           2025-09-23T23:14:48
================================================================================
[2025-09-23T23:15:48.988+0000] {manager.py:878} INFO - 
================================================================================
DAG File Processing Stats

File Path                           PID  Runtime      # DAGs    # Errors  Last Runtime    Last Run
--------------------------------  -----  ---------  --------  ----------  --------------  -------------------
/opt/airflow/dags/DAG_scraper.py     34  0.02s             0           1  0.17s           2025-09-23T23:15:18
================================================================================
[2025-09-23T23:16:19.368+0000] {manager.py:878} INFO - 
================================================================================
DAG File Processing Stats

File Path                           PID  Runtime      # DAGs    # Errors  Last Runtime    Last Run
--------------------------------  -----  ---------  --------  ----------  --------------  -------------------
/opt/airflow/dags/DAG_scraper.py     35  0.01s             0           1  0.09s           2025-09-23T23:15:49
================================================================================
[2025-09-23T23:16:49.785+0000] {manager.py:878} INFO - 
================================================================================
DAG File Processing Stats

File Path                           PID  Runtime      # DAGs    # Errors  Last Runtime    Last Run
--------------------------------  -----  ---------  --------  ----------  --------------  -------------------
/opt/airflow/dags/DAG_scraper.py     36  0.01s             0           1  0.08s           2025-09-23T23:16:19
================================================================================
[2025-09-23T23:17:20.138+0000] {manager.py:878} INFO - 
================================================================================
DAG File Processing Stats

File Path                           PID  Runtime      # DAGs    # Errors  Last Runtime    Last Run
--------------------------------  -----  ---------  --------  ----------  --------------  -------------------
/opt/airflow/dags/DAG_scraper.py     37  0.01s             0           1  0.07s           2025-09-23T23:16:49
================================================================================
[2025-09-23T23:17:50.435+0000] {manager.py:878} INFO - 
================================================================================
DAG File Processing Stats

File Path                           PID  Runtime      # DAGs    # Errors  Last Runtime    Last Run
--------------------------------  -----  ---------  --------  ----------  --------------  -------------------
/opt/airflow/dags/DAG_scraper.py     38  0.01s             0           1  0.07s           2025-09-23T23:17:20
================================================================================
[2025-09-23T23:18:17.651+0000] {manager.py:737} INFO - Searching for files in /opt/airflow/dags
[2025-09-23T23:18:17.677+0000] {manager.py:740} INFO - There are 1 files in /opt/airflow/dags
[2025-09-23T23:18:20.737+0000] {manager.py:878} INFO - 
================================================================================
DAG File Processing Stats

File Path                           PID  Runtime      # DAGs    # Errors  Last Runtime    Last Run
--------------------------------  -----  ---------  --------  ----------  --------------  -------------------
/opt/airflow/dags/DAG_scraper.py     39  0.01s             0           1  0.05s           2025-09-23T23:17:50
================================================================================
[2025-09-23T23:18:50.974+0000] {manager.py:878} INFO - 
================================================================================
DAG File Processing Stats

File Path                           PID  Runtime      # DAGs    # Errors  Last Runtime    Last Run
--------------------------------  -----  ---------  --------  ----------  --------------  -------------------
/opt/airflow/dags/DAG_scraper.py     40  0.01s             0           1  0.08s           2025-09-23T23:18:20
================================================================================
[2025-09-23T23:19:21.252+0000] {manager.py:878} INFO - 
================================================================================
DAG File Processing Stats

File Path                           PID  Runtime      # DAGs    # Errors  Last Runtime    Last Run
--------------------------------  -----  ---------  --------  ----------  --------------  -------------------
/opt/airflow/dags/DAG_scraper.py     41  0.01s             0           1  0.05s           2025-09-23T23:18:51
================================================================================
[2025-09-23T23:19:51.491+0000] {manager.py:878} INFO - 
================================================================================
DAG File Processing Stats

File Path                           PID  Runtime      # DAGs    # Errors  Last Runtime    Last Run
--------------------------------  -----  ---------  --------  ----------  --------------  -------------------
/opt/airflow/dags/DAG_scraper.py     42  0.01s             0           1  0.08s           2025-09-23T23:19:21
================================================================================
[2025-09-23T23:20:21.739+0000] {manager.py:878} INFO - 
================================================================================
DAG File Processing Stats

File Path                           PID  Runtime      # DAGs    # Errors  Last Runtime    Last Run
--------------------------------  -----  ---------  --------  ----------  --------------  -------------------
/opt/airflow/dags/DAG_scraper.py     43  0.01s             0           1  0.05s           2025-09-23T23:19:51
================================================================================
[2025-09-23T23:20:52.045+0000] {manager.py:878} INFO - 
================================================================================
DAG File Processing Stats

File Path                           PID  Runtime      # DAGs    # Errors  Last Runtime    Last Run
--------------------------------  -----  ---------  --------  ----------  --------------  -------------------
/opt/airflow/dags/DAG_scraper.py     44  0.02s             0           1  0.05s           2025-09-23T23:20:21
================================================================================
[2025-09-23T23:21:22.363+0000] {manager.py:878} INFO - 
================================================================================
DAG File Processing Stats

File Path                           PID  Runtime      # DAGs    # Errors  Last Runtime    Last Run
--------------------------------  -----  ---------  --------  ----------  --------------  -------------------
/opt/airflow/dags/DAG_scraper.py     45  0.02s             0           1  0.07s           2025-09-23T23:20:52
================================================================================
[2025-09-23T23:21:52.676+0000] {manager.py:878} INFO - 
================================================================================
DAG File Processing Stats

File Path                           PID  Runtime      # DAGs    # Errors  Last Runtime    Last Run
--------------------------------  -----  ---------  --------  ----------  --------------  -------------------
/opt/airflow/dags/DAG_scraper.py     46  0.01s             0           1  0.08s           2025-09-23T23:21:22
================================================================================
[2025-09-23T23:22:23.058+0000] {manager.py:878} INFO - 
================================================================================
DAG File Processing Stats

File Path                           PID  Runtime      # DAGs    # Errors  Last Runtime    Last Run
--------------------------------  -----  ---------  --------  ----------  --------------  -------------------
/opt/airflow/dags/DAG_scraper.py     47  0.01s             0           1  0.05s           2025-09-23T23:21:52
================================================================================
[2025-09-23T23:22:53.380+0000] {manager.py:878} INFO - 
================================================================================
DAG File Processing Stats

File Path                           PID  Runtime      # DAGs    # Errors  Last Runtime    Last Run
--------------------------------  -----  ---------  --------  ----------  --------------  -------------------
/opt/airflow/dags/DAG_scraper.py     48  0.02s             0           1  0.08s           2025-09-23T23:22:23
================================================================================
[2025-09-23T23:23:18.638+0000] {manager.py:737} INFO - Searching for files in /opt/airflow/dags
[2025-09-23T23:23:18.664+0000] {manager.py:740} INFO - There are 1 files in /opt/airflow/dags
[2025-09-23T23:23:23.718+0000] {manager.py:878} INFO - 
================================================================================
DAG File Processing Stats

File Path                           PID  Runtime      # DAGs    # Errors  Last Runtime    Last Run
--------------------------------  -----  ---------  --------  ----------  --------------  -------------------
/opt/airflow/dags/DAG_scraper.py     49  0.00s             0           1  0.10s           2025-09-23T23:22:53
================================================================================
[2025-09-23T23:23:53.994+0000] {manager.py:878} INFO - 
================================================================================
DAG File Processing Stats

File Path                           PID  Runtime      # DAGs    # Errors  Last Runtime    Last Run
--------------------------------  -----  ---------  --------  ----------  --------------  -------------------
/opt/airflow/dags/DAG_scraper.py     50  0.00s             0           1  0.04s           2025-09-23T23:23:23
================================================================================
[2025-09-23T23:24:24.418+0000] {manager.py:878} INFO - 
================================================================================
DAG File Processing Stats

File Path                           PID  Runtime      # DAGs    # Errors  Last Runtime    Last Run
--------------------------------  -----  ---------  --------  ----------  --------------  -------------------
/opt/airflow/dags/DAG_scraper.py     51  0.04s             0           1  0.06s           2025-09-23T23:23:54
================================================================================
[2025-09-23T23:24:54.791+0000] {manager.py:878} INFO - 
================================================================================
DAG File Processing Stats

File Path                           PID  Runtime      # DAGs    # Errors  Last Runtime    Last Run
--------------------------------  -----  ---------  --------  ----------  --------------  -------------------
/opt/airflow/dags/DAG_scraper.py     52  0.01s             0           1  0.18s           2025-09-23T23:24:24
================================================================================
[2025-09-23T23:25:25.170+0000] {manager.py:878} INFO - 
================================================================================
DAG File Processing Stats

File Path                           PID  Runtime      # DAGs    # Errors  Last Runtime    Last Run
--------------------------------  -----  ---------  --------  ----------  --------------  -------------------
/opt/airflow/dags/DAG_scraper.py     53  0.01s             0           1  0.06s           2025-09-23T23:24:54
================================================================================
[2025-09-23T23:25:55.460+0000] {manager.py:878} INFO - 
================================================================================
DAG File Processing Stats

File Path                           PID  Runtime      # DAGs    # Errors  Last Runtime    Last Run
--------------------------------  -----  ---------  --------  ----------  --------------  -------------------
/opt/airflow/dags/DAG_scraper.py     54  0.01s             0           1  0.06s           2025-09-23T23:25:25
================================================================================
[2025-09-23T23:26:25.803+0000] {manager.py:878} INFO - 
================================================================================
DAG File Processing Stats

File Path                           PID  Runtime      # DAGs    # Errors  Last Runtime    Last Run
--------------------------------  -----  ---------  --------  ----------  --------------  -------------------
/opt/airflow/dags/DAG_scraper.py     55  0.01s             0           1  0.06s           2025-09-23T23:25:55
================================================================================
[2025-09-23T23:26:56.102+0000] {manager.py:878} INFO - 
================================================================================
DAG File Processing Stats

File Path                           PID  Runtime      # DAGs    # Errors  Last Runtime    Last Run
--------------------------------  -----  ---------  --------  ----------  --------------  -------------------
/opt/airflow/dags/DAG_scraper.py     56  0.01s             0           1  0.07s           2025-09-23T23:26:25
================================================================================
[2025-09-23T23:27:26.460+0000] {manager.py:878} INFO - 
================================================================================
DAG File Processing Stats

File Path                           PID  Runtime      # DAGs    # Errors  Last Runtime    Last Run
--------------------------------  -----  ---------  --------  ----------  --------------  -------------------
/opt/airflow/dags/DAG_scraper.py     57  0.02s             0           1  0.06s           2025-09-23T23:26:56
================================================================================
[2025-09-23T23:27:56.782+0000] {manager.py:878} INFO - 
================================================================================
DAG File Processing Stats

File Path                           PID  Runtime      # DAGs    # Errors  Last Runtime    Last Run
--------------------------------  -----  ---------  --------  ----------  --------------  -------------------
/opt/airflow/dags/DAG_scraper.py     58  0.01s             0           1  0.09s           2025-09-23T23:27:26
================================================================================
[2025-09-23T23:28:19.018+0000] {manager.py:737} INFO - Searching for files in /opt/airflow/dags
[2025-09-23T23:28:19.044+0000] {manager.py:740} INFO - There are 1 files in /opt/airflow/dags
[2025-09-23T23:28:27.169+0000] {manager.py:878} INFO - 
================================================================================
DAG File Processing Stats

File Path                           PID  Runtime      # DAGs    # Errors  Last Runtime    Last Run
--------------------------------  -----  ---------  --------  ----------  --------------  -------------------
/opt/airflow/dags/DAG_scraper.py     59  0.01s             0           1  0.09s           2025-09-23T23:27:56
================================================================================
[2025-09-23T23:28:57.514+0000] {manager.py:878} INFO - 
================================================================================
DAG File Processing Stats

File Path                           PID  Runtime      # DAGs    # Errors  Last Runtime    Last Run
--------------------------------  -----  ---------  --------  ----------  --------------  -------------------
/opt/airflow/dags/DAG_scraper.py     60  0.02s             0           1  0.07s           2025-09-23T23:28:27
================================================================================
[2025-09-23T23:29:27.831+0000] {manager.py:878} INFO - 
================================================================================
DAG File Processing Stats

File Path                           PID  Runtime      # DAGs    # Errors  Last Runtime    Last Run
--------------------------------  -----  ---------  --------  ----------  --------------  -------------------
/opt/airflow/dags/DAG_scraper.py     61  0.01s             0           1  0.08s           2025-09-23T23:28:57
================================================================================
[2025-09-23T23:29:58.199+0000] {manager.py:878} INFO - 
================================================================================
DAG File Processing Stats

File Path                           PID  Runtime      # DAGs    # Errors  Last Runtime    Last Run
--------------------------------  -----  ---------  --------  ----------  --------------  -------------------
/opt/airflow/dags/DAG_scraper.py     62  0.02s             0           1  0.11s           2025-09-23T23:29:27
================================================================================
[2025-09-23T23:30:28.578+0000] {manager.py:878} INFO - 
================================================================================
DAG File Processing Stats

File Path                           PID  Runtime      # DAGs    # Errors  Last Runtime    Last Run
--------------------------------  -----  ---------  --------  ----------  --------------  -------------------
/opt/airflow/dags/DAG_scraper.py     63  0.01s             0           1  0.09s           2025-09-23T23:29:58
================================================================================
[2025-09-23T23:30:58.909+0000] {manager.py:878} INFO - 
================================================================================
DAG File Processing Stats

File Path                           PID  Runtime      # DAGs    # Errors  Last Runtime    Last Run
--------------------------------  -----  ---------  --------  ----------  --------------  -------------------
/opt/airflow/dags/DAG_scraper.py     64  0.01s             0           1  0.08s           2025-09-23T23:30:28
================================================================================
[2025-09-23T23:31:29.249+0000] {manager.py:878} INFO - 
================================================================================
DAG File Processing Stats

File Path                           PID  Runtime      # DAGs    # Errors  Last Runtime    Last Run
--------------------------------  -----  ---------  --------  ----------  --------------  -------------------
/opt/airflow/dags/DAG_scraper.py     65  0.02s             0           1  0.05s           2025-09-23T23:30:58
================================================================================
[2025-09-23T23:31:59.634+0000] {manager.py:878} INFO - 
================================================================================
DAG File Processing Stats

File Path                           PID  Runtime      # DAGs    # Errors  Last Runtime    Last Run
--------------------------------  -----  ---------  --------  ----------  --------------  -------------------
/opt/airflow/dags/DAG_scraper.py     66  0.02s             0           1  0.08s           2025-09-23T23:31:29
================================================================================
[2025-09-23T23:32:29.914+0000] {manager.py:878} INFO - 
================================================================================
DAG File Processing Stats

File Path                           PID  Runtime      # DAGs    # Errors  Last Runtime    Last Run
--------------------------------  -----  ---------  --------  ----------  --------------  -------------------
/opt/airflow/dags/DAG_scraper.py     67  0.01s             0           1  0.07s           2025-09-23T23:31:59
================================================================================
[2025-09-23T23:33:00.196+0000] {manager.py:878} INFO - 
================================================================================
DAG File Processing Stats

File Path                           PID  Runtime      # DAGs    # Errors  Last Runtime    Last Run
--------------------------------  -----  ---------  --------  ----------  --------------  -------------------
/opt/airflow/dags/DAG_scraper.py     68  0.01s             0           1  0.05s           2025-09-23T23:32:29
================================================================================
[2025-09-23T23:33:19.344+0000] {manager.py:737} INFO - Searching for files in /opt/airflow/dags
[2025-09-23T23:33:19.365+0000] {manager.py:740} INFO - There are 1 files in /opt/airflow/dags
[2025-09-23T23:33:30.523+0000] {manager.py:878} INFO - 
================================================================================
DAG File Processing Stats

File Path                           PID  Runtime      # DAGs    # Errors  Last Runtime    Last Run
--------------------------------  -----  ---------  --------  ----------  --------------  -------------------
/opt/airflow/dags/DAG_scraper.py     69  0.01s             0           1  0.06s           2025-09-23T23:33:00
================================================================================
[2025-09-23T23:34:00.889+0000] {manager.py:878} INFO - 
================================================================================
DAG File Processing Stats

File Path                           PID  Runtime      # DAGs    # Errors  Last Runtime    Last Run
--------------------------------  -----  ---------  --------  ----------  --------------  -------------------
/opt/airflow/dags/DAG_scraper.py     70  0.01s             0           1  0.07s           2025-09-23T23:33:30
================================================================================
[2025-09-23T23:34:31.252+0000] {manager.py:878} INFO - 
================================================================================
DAG File Processing Stats

File Path                           PID  Runtime      # DAGs    # Errors  Last Runtime    Last Run
--------------------------------  -----  ---------  --------  ----------  --------------  -------------------
/opt/airflow/dags/DAG_scraper.py     71  0.02s             0           1  0.09s           2025-09-23T23:34:00
================================================================================
[2025-09-23T23:35:01.579+0000] {manager.py:878} INFO - 
================================================================================
DAG File Processing Stats

File Path                           PID  Runtime      # DAGs    # Errors  Last Runtime    Last Run
--------------------------------  -----  ---------  --------  ----------  --------------  -------------------
/opt/airflow/dags/DAG_scraper.py     72  0.02s             0           1  0.07s           2025-09-23T23:34:31
================================================================================
[2025-09-23T23:35:31.897+0000] {manager.py:878} INFO - 
================================================================================
DAG File Processing Stats

File Path                           PID  Runtime      # DAGs    # Errors  Last Runtime    Last Run
--------------------------------  -----  ---------  --------  ----------  --------------  -------------------
/opt/airflow/dags/DAG_scraper.py     73  0.01s             0           1  0.09s           2025-09-23T23:35:01
================================================================================
[2025-09-23T23:36:02.234+0000] {manager.py:878} INFO - 
================================================================================
DAG File Processing Stats

File Path                           PID  Runtime      # DAGs    # Errors  Last Runtime    Last Run
--------------------------------  -----  ---------  --------  ----------  --------------  -------------------
/opt/airflow/dags/DAG_scraper.py     74  0.01s             0           1  0.09s           2025-09-23T23:35:31
================================================================================
[2025-09-23T23:36:32.566+0000] {manager.py:878} INFO - 
================================================================================
DAG File Processing Stats

File Path                           PID  Runtime      # DAGs    # Errors  Last Runtime    Last Run
--------------------------------  -----  ---------  --------  ----------  --------------  -------------------
/opt/airflow/dags/DAG_scraper.py     75  0.01s             0           1  0.08s           2025-09-23T23:36:02
================================================================================
[2025-09-23T23:37:02.905+0000] {manager.py:878} INFO - 
================================================================================
DAG File Processing Stats

File Path                           PID  Runtime      # DAGs    # Errors  Last Runtime    Last Run
--------------------------------  -----  ---------  --------  ----------  --------------  -------------------
/opt/airflow/dags/DAG_scraper.py     76  0.02s             0           1  0.08s           2025-09-23T23:36:32
================================================================================
[2025-09-23T23:37:33.288+0000] {manager.py:878} INFO - 
================================================================================
DAG File Processing Stats

File Path                           PID  Runtime      # DAGs    # Errors  Last Runtime    Last Run
--------------------------------  -----  ---------  --------  ----------  --------------  -------------------
/opt/airflow/dags/DAG_scraper.py     77  0.02s             0           1  0.09s           2025-09-23T23:37:02
================================================================================
[2025-09-23T23:38:03.628+0000] {manager.py:878} INFO - 
================================================================================
DAG File Processing Stats

File Path                           PID  Runtime      # DAGs    # Errors  Last Runtime    Last Run
--------------------------------  -----  ---------  --------  ----------  --------------  -------------------
/opt/airflow/dags/DAG_scraper.py     78  0.01s             0           1  0.11s           2025-09-23T23:37:33
================================================================================
[2025-09-23T23:38:19.759+0000] {manager.py:737} INFO - Searching for files in /opt/airflow/dags
[2025-09-23T23:38:19.772+0000] {manager.py:740} INFO - There are 1 files in /opt/airflow/dags
[2025-09-23T23:38:33.927+0000] {manager.py:878} INFO - 
================================================================================
DAG File Processing Stats

File Path                           PID  Runtime      # DAGs    # Errors  Last Runtime    Last Run
--------------------------------  -----  ---------  --------  ----------  --------------  -------------------
/opt/airflow/dags/DAG_scraper.py     79  0.01s             0           1  0.07s           2025-09-23T23:38:03
================================================================================
[2025-09-23T23:39:04.243+0000] {manager.py:878} INFO - 
================================================================================
DAG File Processing Stats

File Path                           PID  Runtime      # DAGs    # Errors  Last Runtime    Last Run
--------------------------------  -----  ---------  --------  ----------  --------------  -------------------
/opt/airflow/dags/DAG_scraper.py     80  0.01s             0           1  0.07s           2025-09-23T23:38:33
================================================================================
[2025-09-23T23:39:34.555+0000] {manager.py:878} INFO - 
================================================================================
DAG File Processing Stats

File Path                           PID  Runtime      # DAGs    # Errors  Last Runtime    Last Run
--------------------------------  -----  ---------  --------  ----------  --------------  -------------------
/opt/airflow/dags/DAG_scraper.py     81  0.01s             0           1  0.06s           2025-09-23T23:39:04
================================================================================
[2025-09-23T23:40:04.857+0000] {manager.py:878} INFO - 
================================================================================
DAG File Processing Stats

File Path                           PID  Runtime      # DAGs    # Errors  Last Runtime    Last Run
--------------------------------  -----  ---------  --------  ----------  --------------  -------------------
/opt/airflow/dags/DAG_scraper.py     82  0.01s             0           1  0.07s           2025-09-23T23:39:34
================================================================================
[2025-09-23T23:40:35.198+0000] {manager.py:878} INFO - 
================================================================================
DAG File Processing Stats

File Path                           PID  Runtime      # DAGs    # Errors  Last Runtime    Last Run
--------------------------------  -----  ---------  --------  ----------  --------------  -------------------
/opt/airflow/dags/DAG_scraper.py     83  0.01s             0           1  0.06s           2025-09-23T23:40:04
================================================================================
[2025-09-23T23:41:05.536+0000] {manager.py:878} INFO - 
================================================================================
DAG File Processing Stats

File Path                           PID  Runtime      # DAGs    # Errors  Last Runtime    Last Run
--------------------------------  -----  ---------  --------  ----------  --------------  -------------------
/opt/airflow/dags/DAG_scraper.py     84  0.01s             0           1  0.08s           2025-09-23T23:40:35
================================================================================
[2025-09-23T23:41:35.946+0000] {manager.py:878} INFO - 
================================================================================
DAG File Processing Stats

File Path                           PID  Runtime      # DAGs    # Errors  Last Runtime    Last Run
--------------------------------  -----  ---------  --------  ----------  --------------  -------------------
/opt/airflow/dags/DAG_scraper.py     85  0.01s             0           1  0.07s           2025-09-23T23:41:05
================================================================================
[2025-09-23T23:42:06.306+0000] {manager.py:878} INFO - 
================================================================================
DAG File Processing Stats

File Path                           PID  Runtime      # DAGs    # Errors  Last Runtime    Last Run
--------------------------------  -----  ---------  --------  ----------  --------------  -------------------
/opt/airflow/dags/DAG_scraper.py     86  0.01s             0           1  0.08s           2025-09-23T23:41:36
================================================================================
[2025-09-23T23:42:36.658+0000] {manager.py:878} INFO - 
================================================================================
DAG File Processing Stats

File Path                           PID  Runtime      # DAGs    # Errors  Last Runtime    Last Run
--------------------------------  -----  ---------  --------  ----------  --------------  -------------------
/opt/airflow/dags/DAG_scraper.py     87  0.01s             0           1  0.11s           2025-09-23T23:42:06
================================================================================
[2025-09-23T23:43:06.982+0000] {manager.py:878} INFO - 
================================================================================
DAG File Processing Stats

File Path                           PID  Runtime      # DAGs    # Errors  Last Runtime    Last Run
--------------------------------  -----  ---------  --------  ----------  --------------  -------------------
/opt/airflow/dags/DAG_scraper.py     88  0.01s             0           1  0.06s           2025-09-23T23:42:36
================================================================================
[2025-09-23T23:43:20.135+0000] {manager.py:737} INFO - Searching for files in /opt/airflow/dags
[2025-09-23T23:43:20.159+0000] {manager.py:740} INFO - There are 1 files in /opt/airflow/dags
[2025-09-23T23:43:37.377+0000] {manager.py:878} INFO - 
================================================================================
DAG File Processing Stats

File Path                           PID  Runtime      # DAGs    # Errors  Last Runtime    Last Run
--------------------------------  -----  ---------  --------  ----------  --------------  -------------------
/opt/airflow/dags/DAG_scraper.py     89  0.01s             0           1  0.07s           2025-09-23T23:43:07
================================================================================
[2025-09-23T23:44:07.732+0000] {manager.py:878} INFO - 
================================================================================
DAG File Processing Stats

File Path                           PID  Runtime      # DAGs    # Errors  Last Runtime    Last Run
--------------------------------  -----  ---------  --------  ----------  --------------  -------------------
/opt/airflow/dags/DAG_scraper.py     90  0.01s             0           1  0.09s           2025-09-23T23:43:37
================================================================================
[2025-09-23T23:44:38.062+0000] {manager.py:878} INFO - 
================================================================================
DAG File Processing Stats

File Path                           PID  Runtime      # DAGs    # Errors  Last Runtime    Last Run
--------------------------------  -----  ---------  --------  ----------  --------------  -------------------
/opt/airflow/dags/DAG_scraper.py     91  0.01s             0           1  0.08s           2025-09-23T23:44:07
================================================================================
[2025-09-23T23:45:08.340+0000] {manager.py:878} INFO - 
================================================================================
DAG File Processing Stats

File Path                           PID  Runtime      # DAGs    # Errors  Last Runtime    Last Run
--------------------------------  -----  ---------  --------  ----------  --------------  -------------------
/opt/airflow/dags/DAG_scraper.py     92  0.01s             0           1  0.06s           2025-09-23T23:44:38
================================================================================
[2025-09-23T23:45:38.631+0000] {manager.py:878} INFO - 
================================================================================
DAG File Processing Stats

File Path                           PID  Runtime      # DAGs    # Errors  Last Runtime    Last Run
--------------------------------  -----  ---------  --------  ----------  --------------  -------------------
/opt/airflow/dags/DAG_scraper.py     93  0.01s             0           1  0.05s           2025-09-23T23:45:08
================================================================================
[2025-09-23T23:46:08.917+0000] {manager.py:878} INFO - 
================================================================================
DAG File Processing Stats

File Path                           PID  Runtime      # DAGs    # Errors  Last Runtime    Last Run
--------------------------------  -----  ---------  --------  ----------  --------------  -------------------
/opt/airflow/dags/DAG_scraper.py     94  0.01s             0           1  0.06s           2025-09-23T23:45:38
================================================================================
[2025-09-23T23:46:39.174+0000] {manager.py:878} INFO - 
================================================================================
DAG File Processing Stats

File Path                           PID  Runtime      # DAGs    # Errors  Last Runtime    Last Run
--------------------------------  -----  ---------  --------  ----------  --------------  -------------------
/opt/airflow/dags/DAG_scraper.py     95  0.01s             0           1  0.06s           2025-09-23T23:46:08
================================================================================
[2025-09-23T23:47:09.459+0000] {manager.py:878} INFO - 
================================================================================
DAG File Processing Stats

File Path                           PID  Runtime      # DAGs    # Errors  Last Runtime    Last Run
--------------------------------  -----  ---------  --------  ----------  --------------  -------------------
/opt/airflow/dags/DAG_scraper.py     96  0.01s             0           1  0.06s           2025-09-23T23:46:39
================================================================================
[2025-09-23T23:47:39.747+0000] {manager.py:878} INFO - 
================================================================================
DAG File Processing Stats

File Path                           PID  Runtime      # DAGs    # Errors  Last Runtime    Last Run
--------------------------------  -----  ---------  --------  ----------  --------------  -------------------
/opt/airflow/dags/DAG_scraper.py     97  0.01s             0           1  0.07s           2025-09-23T23:47:09
================================================================================
[2025-09-23T23:48:10.074+0000] {manager.py:878} INFO - 
================================================================================
DAG File Processing Stats

File Path                           PID  Runtime      # DAGs    # Errors  Last Runtime    Last Run
--------------------------------  -----  ---------  --------  ----------  --------------  -------------------
/opt/airflow/dags/DAG_scraper.py     98  0.01s             0           1  0.06s           2025-09-23T23:47:39
================================================================================
[2025-09-23T23:48:20.192+0000] {manager.py:737} INFO - Searching for files in /opt/airflow/dags
[2025-09-23T23:48:20.213+0000] {manager.py:740} INFO - There are 1 files in /opt/airflow/dags
[2025-09-23T23:48:40.496+0000] {manager.py:878} INFO - 
================================================================================
DAG File Processing Stats

File Path                           PID  Runtime      # DAGs    # Errors  Last Runtime    Last Run
--------------------------------  -----  ---------  --------  ----------  --------------  -------------------
/opt/airflow/dags/DAG_scraper.py     99  0.02s             0           1  0.07s           2025-09-23T23:48:10
================================================================================
[2025-09-23T23:49:10.843+0000] {manager.py:878} INFO - 
================================================================================
DAG File Processing Stats

File Path                           PID  Runtime      # DAGs    # Errors  Last Runtime    Last Run
--------------------------------  -----  ---------  --------  ----------  --------------  -------------------
/opt/airflow/dags/DAG_scraper.py    100  0.02s             0           1  0.09s           2025-09-23T23:48:40
================================================================================
[2025-09-23T23:49:41.177+0000] {manager.py:878} INFO - 
================================================================================
DAG File Processing Stats

File Path                           PID  Runtime      # DAGs    # Errors  Last Runtime    Last Run
--------------------------------  -----  ---------  --------  ----------  --------------  -------------------
/opt/airflow/dags/DAG_scraper.py    101  0.01s             0           1  0.12s           2025-09-23T23:49:10
================================================================================
[2025-09-23T23:50:11.567+0000] {manager.py:878} INFO - 
================================================================================
DAG File Processing Stats

File Path                           PID  Runtime      # DAGs    # Errors  Last Runtime    Last Run
--------------------------------  -----  ---------  --------  ----------  --------------  -------------------
/opt/airflow/dags/DAG_scraper.py    102  0.02s             0           1  0.09s           2025-09-23T23:49:41
================================================================================
[2025-09-23T23:50:41.919+0000] {manager.py:878} INFO - 
================================================================================
DAG File Processing Stats

File Path                           PID  Runtime      # DAGs    # Errors  Last Runtime    Last Run
--------------------------------  -----  ---------  --------  ----------  --------------  -------------------
/opt/airflow/dags/DAG_scraper.py    103  0.01s             0           1  0.09s           2025-09-23T23:50:11
================================================================================
[2025-09-23T23:51:12.263+0000] {manager.py:878} INFO - 
================================================================================
DAG File Processing Stats

File Path                           PID  Runtime      # DAGs    # Errors  Last Runtime    Last Run
--------------------------------  -----  ---------  --------  ----------  --------------  -------------------
/opt/airflow/dags/DAG_scraper.py    104  0.01s             0           1  0.05s           2025-09-23T23:50:41
================================================================================
[2025-09-23T23:51:42.617+0000] {manager.py:878} INFO - 
================================================================================
DAG File Processing Stats

File Path                           PID  Runtime      # DAGs    # Errors  Last Runtime    Last Run
--------------------------------  -----  ---------  --------  ----------  --------------  -------------------
/opt/airflow/dags/DAG_scraper.py    105  0.01s             0           1  0.08s           2025-09-23T23:51:12
================================================================================
[2025-09-23T23:52:13.005+0000] {manager.py:878} INFO - 
================================================================================
DAG File Processing Stats

File Path                           PID  Runtime      # DAGs    # Errors  Last Runtime    Last Run
--------------------------------  -----  ---------  --------  ----------  --------------  -------------------
/opt/airflow/dags/DAG_scraper.py    106  0.02s             0           1  0.08s           2025-09-23T23:51:42
================================================================================
[2025-09-23T23:52:43.273+0000] {manager.py:878} INFO - 
================================================================================
DAG File Processing Stats

File Path                           PID  Runtime      # DAGs    # Errors  Last Runtime    Last Run
--------------------------------  -----  ---------  --------  ----------  --------------  -------------------
/opt/airflow/dags/DAG_scraper.py    107  0.01s             0           1  0.07s           2025-09-23T23:52:13
================================================================================
[2025-09-23T23:53:13.589+0000] {manager.py:878} INFO - 
================================================================================
DAG File Processing Stats

File Path                           PID  Runtime      # DAGs    # Errors  Last Runtime    Last Run
--------------------------------  -----  ---------  --------  ----------  --------------  -------------------
/opt/airflow/dags/DAG_scraper.py    108  0.01s             0           1  0.05s           2025-09-23T23:52:43
================================================================================
[2025-09-23T23:53:20.656+0000] {manager.py:737} INFO - Searching for files in /opt/airflow/dags
[2025-09-23T23:53:20.677+0000] {manager.py:740} INFO - There are 1 files in /opt/airflow/dags
[2025-09-23T23:53:43.958+0000] {manager.py:878} INFO - 
================================================================================
DAG File Processing Stats

File Path                           PID  Runtime      # DAGs    # Errors  Last Runtime    Last Run
--------------------------------  -----  ---------  --------  ----------  --------------  -------------------
/opt/airflow/dags/DAG_scraper.py    109  0.01s             0           1  0.07s           2025-09-23T23:53:13
================================================================================
[2025-09-23T23:54:14.251+0000] {manager.py:878} INFO - 
================================================================================
DAG File Processing Stats

File Path                           PID  Runtime      # DAGs    # Errors  Last Runtime    Last Run
--------------------------------  -----  ---------  --------  ----------  --------------  -------------------
/opt/airflow/dags/DAG_scraper.py    110  0.01s             0           1  0.08s           2025-09-23T23:53:44
================================================================================
[2025-09-23T23:54:44.563+0000] {manager.py:878} INFO - 
================================================================================
DAG File Processing Stats

File Path                           PID  Runtime      # DAGs    # Errors  Last Runtime    Last Run
--------------------------------  -----  ---------  --------  ----------  --------------  -------------------
/opt/airflow/dags/DAG_scraper.py    111  0.01s             0           1  0.06s           2025-09-23T23:54:14
================================================================================
[2025-09-23T23:55:14.877+0000] {manager.py:878} INFO - 
================================================================================
DAG File Processing Stats

File Path                           PID  Runtime      # DAGs    # Errors  Last Runtime    Last Run
--------------------------------  -----  ---------  --------  ----------  --------------  -------------------
/opt/airflow/dags/DAG_scraper.py    112  0.01s             0           1  0.07s           2025-09-23T23:54:44
================================================================================
[2025-09-23T23:55:45.218+0000] {manager.py:878} INFO - 
================================================================================
DAG File Processing Stats

File Path                           PID  Runtime      # DAGs    # Errors  Last Runtime    Last Run
--------------------------------  -----  ---------  --------  ----------  --------------  -------------------
/opt/airflow/dags/DAG_scraper.py    113  0.01s             0           1  0.08s           2025-09-23T23:55:14
================================================================================
[2025-09-23T23:56:15.596+0000] {manager.py:878} INFO - 
================================================================================
DAG File Processing Stats

File Path                           PID  Runtime      # DAGs    # Errors  Last Runtime    Last Run
--------------------------------  -----  ---------  --------  ----------  --------------  -------------------
/opt/airflow/dags/DAG_scraper.py    114  0.01s             0           1  0.09s           2025-09-23T23:55:45
================================================================================
[2025-09-23T23:56:45.922+0000] {manager.py:878} INFO - 
================================================================================
DAG File Processing Stats

File Path                           PID  Runtime      # DAGs    # Errors  Last Runtime    Last Run
--------------------------------  -----  ---------  --------  ----------  --------------  -------------------
/opt/airflow/dags/DAG_scraper.py    115  0.01s             0           1  0.07s           2025-09-23T23:56:15
================================================================================
[2025-09-23T23:57:16.285+0000] {manager.py:878} INFO - 
================================================================================
DAG File Processing Stats

File Path                           PID  Runtime      # DAGs    # Errors  Last Runtime    Last Run
--------------------------------  -----  ---------  --------  ----------  --------------  -------------------
/opt/airflow/dags/DAG_scraper.py    116  0.02s             0           1  0.07s           2025-09-23T23:56:45
================================================================================
[2025-09-23T23:57:46.658+0000] {manager.py:878} INFO - 
================================================================================
DAG File Processing Stats

File Path                           PID  Runtime      # DAGs    # Errors  Last Runtime    Last Run
--------------------------------  -----  ---------  --------  ----------  --------------  -------------------
/opt/airflow/dags/DAG_scraper.py    117  0.03s             0           1  0.10s           2025-09-23T23:57:16
================================================================================
[2025-09-23T23:58:16.973+0000] {manager.py:878} INFO - 
================================================================================
DAG File Processing Stats

File Path                           PID  Runtime      # DAGs    # Errors  Last Runtime    Last Run
--------------------------------  -----  ---------  --------  ----------  --------------  -------------------
/opt/airflow/dags/DAG_scraper.py    118  0.01s             0           1  0.10s           2025-09-23T23:57:46
================================================================================
[2025-09-23T23:58:21.034+0000] {manager.py:737} INFO - Searching for files in /opt/airflow/dags
[2025-09-23T23:58:21.050+0000] {manager.py:740} INFO - There are 1 files in /opt/airflow/dags
[2025-09-23T23:58:47.349+0000] {manager.py:878} INFO - 
================================================================================
DAG File Processing Stats

File Path                           PID  Runtime      # DAGs    # Errors  Last Runtime    Last Run
--------------------------------  -----  ---------  --------  ----------  --------------  -------------------
/opt/airflow/dags/DAG_scraper.py    119  0.01s             0           1  0.08s           2025-09-23T23:58:17
================================================================================
[2025-09-23T23:59:17.668+0000] {manager.py:878} INFO - 
================================================================================
DAG File Processing Stats

File Path                           PID  Runtime      # DAGs    # Errors  Last Runtime    Last Run
--------------------------------  -----  ---------  --------  ----------  --------------  -------------------
/opt/airflow/dags/DAG_scraper.py    120  0.01s             0           1  0.07s           2025-09-23T23:58:47
================================================================================
[2025-09-23T23:59:48.126+0000] {manager.py:878} INFO - 
================================================================================
DAG File Processing Stats

File Path                           PID  Runtime      # DAGs    # Errors  Last Runtime    Last Run
--------------------------------  -----  ---------  --------  ----------  --------------  -------------------
/opt/airflow/dags/DAG_scraper.py    121  0.02s             0           1  0.08s           2025-09-23T23:59:17
================================================================================
[2025-09-24T00:00:18.475+0000] {manager.py:878} INFO - 
================================================================================
DAG File Processing Stats

File Path                           PID  Runtime      # DAGs    # Errors  Last Runtime    Last Run
--------------------------------  -----  ---------  --------  ----------  --------------  -------------------
/opt/airflow/dags/DAG_scraper.py    122  0.02s             0           1  0.08s           2025-09-23T23:59:48
================================================================================
[2025-09-24T00:00:48.786+0000] {manager.py:878} INFO - 
================================================================================
DAG File Processing Stats

File Path                           PID  Runtime      # DAGs    # Errors  Last Runtime    Last Run
--------------------------------  -----  ---------  --------  ----------  --------------  -------------------
/opt/airflow/dags/DAG_scraper.py    123  0.02s             0           1  0.09s           2025-09-24T00:00:18
================================================================================
[2025-09-24T00:01:19.097+0000] {manager.py:878} INFO - 
================================================================================
DAG File Processing Stats

File Path                           PID  Runtime      # DAGs    # Errors  Last Runtime    Last Run
--------------------------------  -----  ---------  --------  ----------  --------------  -------------------
/opt/airflow/dags/DAG_scraper.py    124  0.02s             0           1  0.07s           2025-09-24T00:00:48
================================================================================
[2025-09-24T00:01:49.451+0000] {manager.py:878} INFO - 
================================================================================
DAG File Processing Stats

File Path                           PID  Runtime      # DAGs    # Errors  Last Runtime    Last Run
--------------------------------  -----  ---------  --------  ----------  --------------  -------------------
/opt/airflow/dags/DAG_scraper.py    125  0.01s             0           1  0.08s           2025-09-24T00:01:19
================================================================================
[2025-09-24T00:02:19.782+0000] {manager.py:878} INFO - 
================================================================================
DAG File Processing Stats

File Path                           PID  Runtime      # DAGs    # Errors  Last Runtime    Last Run
--------------------------------  -----  ---------  --------  ----------  --------------  -------------------
/opt/airflow/dags/DAG_scraper.py    126  0.01s             0           1  0.08s           2025-09-24T00:01:49
================================================================================
[2025-09-24T00:02:50.152+0000] {manager.py:878} INFO - 
================================================================================
DAG File Processing Stats

File Path                           PID  Runtime      # DAGs    # Errors  Last Runtime    Last Run
--------------------------------  -----  ---------  --------  ----------  --------------  -------------------
/opt/airflow/dags/DAG_scraper.py    127  0.03s             0           1  0.07s           2025-09-24T00:02:19
================================================================================
[2025-09-24T00:03:20.467+0000] {manager.py:878} INFO - 
================================================================================
DAG File Processing Stats

File Path                           PID  Runtime      # DAGs    # Errors  Last Runtime    Last Run
--------------------------------  -----  ---------  --------  ----------  --------------  -------------------
/opt/airflow/dags/DAG_scraper.py    128  0.01s             0           1  0.08s           2025-09-24T00:02:50
================================================================================
[2025-09-24T00:03:21.484+0000] {manager.py:737} INFO - Searching for files in /opt/airflow/dags
[2025-09-24T00:03:21.506+0000] {manager.py:740} INFO - There are 1 files in /opt/airflow/dags
[2025-09-24T00:03:50.836+0000] {manager.py:878} INFO - 
================================================================================
DAG File Processing Stats

File Path                           PID  Runtime      # DAGs    # Errors  Last Runtime    Last Run
--------------------------------  -----  ---------  --------  ----------  --------------  -------------------
/opt/airflow/dags/DAG_scraper.py    129  0.02s             0           1  0.07s           2025-09-24T00:03:20
================================================================================
[2025-09-24T00:04:21.190+0000] {manager.py:878} INFO - 
================================================================================
DAG File Processing Stats

File Path                           PID  Runtime      # DAGs    # Errors  Last Runtime    Last Run
--------------------------------  -----  ---------  --------  ----------  --------------  -------------------
/opt/airflow/dags/DAG_scraper.py    130  0.01s             0           1  0.09s           2025-09-24T00:03:50
================================================================================
[2025-09-24T00:04:51.521+0000] {manager.py:878} INFO - 
================================================================================
DAG File Processing Stats

File Path                           PID  Runtime      # DAGs    # Errors  Last Runtime    Last Run
--------------------------------  -----  ---------  --------  ----------  --------------  -------------------
/opt/airflow/dags/DAG_scraper.py    131  0.01s             0           1  0.07s           2025-09-24T00:04:21
================================================================================
[2025-09-24T00:05:21.839+0000] {manager.py:878} INFO - 
================================================================================
DAG File Processing Stats

File Path                           PID  Runtime      # DAGs    # Errors  Last Runtime    Last Run
--------------------------------  -----  ---------  --------  ----------  --------------  -------------------
/opt/airflow/dags/DAG_scraper.py    132  0.02s             0           1  0.08s           2025-09-24T00:04:51
================================================================================
[2025-09-24T00:05:52.196+0000] {manager.py:878} INFO - 
================================================================================
DAG File Processing Stats

File Path                           PID  Runtime      # DAGs    # Errors  Last Runtime    Last Run
--------------------------------  -----  ---------  --------  ----------  --------------  -------------------
/opt/airflow/dags/DAG_scraper.py    133  0.02s             0           1  0.07s           2025-09-24T00:05:21
================================================================================
[2025-09-24T00:06:22.524+0000] {manager.py:878} INFO - 
================================================================================
DAG File Processing Stats

File Path                           PID  Runtime      # DAGs    # Errors  Last Runtime    Last Run
--------------------------------  -----  ---------  --------  ----------  --------------  -------------------
/opt/airflow/dags/DAG_scraper.py    134  0.02s             0           1  0.08s           2025-09-24T00:05:52
================================================================================
[2025-09-24T00:06:52.835+0000] {manager.py:878} INFO - 
================================================================================
DAG File Processing Stats

File Path                           PID  Runtime      # DAGs    # Errors  Last Runtime    Last Run
--------------------------------  -----  ---------  --------  ----------  --------------  -------------------
/opt/airflow/dags/DAG_scraper.py    135  0.02s             0           1  0.09s           2025-09-24T00:06:22
================================================================================
[2025-09-24T00:07:23.117+0000] {manager.py:878} INFO - 
================================================================================
DAG File Processing Stats

File Path                           PID  Runtime      # DAGs    # Errors  Last Runtime    Last Run
--------------------------------  -----  ---------  --------  ----------  --------------  -------------------
/opt/airflow/dags/DAG_scraper.py    136  0.01s             0           1  0.08s           2025-09-24T00:06:52
================================================================================
[2025-09-24T00:07:53.423+0000] {manager.py:878} INFO - 
================================================================================
DAG File Processing Stats

File Path                           PID  Runtime      # DAGs    # Errors  Last Runtime    Last Run
--------------------------------  -----  ---------  --------  ----------  --------------  -------------------
/opt/airflow/dags/DAG_scraper.py    137  0.01s             0           1  0.09s           2025-09-24T00:07:23
================================================================================
[2025-09-24T00:08:01.813+0000] {manager.py:452} INFO - Exiting gracefully upon receiving signal 15
[2025-09-24T00:08:41.430+0000] {manager.py:470} INFO - Processing files using up to 2 processes at a time 
[2025-09-24T00:08:41.431+0000] {manager.py:471} INFO - Process each file at most once every 30 seconds
[2025-09-24T00:08:41.431+0000] {manager.py:472} INFO - Checking for new files in /opt/airflow/dags every 300 seconds
[2025-09-24T00:08:41.431+0000] {manager.py:737} INFO - Searching for files in /opt/airflow/dags
[2025-09-24T00:08:41.439+0000] {manager.py:740} INFO - There are 1 files in /opt/airflow/dags
[2025-09-24T00:08:41.486+0000] {manager.py:878} INFO - 
================================================================================
DAG File Processing Stats

File Path                           PID  Runtime      # DAGs    # Errors  Last Runtime    Last Run
--------------------------------  -----  ---------  --------  ----------  --------------  ----------
/opt/airflow/dags/DAG_scraper.py     29  0.02s             0           0
================================================================================
[2025-09-24T00:09:11.773+0000] {manager.py:878} INFO - 
================================================================================
DAG File Processing Stats

File Path                           PID  Runtime      # DAGs    # Errors  Last Runtime    Last Run
--------------------------------  -----  ---------  --------  ----------  --------------  -------------------
/opt/airflow/dags/DAG_scraper.py     30  0.04s             0           1  0.04s           2025-09-24T00:08:41
================================================================================
[2025-09-24T00:09:42.113+0000] {manager.py:878} INFO - 
================================================================================
DAG File Processing Stats

File Path                           PID  Runtime      # DAGs    # Errors  Last Runtime    Last Run
--------------------------------  -----  ---------  --------  ----------  --------------  -------------------
/opt/airflow/dags/DAG_scraper.py     31  0.01s             0           1  0.12s           2025-09-24T00:09:11
================================================================================
[2025-09-24T00:10:12.465+0000] {manager.py:878} INFO - 
================================================================================
DAG File Processing Stats

File Path                           PID  Runtime      # DAGs    # Errors  Last Runtime    Last Run
--------------------------------  -----  ---------  --------  ----------  --------------  -------------------
/opt/airflow/dags/DAG_scraper.py     32  0.02s             0           1  0.09s           2025-09-24T00:09:42
================================================================================
[2025-09-24T00:10:42.798+0000] {manager.py:878} INFO - 
================================================================================
DAG File Processing Stats

File Path                           PID  Runtime      # DAGs    # Errors  Last Runtime    Last Run
--------------------------------  -----  ---------  --------  ----------  --------------  -------------------
/opt/airflow/dags/DAG_scraper.py     33  0.00s             0           1  0.10s           2025-09-24T00:10:12
================================================================================
[2025-09-24T00:11:13.152+0000] {manager.py:878} INFO - 
================================================================================
DAG File Processing Stats

File Path                           PID  Runtime      # DAGs    # Errors  Last Runtime    Last Run
--------------------------------  -----  ---------  --------  ----------  --------------  -------------------
/opt/airflow/dags/DAG_scraper.py     34  0.02s             0           1  0.06s           2025-09-24T00:10:42
================================================================================
[2025-09-24T00:11:43.459+0000] {manager.py:878} INFO - 
================================================================================
DAG File Processing Stats

File Path                           PID  Runtime      # DAGs    # Errors  Last Runtime    Last Run
--------------------------------  -----  ---------  --------  ----------  --------------  -------------------
/opt/airflow/dags/DAG_scraper.py     35  0.01s             0           1  0.09s           2025-09-24T00:11:13
================================================================================
[2025-09-24T00:12:13.811+0000] {manager.py:878} INFO - 
================================================================================
DAG File Processing Stats

File Path                           PID  Runtime      # DAGs    # Errors  Last Runtime    Last Run
--------------------------------  -----  ---------  --------  ----------  --------------  -------------------
/opt/airflow/dags/DAG_scraper.py     36  0.02s             0           1  0.08s           2025-09-24T00:11:43
================================================================================
[2025-09-24T00:12:44.169+0000] {manager.py:878} INFO - 
================================================================================
DAG File Processing Stats

File Path                           PID  Runtime      # DAGs    # Errors  Last Runtime    Last Run
--------------------------------  -----  ---------  --------  ----------  --------------  -------------------
/opt/airflow/dags/DAG_scraper.py     37  0.02s             0           1  0.08s           2025-09-24T00:12:13
================================================================================
[2025-09-24T00:13:14.483+0000] {manager.py:878} INFO - 
================================================================================
DAG File Processing Stats

File Path                           PID  Runtime      # DAGs    # Errors  Last Runtime    Last Run
--------------------------------  -----  ---------  --------  ----------  --------------  -------------------
/opt/airflow/dags/DAG_scraper.py     38  0.02s             0           1  0.07s           2025-09-24T00:12:44
================================================================================
[2025-09-24T00:13:41.728+0000] {manager.py:737} INFO - Searching for files in /opt/airflow/dags
[2025-09-24T00:13:41.752+0000] {manager.py:740} INFO - There are 1 files in /opt/airflow/dags
[2025-09-24T00:13:44.831+0000] {manager.py:878} INFO - 
================================================================================
DAG File Processing Stats

File Path                           PID  Runtime      # DAGs    # Errors  Last Runtime    Last Run
--------------------------------  -----  ---------  --------  ----------  --------------  -------------------
/opt/airflow/dags/DAG_scraper.py     39  0.02s             0           1  0.09s           2025-09-24T00:13:14
================================================================================
[2025-09-24T00:14:15.224+0000] {manager.py:878} INFO - 
================================================================================
DAG File Processing Stats

File Path                           PID  Runtime      # DAGs    # Errors  Last Runtime    Last Run
--------------------------------  -----  ---------  --------  ----------  --------------  -------------------
/opt/airflow/dags/DAG_scraper.py     40  0.02s             0           1  0.08s           2025-09-24T00:13:44
================================================================================
[2025-09-24T00:14:45.522+0000] {manager.py:878} INFO - 
================================================================================
DAG File Processing Stats

File Path                           PID  Runtime      # DAGs    # Errors  Last Runtime    Last Run
--------------------------------  -----  ---------  --------  ----------  --------------  -------------------
/opt/airflow/dags/DAG_scraper.py     41  0.01s             0           1  0.14s           2025-09-24T00:14:15
================================================================================
[2025-09-24T00:15:15.837+0000] {manager.py:878} INFO - 
================================================================================
DAG File Processing Stats

File Path                           PID  Runtime      # DAGs    # Errors  Last Runtime    Last Run
--------------------------------  -----  ---------  --------  ----------  --------------  -------------------
/opt/airflow/dags/DAG_scraper.py     42  0.01s             0           1  0.04s           2025-09-24T00:14:45
================================================================================
[2025-09-24T00:15:46.192+0000] {manager.py:878} INFO - 
================================================================================
DAG File Processing Stats

File Path                           PID  Runtime      # DAGs    # Errors  Last Runtime    Last Run
--------------------------------  -----  ---------  --------  ----------  --------------  -------------------
/opt/airflow/dags/DAG_scraper.py     43  0.01s             0           1  0.08s           2025-09-24T00:15:15
================================================================================
[2025-09-24T00:16:16.530+0000] {manager.py:878} INFO - 
================================================================================
DAG File Processing Stats

File Path                           PID  Runtime      # DAGs    # Errors  Last Runtime    Last Run
--------------------------------  -----  ---------  --------  ----------  --------------  -------------------
/opt/airflow/dags/DAG_scraper.py     44  0.01s             0           1  0.06s           2025-09-24T00:15:46
================================================================================
[2025-09-24T00:16:46.908+0000] {manager.py:878} INFO - 
================================================================================
DAG File Processing Stats

File Path                           PID  Runtime      # DAGs    # Errors  Last Runtime    Last Run
--------------------------------  -----  ---------  --------  ----------  --------------  -------------------
/opt/airflow/dags/DAG_scraper.py     45  0.02s             0           1  0.08s           2025-09-24T00:16:16
================================================================================
[2025-09-24T00:17:17.254+0000] {manager.py:878} INFO - 
================================================================================
DAG File Processing Stats

File Path                           PID  Runtime      # DAGs    # Errors  Last Runtime    Last Run
--------------------------------  -----  ---------  --------  ----------  --------------  -------------------
/opt/airflow/dags/DAG_scraper.py     46  0.01s             0           1  0.08s           2025-09-24T00:16:46
================================================================================
[2025-09-24T00:17:47.596+0000] {manager.py:878} INFO - 
================================================================================
DAG File Processing Stats

File Path                           PID  Runtime      # DAGs    # Errors  Last Runtime    Last Run
--------------------------------  -----  ---------  --------  ----------  --------------  -------------------
/opt/airflow/dags/DAG_scraper.py     47  0.01s             0           1  0.10s           2025-09-24T00:17:17
================================================================================
[2025-09-24T00:18:17.956+0000] {manager.py:878} INFO - 
================================================================================
DAG File Processing Stats

File Path                           PID  Runtime      # DAGs    # Errors  Last Runtime    Last Run
--------------------------------  -----  ---------  --------  ----------  --------------  -------------------
/opt/airflow/dags/DAG_scraper.py     48  0.01s             0           1  0.08s           2025-09-24T00:17:47
================================================================================
[2025-09-24T00:18:42.183+0000] {manager.py:737} INFO - Searching for files in /opt/airflow/dags
[2025-09-24T00:18:42.207+0000] {manager.py:740} INFO - There are 1 files in /opt/airflow/dags
[2025-09-24T00:18:48.293+0000] {manager.py:878} INFO - 
================================================================================
DAG File Processing Stats

File Path                           PID  Runtime      # DAGs    # Errors  Last Runtime    Last Run
--------------------------------  -----  ---------  --------  ----------  --------------  -------------------
/opt/airflow/dags/DAG_scraper.py     49  0.01s             0           1  0.06s           2025-09-24T00:18:18
================================================================================
[2025-09-24T00:19:18.606+0000] {manager.py:878} INFO - 
================================================================================
DAG File Processing Stats

File Path                           PID  Runtime      # DAGs    # Errors  Last Runtime    Last Run
--------------------------------  -----  ---------  --------  ----------  --------------  -------------------
/opt/airflow/dags/DAG_scraper.py     50  0.01s             0           1  0.08s           2025-09-24T00:18:48
================================================================================
[2025-09-24T00:19:48.938+0000] {manager.py:878} INFO - 
================================================================================
DAG File Processing Stats

File Path                           PID  Runtime      # DAGs    # Errors  Last Runtime    Last Run
--------------------------------  -----  ---------  --------  ----------  --------------  -------------------
/opt/airflow/dags/DAG_scraper.py     51  0.01s             0           1  0.12s           2025-09-24T00:19:18
================================================================================
[2025-09-24T00:20:19.332+0000] {manager.py:878} INFO - 
================================================================================
DAG File Processing Stats

File Path                           PID  Runtime      # DAGs    # Errors  Last Runtime    Last Run
--------------------------------  -----  ---------  --------  ----------  --------------  -------------------
/opt/airflow/dags/DAG_scraper.py     52  0.02s             0           1  0.08s           2025-09-24T00:19:49
================================================================================
[2025-09-24T00:20:49.666+0000] {manager.py:878} INFO - 
================================================================================
DAG File Processing Stats

File Path                           PID  Runtime      # DAGs    # Errors  Last Runtime    Last Run
--------------------------------  -----  ---------  --------  ----------  --------------  -------------------
/opt/airflow/dags/DAG_scraper.py     53  0.02s             0           1  0.08s           2025-09-24T00:20:19
================================================================================
[2025-09-24T00:21:19.995+0000] {manager.py:878} INFO - 
================================================================================
DAG File Processing Stats

File Path                           PID  Runtime      # DAGs    # Errors  Last Runtime    Last Run
--------------------------------  -----  ---------  --------  ----------  --------------  -------------------
/opt/airflow/dags/DAG_scraper.py     54  0.01s             0           1  0.07s           2025-09-24T00:20:49
================================================================================
[2025-09-24T00:21:50.357+0000] {manager.py:878} INFO - 
================================================================================
DAG File Processing Stats

File Path                           PID  Runtime      # DAGs    # Errors  Last Runtime    Last Run
--------------------------------  -----  ---------  --------  ----------  --------------  -------------------
/opt/airflow/dags/DAG_scraper.py     55  0.02s             0           1  0.08s           2025-09-24T00:21:20
================================================================================
[2025-09-24T00:22:20.781+0000] {manager.py:878} INFO - 
================================================================================
DAG File Processing Stats

File Path                           PID  Runtime      # DAGs    # Errors  Last Runtime    Last Run
--------------------------------  -----  ---------  --------  ----------  --------------  -------------------
/opt/airflow/dags/DAG_scraper.py     56  0.02s             0           1  0.10s           2025-09-24T00:21:50
================================================================================
[2025-09-24T00:22:51.121+0000] {manager.py:878} INFO - 
================================================================================
DAG File Processing Stats

File Path                           PID  Runtime      # DAGs    # Errors  Last Runtime    Last Run
--------------------------------  -----  ---------  --------  ----------  --------------  -------------------
/opt/airflow/dags/DAG_scraper.py     57  0.01s             0           1  0.09s           2025-09-24T00:22:20
================================================================================
[2025-09-24T00:23:21.474+0000] {manager.py:878} INFO - 
================================================================================
DAG File Processing Stats

File Path                           PID  Runtime      # DAGs    # Errors  Last Runtime    Last Run
--------------------------------  -----  ---------  --------  ----------  --------------  -------------------
/opt/airflow/dags/DAG_scraper.py     58  0.01s             0           1  0.06s           2025-09-24T00:22:51
================================================================================
[2025-09-24T00:23:42.670+0000] {manager.py:737} INFO - Searching for files in /opt/airflow/dags
[2025-09-24T00:23:42.692+0000] {manager.py:740} INFO - There are 1 files in /opt/airflow/dags
[2025-09-24T00:23:51.876+0000] {manager.py:878} INFO - 
================================================================================
DAG File Processing Stats

File Path                           PID  Runtime      # DAGs    # Errors  Last Runtime    Last Run
--------------------------------  -----  ---------  --------  ----------  --------------  -------------------
/opt/airflow/dags/DAG_scraper.py     59  0.02s             0           1  0.08s           2025-09-24T00:23:21
================================================================================
[2025-09-24T00:24:22.296+0000] {manager.py:878} INFO - 
================================================================================
DAG File Processing Stats

File Path                           PID  Runtime      # DAGs    # Errors  Last Runtime    Last Run
--------------------------------  -----  ---------  --------  ----------  --------------  -------------------
/opt/airflow/dags/DAG_scraper.py     60  0.02s             0           1  0.11s           2025-09-24T00:23:51
================================================================================
[2025-09-24T00:24:52.623+0000] {manager.py:878} INFO - 
================================================================================
DAG File Processing Stats

File Path                           PID  Runtime      # DAGs    # Errors  Last Runtime    Last Run
--------------------------------  -----  ---------  --------  ----------  --------------  -------------------
/opt/airflow/dags/DAG_scraper.py     61  0.01s             0           1  0.10s           2025-09-24T00:24:22
================================================================================
[2025-09-24T00:25:22.955+0000] {manager.py:878} INFO - 
================================================================================
DAG File Processing Stats

File Path                           PID  Runtime      # DAGs    # Errors  Last Runtime    Last Run
--------------------------------  -----  ---------  --------  ----------  --------------  -------------------
/opt/airflow/dags/DAG_scraper.py     62  0.01s             0           1  0.08s           2025-09-24T00:24:52
================================================================================
[2025-09-24T00:25:53.358+0000] {manager.py:878} INFO - 
================================================================================
DAG File Processing Stats

File Path                           PID  Runtime      # DAGs    # Errors  Last Runtime    Last Run
--------------------------------  -----  ---------  --------  ----------  --------------  -------------------
/opt/airflow/dags/DAG_scraper.py     63  0.02s             0           1  0.09s           2025-09-24T00:25:23
================================================================================
[2025-09-24T00:26:23.706+0000] {manager.py:878} INFO - 
================================================================================
DAG File Processing Stats

File Path                           PID  Runtime      # DAGs    # Errors  Last Runtime    Last Run
--------------------------------  -----  ---------  --------  ----------  --------------  -------------------
/opt/airflow/dags/DAG_scraper.py     64  0.01s             0           1  0.10s           2025-09-24T00:25:53
================================================================================
[2025-09-24T00:26:54.130+0000] {manager.py:878} INFO - 
================================================================================
DAG File Processing Stats

File Path                           PID  Runtime      # DAGs    # Errors  Last Runtime    Last Run
--------------------------------  -----  ---------  --------  ----------  --------------  -------------------
/opt/airflow/dags/DAG_scraper.py     65  0.02s             0           1  0.07s           2025-09-24T00:26:23
================================================================================
[2025-09-24T00:27:24.476+0000] {manager.py:878} INFO - 
================================================================================
DAG File Processing Stats

File Path                           PID  Runtime      # DAGs    # Errors  Last Runtime    Last Run
--------------------------------  -----  ---------  --------  ----------  --------------  -------------------
/opt/airflow/dags/DAG_scraper.py     66  0.02s             0           1  0.08s           2025-09-24T00:26:54
================================================================================
[2025-09-24T00:27:54.866+0000] {manager.py:878} INFO - 
================================================================================
DAG File Processing Stats

File Path                           PID  Runtime      # DAGs    # Errors  Last Runtime    Last Run
--------------------------------  -----  ---------  --------  ----------  --------------  -------------------
/opt/airflow/dags/DAG_scraper.py     67  0.03s             0           1  0.08s           2025-09-24T00:27:24
================================================================================
[2025-09-24T00:28:25.192+0000] {manager.py:878} INFO - 
================================================================================
DAG File Processing Stats

File Path                           PID  Runtime      # DAGs    # Errors  Last Runtime    Last Run
--------------------------------  -----  ---------  --------  ----------  --------------  -------------------
/opt/airflow/dags/DAG_scraper.py     68  0.02s             0           1  0.10s           2025-09-24T00:27:54
================================================================================
[2025-09-24T00:28:43.363+0000] {manager.py:737} INFO - Searching for files in /opt/airflow/dags
[2025-09-24T00:28:43.387+0000] {manager.py:740} INFO - There are 1 files in /opt/airflow/dags
[2025-09-24T00:28:55.550+0000] {manager.py:878} INFO - 
================================================================================
DAG File Processing Stats

File Path                           PID  Runtime      # DAGs    # Errors  Last Runtime    Last Run
--------------------------------  -----  ---------  --------  ----------  --------------  -------------------
/opt/airflow/dags/DAG_scraper.py     69  0.02s             0           1  0.08s           2025-09-24T00:28:25
================================================================================
[2025-09-24T00:29:25.860+0000] {manager.py:878} INFO - 
================================================================================
DAG File Processing Stats

File Path                           PID  Runtime      # DAGs    # Errors  Last Runtime    Last Run
--------------------------------  -----  ---------  --------  ----------  --------------  -------------------
/opt/airflow/dags/DAG_scraper.py     70  0.02s             0           1  0.07s           2025-09-24T00:28:55
================================================================================
[2025-09-24T00:29:34.329+0000] {manager.py:452} INFO - Exiting gracefully upon receiving signal 15
[2025-09-24T08:40:39.602+0000] {manager.py:470} INFO - Processing files using up to 2 processes at a time 
[2025-09-24T08:40:39.603+0000] {manager.py:471} INFO - Process each file at most once every 30 seconds
[2025-09-24T08:40:39.603+0000] {manager.py:472} INFO - Checking for new files in /opt/airflow/dags every 300 seconds
[2025-09-24T08:40:39.603+0000] {manager.py:737} INFO - Searching for files in /opt/airflow/dags
[2025-09-24T08:40:39.607+0000] {manager.py:740} INFO - There are 1 files in /opt/airflow/dags
[2025-09-24T08:40:39.643+0000] {manager.py:878} INFO - 
================================================================================
DAG File Processing Stats

File Path                           PID  Runtime      # DAGs    # Errors  Last Runtime    Last Run
--------------------------------  -----  ---------  --------  ----------  --------------  ----------
/opt/airflow/dags/DAG_scraper.py     29  0.02s             0           0
================================================================================
[2025-09-24T08:41:09.857+0000] {manager.py:878} INFO - 
================================================================================
DAG File Processing Stats

File Path                           PID  Runtime      # DAGs    # Errors  Last Runtime    Last Run
--------------------------------  -----  ---------  --------  ----------  --------------  -------------------
/opt/airflow/dags/DAG_scraper.py     30  0.01s             0           1  0.03s           2025-09-24T08:40:39
================================================================================
[2025-09-24T08:41:40.131+0000] {manager.py:878} INFO - 
================================================================================
DAG File Processing Stats

File Path                           PID  Runtime      # DAGs    # Errors  Last Runtime    Last Run
--------------------------------  -----  ---------  --------  ----------  --------------  -------------------
/opt/airflow/dags/DAG_scraper.py     31  0.01s             0           1  0.05s           2025-09-24T08:41:09
================================================================================
[2025-09-24T08:42:10.420+0000] {manager.py:878} INFO - 
================================================================================
DAG File Processing Stats

File Path                           PID  Runtime      # DAGs    # Errors  Last Runtime    Last Run
--------------------------------  -----  ---------  --------  ----------  --------------  -------------------
/opt/airflow/dags/DAG_scraper.py     32  0.01s             0           1  0.07s           2025-09-24T08:41:40
================================================================================
[2025-09-24T08:42:40.629+0000] {manager.py:878} INFO - 
================================================================================
DAG File Processing Stats

File Path                           PID  Runtime      # DAGs    # Errors  Last Runtime    Last Run
--------------------------------  -----  ---------  --------  ----------  --------------  -------------------
/opt/airflow/dags/DAG_scraper.py     33  0.00s             0           1  0.08s           2025-09-24T08:42:10
================================================================================
[2025-09-24T08:43:10.935+0000] {manager.py:878} INFO - 
================================================================================
DAG File Processing Stats

File Path                           PID  Runtime      # DAGs    # Errors  Last Runtime    Last Run
--------------------------------  -----  ---------  --------  ----------  --------------  -------------------
/opt/airflow/dags/DAG_scraper.py     34  0.00s             0           1  0.04s           2025-09-24T08:42:40
================================================================================
[2025-09-24T08:43:41.247+0000] {manager.py:878} INFO - 
================================================================================
DAG File Processing Stats

File Path                           PID  Runtime      # DAGs    # Errors  Last Runtime    Last Run
--------------------------------  -----  ---------  --------  ----------  --------------  -------------------
/opt/airflow/dags/DAG_scraper.py     35  0.01s             0           1  0.06s           2025-09-24T08:43:10
================================================================================
[2025-09-24T08:44:11.589+0000] {manager.py:878} INFO - 
================================================================================
DAG File Processing Stats

File Path                           PID  Runtime      # DAGs    # Errors  Last Runtime    Last Run
--------------------------------  -----  ---------  --------  ----------  --------------  -------------------
/opt/airflow/dags/DAG_scraper.py     36  0.01s             0           1  0.06s           2025-09-24T08:43:41
================================================================================
[2025-09-24T08:44:41.908+0000] {manager.py:878} INFO - 
================================================================================
DAG File Processing Stats

File Path                           PID  Runtime      # DAGs    # Errors  Last Runtime    Last Run
--------------------------------  -----  ---------  --------  ----------  --------------  -------------------
/opt/airflow/dags/DAG_scraper.py     37  0.01s             0           1  0.06s           2025-09-24T08:44:11
================================================================================
[2025-09-24T08:45:12.228+0000] {manager.py:878} INFO - 
================================================================================
DAG File Processing Stats

File Path                           PID  Runtime      # DAGs    # Errors  Last Runtime    Last Run
--------------------------------  -----  ---------  --------  ----------  --------------  -------------------
/opt/airflow/dags/DAG_scraper.py     38  0.01s             0           1  0.05s           2025-09-24T08:44:41
================================================================================
[2025-09-24T08:45:40.493+0000] {manager.py:737} INFO - Searching for files in /opt/airflow/dags
[2025-09-24T08:45:40.509+0000] {manager.py:740} INFO - There are 1 files in /opt/airflow/dags
[2025-09-24T08:45:42.563+0000] {manager.py:878} INFO - 
================================================================================
DAG File Processing Stats

File Path                           PID  Runtime      # DAGs    # Errors  Last Runtime    Last Run
--------------------------------  -----  ---------  --------  ----------  --------------  -------------------
/opt/airflow/dags/DAG_scraper.py     39  0.01s             0           1  0.08s           2025-09-24T08:45:12
================================================================================
[2025-09-24T08:46:12.810+0000] {manager.py:878} INFO - 
================================================================================
DAG File Processing Stats

File Path                           PID  Runtime      # DAGs    # Errors  Last Runtime    Last Run
--------------------------------  -----  ---------  --------  ----------  --------------  -------------------
/opt/airflow/dags/DAG_scraper.py     40  0.01s             0           1  0.06s           2025-09-24T08:45:42
================================================================================
[2025-09-24T08:46:43.157+0000] {manager.py:878} INFO - 
================================================================================
DAG File Processing Stats

File Path                           PID  Runtime      # DAGs    # Errors  Last Runtime    Last Run
--------------------------------  -----  ---------  --------  ----------  --------------  -------------------
/opt/airflow/dags/DAG_scraper.py     41  0.01s             0           1  0.07s           2025-09-24T08:46:12
================================================================================
[2025-09-24T08:47:13.552+0000] {manager.py:878} INFO - 
================================================================================
DAG File Processing Stats

File Path                           PID  Runtime      # DAGs    # Errors  Last Runtime    Last Run
--------------------------------  -----  ---------  --------  ----------  --------------  -------------------
/opt/airflow/dags/DAG_scraper.py     42  0.01s             0           1  0.05s           2025-09-24T08:46:43
================================================================================
[2025-09-24T08:47:43.882+0000] {manager.py:878} INFO - 
================================================================================
DAG File Processing Stats

File Path                           PID  Runtime      # DAGs    # Errors  Last Runtime    Last Run
--------------------------------  -----  ---------  --------  ----------  --------------  -------------------
/opt/airflow/dags/DAG_scraper.py     43  0.01s             0           1  0.08s           2025-09-24T08:47:13
================================================================================
[2025-09-24T08:48:14.222+0000] {manager.py:878} INFO - 
================================================================================
DAG File Processing Stats

File Path                           PID  Runtime      # DAGs    # Errors  Last Runtime    Last Run
--------------------------------  -----  ---------  --------  ----------  --------------  -------------------
/opt/airflow/dags/DAG_scraper.py     44  0.01s             0           1  0.07s           2025-09-24T08:47:43
================================================================================
[2025-09-24T08:48:44.518+0000] {manager.py:878} INFO - 
================================================================================
DAG File Processing Stats

File Path                           PID  Runtime      # DAGs    # Errors  Last Runtime    Last Run
--------------------------------  -----  ---------  --------  ----------  --------------  -------------------
/opt/airflow/dags/DAG_scraper.py     45  0.01s             0           1  0.08s           2025-09-24T08:48:14
================================================================================
[2025-09-24T08:49:14.821+0000] {manager.py:878} INFO - 
================================================================================
DAG File Processing Stats

File Path                           PID  Runtime      # DAGs    # Errors  Last Runtime    Last Run
--------------------------------  -----  ---------  --------  ----------  --------------  -------------------
/opt/airflow/dags/DAG_scraper.py     46  0.01s             0           1  0.05s           2025-09-24T08:48:44
================================================================================
[2025-09-24T08:49:45.120+0000] {manager.py:878} INFO - 
================================================================================
DAG File Processing Stats

File Path                           PID  Runtime      # DAGs    # Errors  Last Runtime    Last Run
--------------------------------  -----  ---------  --------  ----------  --------------  -------------------
/opt/airflow/dags/DAG_scraper.py     47  0.01s             0           1  0.06s           2025-09-24T08:49:14
================================================================================
[2025-09-24T08:50:15.375+0000] {manager.py:878} INFO - 
================================================================================
DAG File Processing Stats

File Path                           PID  Runtime      # DAGs    # Errors  Last Runtime    Last Run
--------------------------------  -----  ---------  --------  ----------  --------------  -------------------
/opt/airflow/dags/DAG_scraper.py     48  0.01s             0           1  0.05s           2025-09-24T08:49:45
================================================================================
[2025-09-24T08:50:40.602+0000] {manager.py:737} INFO - Searching for files in /opt/airflow/dags
[2025-09-24T08:50:40.623+0000] {manager.py:740} INFO - There are 1 files in /opt/airflow/dags
[2025-09-24T08:50:45.690+0000] {manager.py:878} INFO - 
================================================================================
DAG File Processing Stats

File Path                           PID  Runtime      # DAGs    # Errors  Last Runtime    Last Run
--------------------------------  -----  ---------  --------  ----------  --------------  -------------------
/opt/airflow/dags/DAG_scraper.py     49  0.01s             0           1  0.05s           2025-09-24T08:50:15
================================================================================
[2025-09-24T08:51:15.965+0000] {manager.py:878} INFO - 
================================================================================
DAG File Processing Stats

File Path                           PID  Runtime      # DAGs    # Errors  Last Runtime    Last Run
--------------------------------  -----  ---------  --------  ----------  --------------  -------------------
/opt/airflow/dags/DAG_scraper.py     50  0.01s             0           1  0.04s           2025-09-24T08:50:45
================================================================================
[2025-09-24T08:51:46.260+0000] {manager.py:878} INFO - 
================================================================================
DAG File Processing Stats

File Path                           PID  Runtime      # DAGs    # Errors  Last Runtime    Last Run
--------------------------------  -----  ---------  --------  ----------  --------------  -------------------
/opt/airflow/dags/DAG_scraper.py     51  0.01s             0           1  0.05s           2025-09-24T08:51:16
================================================================================
[2025-09-24T08:52:16.564+0000] {manager.py:878} INFO - 
================================================================================
DAG File Processing Stats

File Path                           PID  Runtime      # DAGs    # Errors  Last Runtime    Last Run
--------------------------------  -----  ---------  --------  ----------  --------------  -------------------
/opt/airflow/dags/DAG_scraper.py     52  0.01s             0           1  0.07s           2025-09-24T08:51:46
================================================================================
[2025-09-24T08:52:46.879+0000] {manager.py:878} INFO - 
================================================================================
DAG File Processing Stats

File Path                           PID  Runtime      # DAGs    # Errors  Last Runtime    Last Run
--------------------------------  -----  ---------  --------  ----------  --------------  -------------------
/opt/airflow/dags/DAG_scraper.py     53  0.01s             0           1  0.07s           2025-09-24T08:52:16
================================================================================
[2025-09-24T08:53:17.211+0000] {manager.py:878} INFO - 
================================================================================
DAG File Processing Stats

File Path                           PID  Runtime      # DAGs    # Errors  Last Runtime    Last Run
--------------------------------  -----  ---------  --------  ----------  --------------  -------------------
/opt/airflow/dags/DAG_scraper.py     54  0.01s             0           1  0.07s           2025-09-24T08:52:46
================================================================================
[2025-09-24T08:53:47.514+0000] {manager.py:878} INFO - 
================================================================================
DAG File Processing Stats

File Path                           PID  Runtime      # DAGs    # Errors  Last Runtime    Last Run
--------------------------------  -----  ---------  --------  ----------  --------------  -------------------
/opt/airflow/dags/DAG_scraper.py     55  0.01s             0           1  0.07s           2025-09-24T08:53:17
================================================================================
[2025-09-24T08:54:17.827+0000] {manager.py:878} INFO - 
================================================================================
DAG File Processing Stats

File Path                           PID  Runtime      # DAGs    # Errors  Last Runtime    Last Run
--------------------------------  -----  ---------  --------  ----------  --------------  -------------------
/opt/airflow/dags/DAG_scraper.py     56  0.01s             0           1  0.05s           2025-09-24T08:53:47
================================================================================
[2025-09-24T08:54:48.117+0000] {manager.py:878} INFO - 
================================================================================
DAG File Processing Stats

File Path                           PID  Runtime      # DAGs    # Errors  Last Runtime    Last Run
--------------------------------  -----  ---------  --------  ----------  --------------  -------------------
/opt/airflow/dags/DAG_scraper.py     57  0.01s             0           1  0.10s           2025-09-24T08:54:17
================================================================================
[2025-09-24T08:55:18.438+0000] {manager.py:878} INFO - 
================================================================================
DAG File Processing Stats

File Path                           PID  Runtime      # DAGs    # Errors  Last Runtime    Last Run
--------------------------------  -----  ---------  --------  ----------  --------------  -------------------
/opt/airflow/dags/DAG_scraper.py     58  0.01s             0           1  0.05s           2025-09-24T08:54:48
================================================================================
[2025-09-24T08:55:40.657+0000] {manager.py:737} INFO - Searching for files in /opt/airflow/dags
[2025-09-24T08:55:40.679+0000] {manager.py:740} INFO - There are 1 files in /opt/airflow/dags
[2025-09-24T08:55:48.796+0000] {manager.py:878} INFO - 
================================================================================
DAG File Processing Stats

File Path                           PID  Runtime      # DAGs    # Errors  Last Runtime    Last Run
--------------------------------  -----  ---------  --------  ----------  --------------  -------------------
/opt/airflow/dags/DAG_scraper.py     59  0.01s             0           1  0.06s           2025-09-24T08:55:18
================================================================================
[2025-09-24T08:56:19.149+0000] {manager.py:878} INFO - 
================================================================================
DAG File Processing Stats

File Path                           PID  Runtime      # DAGs    # Errors  Last Runtime    Last Run
--------------------------------  -----  ---------  --------  ----------  --------------  -------------------
/opt/airflow/dags/DAG_scraper.py     60  0.01s             0           1  0.08s           2025-09-24T08:55:48
================================================================================
[2025-09-24T08:56:49.456+0000] {manager.py:878} INFO - 
================================================================================
DAG File Processing Stats

File Path                           PID  Runtime      # DAGs    # Errors  Last Runtime    Last Run
--------------------------------  -----  ---------  --------  ----------  --------------  -------------------
/opt/airflow/dags/DAG_scraper.py     61  0.01s             0           1  0.06s           2025-09-24T08:56:19
================================================================================
[2025-09-24T08:57:19.774+0000] {manager.py:878} INFO - 
================================================================================
DAG File Processing Stats

File Path                           PID  Runtime      # DAGs    # Errors  Last Runtime    Last Run
--------------------------------  -----  ---------  --------  ----------  --------------  -------------------
/opt/airflow/dags/DAG_scraper.py     62  0.01s             0           1  0.07s           2025-09-24T08:56:49
================================================================================
[2025-09-24T08:57:50.085+0000] {manager.py:878} INFO - 
================================================================================
DAG File Processing Stats

File Path                           PID  Runtime      # DAGs    # Errors  Last Runtime    Last Run
--------------------------------  -----  ---------  --------  ----------  --------------  -------------------
/opt/airflow/dags/DAG_scraper.py     63  0.01s             0           1  0.09s           2025-09-24T08:57:19
================================================================================
[2025-09-24T08:58:20.416+0000] {manager.py:878} INFO - 
================================================================================
DAG File Processing Stats

File Path                           PID  Runtime      # DAGs    # Errors  Last Runtime    Last Run
--------------------------------  -----  ---------  --------  ----------  --------------  -------------------
/opt/airflow/dags/DAG_scraper.py     64  0.01s             0           1  0.07s           2025-09-24T08:57:50
================================================================================
[2025-09-24T08:58:50.747+0000] {manager.py:878} INFO - 
================================================================================
DAG File Processing Stats

File Path                           PID  Runtime      # DAGs    # Errors  Last Runtime    Last Run
--------------------------------  -----  ---------  --------  ----------  --------------  -------------------
/opt/airflow/dags/DAG_scraper.py     65  0.02s             0           1  0.06s           2025-09-24T08:58:20
================================================================================
[2025-09-24T08:59:21.027+0000] {manager.py:878} INFO - 
================================================================================
DAG File Processing Stats

File Path                           PID  Runtime      # DAGs    # Errors  Last Runtime    Last Run
--------------------------------  -----  ---------  --------  ----------  --------------  -------------------
/opt/airflow/dags/DAG_scraper.py     66  0.01s             0           1  0.10s           2025-09-24T08:58:50
================================================================================
[2025-09-24T08:59:51.338+0000] {manager.py:878} INFO - 
================================================================================
DAG File Processing Stats

File Path                           PID  Runtime      # DAGs    # Errors  Last Runtime    Last Run
--------------------------------  -----  ---------  --------  ----------  --------------  -------------------
/opt/airflow/dags/DAG_scraper.py     67  0.01s             0           1  0.07s           2025-09-24T08:59:21
================================================================================
[2025-09-24T09:00:21.624+0000] {manager.py:878} INFO - 
================================================================================
DAG File Processing Stats

File Path                           PID  Runtime      # DAGs    # Errors  Last Runtime    Last Run
--------------------------------  -----  ---------  --------  ----------  --------------  -------------------
/opt/airflow/dags/DAG_scraper.py     68  0.01s             0           1  0.06s           2025-09-24T08:59:51
================================================================================
[2025-09-24T09:00:40.790+0000] {manager.py:737} INFO - Searching for files in /opt/airflow/dags
[2025-09-24T09:00:40.812+0000] {manager.py:740} INFO - There are 1 files in /opt/airflow/dags
[2025-09-24T09:00:51.915+0000] {manager.py:878} INFO - 
================================================================================
DAG File Processing Stats

File Path                           PID  Runtime      # DAGs    # Errors  Last Runtime    Last Run
--------------------------------  -----  ---------  --------  ----------  --------------  -------------------
/opt/airflow/dags/DAG_scraper.py     69  0.01s             0           1  0.05s           2025-09-24T09:00:21
================================================================================
[2025-09-24T09:01:22.205+0000] {manager.py:878} INFO - 
================================================================================
DAG File Processing Stats

File Path                           PID  Runtime      # DAGs    # Errors  Last Runtime    Last Run
--------------------------------  -----  ---------  --------  ----------  --------------  -------------------
/opt/airflow/dags/DAG_scraper.py     70  0.01s             0           1  0.04s           2025-09-24T09:00:51
================================================================================
[2025-09-24T09:01:52.532+0000] {manager.py:878} INFO - 
================================================================================
DAG File Processing Stats

File Path                           PID  Runtime      # DAGs    # Errors  Last Runtime    Last Run
--------------------------------  -----  ---------  --------  ----------  --------------  -------------------
/opt/airflow/dags/DAG_scraper.py     71  0.01s             0           1  0.06s           2025-09-24T09:01:22
================================================================================
[2025-09-24T09:02:22.820+0000] {manager.py:878} INFO - 
================================================================================
DAG File Processing Stats

File Path                           PID  Runtime      # DAGs    # Errors  Last Runtime    Last Run
--------------------------------  -----  ---------  --------  ----------  --------------  -------------------
/opt/airflow/dags/DAG_scraper.py     72  0.01s             0           1  0.06s           2025-09-24T09:01:52
================================================================================
[2025-09-24T09:02:53.131+0000] {manager.py:878} INFO - 
================================================================================
DAG File Processing Stats

File Path                           PID  Runtime      # DAGs    # Errors  Last Runtime    Last Run
--------------------------------  -----  ---------  --------  ----------  --------------  -------------------
/opt/airflow/dags/DAG_scraper.py     73  0.01s             0           1  0.05s           2025-09-24T09:02:22
================================================================================
[2025-09-24T09:03:23.475+0000] {manager.py:878} INFO - 
================================================================================
DAG File Processing Stats

File Path                           PID  Runtime      # DAGs    # Errors  Last Runtime    Last Run
--------------------------------  -----  ---------  --------  ----------  --------------  -------------------
/opt/airflow/dags/DAG_scraper.py     74  0.02s             0           1  0.07s           2025-09-24T09:02:53
================================================================================
[2025-09-24T09:03:53.765+0000] {manager.py:878} INFO - 
================================================================================
DAG File Processing Stats

File Path                           PID  Runtime      # DAGs    # Errors  Last Runtime    Last Run
--------------------------------  -----  ---------  --------  ----------  --------------  -------------------
/opt/airflow/dags/DAG_scraper.py     75  0.01s             0           1  0.07s           2025-09-24T09:03:23
================================================================================
[2025-09-24T09:04:24.076+0000] {manager.py:878} INFO - 
================================================================================
DAG File Processing Stats

File Path                           PID  Runtime      # DAGs    # Errors  Last Runtime    Last Run
--------------------------------  -----  ---------  --------  ----------  --------------  -------------------
/opt/airflow/dags/DAG_scraper.py     76  0.01s             0           1  0.05s           2025-09-24T09:03:53
================================================================================
[2025-09-24T09:04:54.395+0000] {manager.py:878} INFO - 
================================================================================
DAG File Processing Stats

File Path                           PID  Runtime      # DAGs    # Errors  Last Runtime    Last Run
--------------------------------  -----  ---------  --------  ----------  --------------  -------------------
/opt/airflow/dags/DAG_scraper.py     77  0.01s             0           1  0.05s           2025-09-24T09:04:24
================================================================================
[2025-09-24T09:05:24.698+0000] {manager.py:878} INFO - 
================================================================================
DAG File Processing Stats

File Path                           PID  Runtime      # DAGs    # Errors  Last Runtime    Last Run
--------------------------------  -----  ---------  --------  ----------  --------------  -------------------
/opt/airflow/dags/DAG_scraper.py     78  0.01s             0           1  0.06s           2025-09-24T09:04:54
================================================================================
[2025-09-24T09:05:40.848+0000] {manager.py:737} INFO - Searching for files in /opt/airflow/dags
[2025-09-24T09:05:40.869+0000] {manager.py:740} INFO - There are 1 files in /opt/airflow/dags
[2025-09-24T09:05:55.101+0000] {manager.py:878} INFO - 
================================================================================
DAG File Processing Stats

File Path                           PID  Runtime      # DAGs    # Errors  Last Runtime    Last Run
--------------------------------  -----  ---------  --------  ----------  --------------  -------------------
/opt/airflow/dags/DAG_scraper.py     79  0.02s             0           1  0.05s           2025-09-24T09:05:24
================================================================================
[2025-09-24T09:06:25.456+0000] {manager.py:878} INFO - 
================================================================================
DAG File Processing Stats

File Path                           PID  Runtime      # DAGs    # Errors  Last Runtime    Last Run
--------------------------------  -----  ---------  --------  ----------  --------------  -------------------
/opt/airflow/dags/DAG_scraper.py     80  0.01s             0           1  0.07s           2025-09-24T09:05:55
================================================================================
[2025-09-24T09:06:55.814+0000] {manager.py:878} INFO - 
================================================================================
DAG File Processing Stats

File Path                           PID  Runtime      # DAGs    # Errors  Last Runtime    Last Run
--------------------------------  -----  ---------  --------  ----------  --------------  -------------------
/opt/airflow/dags/DAG_scraper.py     81  0.01s             0           1  0.08s           2025-09-24T09:06:25
================================================================================
[2025-09-24T09:07:26.113+0000] {manager.py:878} INFO - 
================================================================================
DAG File Processing Stats

File Path                           PID  Runtime      # DAGs    # Errors  Last Runtime    Last Run
--------------------------------  -----  ---------  --------  ----------  --------------  -------------------
/opt/airflow/dags/DAG_scraper.py     82  0.01s             0           1  0.08s           2025-09-24T09:06:55
================================================================================
[2025-09-24T09:07:56.408+0000] {manager.py:878} INFO - 
================================================================================
DAG File Processing Stats

File Path                           PID  Runtime      # DAGs    # Errors  Last Runtime    Last Run
--------------------------------  -----  ---------  --------  ----------  --------------  -------------------
/opt/airflow/dags/DAG_scraper.py     83  0.01s             0           1  0.06s           2025-09-24T09:07:26
================================================================================
[2025-09-24T09:08:26.702+0000] {manager.py:878} INFO - 
================================================================================
DAG File Processing Stats

File Path                           PID  Runtime      # DAGs    # Errors  Last Runtime    Last Run
--------------------------------  -----  ---------  --------  ----------  --------------  -------------------
/opt/airflow/dags/DAG_scraper.py     84  0.02s             0           1  0.07s           2025-09-24T09:07:56
================================================================================
[2025-09-24T09:08:56.995+0000] {manager.py:878} INFO - 
================================================================================
DAG File Processing Stats

File Path                           PID  Runtime      # DAGs    # Errors  Last Runtime    Last Run
--------------------------------  -----  ---------  --------  ----------  --------------  -------------------
/opt/airflow/dags/DAG_scraper.py     85  0.01s             0           1  0.09s           2025-09-24T09:08:26
================================================================================
[2025-09-24T09:09:27.303+0000] {manager.py:878} INFO - 
================================================================================
DAG File Processing Stats

File Path                           PID  Runtime      # DAGs    # Errors  Last Runtime    Last Run
--------------------------------  -----  ---------  --------  ----------  --------------  -------------------
/opt/airflow/dags/DAG_scraper.py     86  0.01s             0           1  0.06s           2025-09-24T09:08:57
================================================================================
[2025-09-24T09:09:57.626+0000] {manager.py:878} INFO - 
================================================================================
DAG File Processing Stats

File Path                           PID  Runtime      # DAGs    # Errors  Last Runtime    Last Run
--------------------------------  -----  ---------  --------  ----------  --------------  -------------------
/opt/airflow/dags/DAG_scraper.py     87  0.01s             0           1  0.08s           2025-09-24T09:09:27
================================================================================
[2025-09-24T09:10:27.930+0000] {manager.py:878} INFO - 
================================================================================
DAG File Processing Stats

File Path                           PID  Runtime      # DAGs    # Errors  Last Runtime    Last Run
--------------------------------  -----  ---------  --------  ----------  --------------  -------------------
/opt/airflow/dags/DAG_scraper.py     88  0.01s             0           1  0.05s           2025-09-24T09:09:57
================================================================================
[2025-09-24T09:10:41.067+0000] {manager.py:737} INFO - Searching for files in /opt/airflow/dags
[2025-09-24T09:10:41.086+0000] {manager.py:740} INFO - There are 1 files in /opt/airflow/dags
[2025-09-24T09:10:58.289+0000] {manager.py:878} INFO - 
================================================================================
DAG File Processing Stats

File Path                           PID  Runtime      # DAGs    # Errors  Last Runtime    Last Run
--------------------------------  -----  ---------  --------  ----------  --------------  -------------------
/opt/airflow/dags/DAG_scraper.py     89  0.02s             0           1  0.04s           2025-09-24T09:10:27
================================================================================
[2025-09-24T09:11:28.589+0000] {manager.py:878} INFO - 
================================================================================
DAG File Processing Stats

File Path                           PID  Runtime      # DAGs    # Errors  Last Runtime    Last Run
--------------------------------  -----  ---------  --------  ----------  --------------  -------------------
/opt/airflow/dags/DAG_scraper.py     90  0.01s             0           1  0.08s           2025-09-24T09:10:58
================================================================================
[2025-09-24T09:11:58.917+0000] {manager.py:878} INFO - 
================================================================================
DAG File Processing Stats

File Path                           PID  Runtime      # DAGs    # Errors  Last Runtime    Last Run
--------------------------------  -----  ---------  --------  ----------  --------------  -------------------
/opt/airflow/dags/DAG_scraper.py     91  0.01s             0           1  0.05s           2025-09-24T09:11:28
================================================================================
[2025-09-24T09:12:29.209+0000] {manager.py:878} INFO - 
================================================================================
DAG File Processing Stats

File Path                           PID  Runtime      # DAGs    # Errors  Last Runtime    Last Run
--------------------------------  -----  ---------  --------  ----------  --------------  -------------------
/opt/airflow/dags/DAG_scraper.py     92  0.01s             0           1  0.06s           2025-09-24T09:11:58
================================================================================
[2025-09-24T09:12:59.548+0000] {manager.py:878} INFO - 
================================================================================
DAG File Processing Stats

File Path                           PID  Runtime      # DAGs    # Errors  Last Runtime    Last Run
--------------------------------  -----  ---------  --------  ----------  --------------  -------------------
/opt/airflow/dags/DAG_scraper.py     93  0.01s             0           1  0.05s           2025-09-24T09:12:29
================================================================================
[2025-09-24T09:13:29.868+0000] {manager.py:878} INFO - 
================================================================================
DAG File Processing Stats

File Path                           PID  Runtime      # DAGs    # Errors  Last Runtime    Last Run
--------------------------------  -----  ---------  --------  ----------  --------------  -------------------
/opt/airflow/dags/DAG_scraper.py     94  0.01s             0           1  0.05s           2025-09-24T09:12:59
================================================================================
[2025-09-24T09:14:00.163+0000] {manager.py:878} INFO - 
================================================================================
DAG File Processing Stats

File Path                           PID  Runtime      # DAGs    # Errors  Last Runtime    Last Run
--------------------------------  -----  ---------  --------  ----------  --------------  -------------------
/opt/airflow/dags/DAG_scraper.py     95  0.01s             0           1  0.06s           2025-09-24T09:13:29
================================================================================
[2025-09-24T09:14:30.471+0000] {manager.py:878} INFO - 
================================================================================
DAG File Processing Stats

File Path                           PID  Runtime      # DAGs    # Errors  Last Runtime    Last Run
--------------------------------  -----  ---------  --------  ----------  --------------  -------------------
/opt/airflow/dags/DAG_scraper.py     96  0.01s             0           1  0.04s           2025-09-24T09:14:00
================================================================================
[2025-09-24T09:15:00.784+0000] {manager.py:878} INFO - 
================================================================================
DAG File Processing Stats

File Path                           PID  Runtime      # DAGs    # Errors  Last Runtime    Last Run
--------------------------------  -----  ---------  --------  ----------  --------------  -------------------
/opt/airflow/dags/DAG_scraper.py     97  0.01s             0           1  0.07s           2025-09-24T09:14:30
================================================================================
[2025-09-24T09:15:31.077+0000] {manager.py:878} INFO - 
================================================================================
DAG File Processing Stats

File Path                           PID  Runtime      # DAGs    # Errors  Last Runtime    Last Run
--------------------------------  -----  ---------  --------  ----------  --------------  -------------------
/opt/airflow/dags/DAG_scraper.py     98  0.01s             0           1  0.05s           2025-09-24T09:15:00
================================================================================
[2025-09-24T09:15:41.181+0000] {manager.py:737} INFO - Searching for files in /opt/airflow/dags
[2025-09-24T09:15:41.193+0000] {manager.py:740} INFO - There are 1 files in /opt/airflow/dags
[2025-09-24T09:16:01.397+0000] {manager.py:878} INFO - 
================================================================================
DAG File Processing Stats

File Path                           PID  Runtime      # DAGs    # Errors  Last Runtime    Last Run
--------------------------------  -----  ---------  --------  ----------  --------------  -------------------
/opt/airflow/dags/DAG_scraper.py     99  0.01s             0           1  0.05s           2025-09-24T09:15:31
================================================================================
[2025-09-24T09:16:31.686+0000] {manager.py:878} INFO - 
================================================================================
DAG File Processing Stats

File Path                           PID  Runtime      # DAGs    # Errors  Last Runtime    Last Run
--------------------------------  -----  ---------  --------  ----------  --------------  -------------------
/opt/airflow/dags/DAG_scraper.py    100  0.01s             0           1  0.07s           2025-09-24T09:16:01
================================================================================
[2025-09-24T09:17:01.885+0000] {manager.py:878} INFO - 
================================================================================
DAG File Processing Stats

File Path                           PID  Runtime      # DAGs    # Errors  Last Runtime    Last Run
--------------------------------  -----  ---------  --------  ----------  --------------  -------------------
/opt/airflow/dags/DAG_scraper.py    101  0.01s             0           1  0.05s           2025-09-24T09:16:31
================================================================================
[2025-09-24T09:17:32.192+0000] {manager.py:878} INFO - 
================================================================================
DAG File Processing Stats

File Path                           PID  Runtime      # DAGs    # Errors  Last Runtime    Last Run
--------------------------------  -----  ---------  --------  ----------  --------------  -------------------
/opt/airflow/dags/DAG_scraper.py    102  0.01s             0           1  0.07s           2025-09-24T09:17:01
================================================================================
[2025-09-24T09:18:02.468+0000] {manager.py:878} INFO - 
================================================================================
DAG File Processing Stats

File Path                           PID  Runtime      # DAGs    # Errors  Last Runtime    Last Run
--------------------------------  -----  ---------  --------  ----------  --------------  -------------------
/opt/airflow/dags/DAG_scraper.py    103  0.01s             0           1  0.05s           2025-09-24T09:17:32
================================================================================
[2025-09-24T09:18:32.756+0000] {manager.py:878} INFO - 
================================================================================
DAG File Processing Stats

File Path                           PID  Runtime      # DAGs    # Errors  Last Runtime    Last Run
--------------------------------  -----  ---------  --------  ----------  --------------  -------------------
/opt/airflow/dags/DAG_scraper.py    104  0.01s             0           1  0.07s           2025-09-24T09:18:02
================================================================================
[2025-09-24T09:19:03.027+0000] {manager.py:878} INFO - 
================================================================================
DAG File Processing Stats

File Path                           PID  Runtime      # DAGs    # Errors  Last Runtime    Last Run
--------------------------------  -----  ---------  --------  ----------  --------------  -------------------
/opt/airflow/dags/DAG_scraper.py    105  0.01s             0           1  0.08s           2025-09-24T09:18:32
================================================================================
[2025-09-24T09:19:33.329+0000] {manager.py:878} INFO - 
================================================================================
DAG File Processing Stats

File Path                           PID  Runtime      # DAGs    # Errors  Last Runtime    Last Run
--------------------------------  -----  ---------  --------  ----------  --------------  -------------------
/opt/airflow/dags/DAG_scraper.py    106  0.01s             0           1  0.05s           2025-09-24T09:19:03
================================================================================
[2025-09-24T09:20:03.656+0000] {manager.py:878} INFO - 
================================================================================
DAG File Processing Stats

File Path                           PID  Runtime      # DAGs    # Errors  Last Runtime    Last Run
--------------------------------  -----  ---------  --------  ----------  --------------  -------------------
/opt/airflow/dags/DAG_scraper.py    107  0.01s             0           1  0.07s           2025-09-24T09:19:33
================================================================================
[2025-09-24T09:20:33.954+0000] {manager.py:878} INFO - 
================================================================================
DAG File Processing Stats

File Path                           PID  Runtime      # DAGs    # Errors  Last Runtime    Last Run
--------------------------------  -----  ---------  --------  ----------  --------------  -------------------
/opt/airflow/dags/DAG_scraper.py    108  0.01s             0           1  0.07s           2025-09-24T09:20:03
================================================================================
[2025-09-24T09:20:42.038+0000] {manager.py:737} INFO - Searching for files in /opt/airflow/dags
[2025-09-24T09:20:42.055+0000] {manager.py:740} INFO - There are 1 files in /opt/airflow/dags
[2025-09-24T09:21:04.288+0000] {manager.py:878} INFO - 
================================================================================
DAG File Processing Stats

File Path                           PID  Runtime      # DAGs    # Errors  Last Runtime    Last Run
--------------------------------  -----  ---------  --------  ----------  --------------  -------------------
/opt/airflow/dags/DAG_scraper.py    109  0.01s             0           1  0.07s           2025-09-24T09:20:34
================================================================================
[2025-09-24T09:21:34.614+0000] {manager.py:878} INFO - 
================================================================================
DAG File Processing Stats

File Path                           PID  Runtime      # DAGs    # Errors  Last Runtime    Last Run
--------------------------------  -----  ---------  --------  ----------  --------------  -------------------
/opt/airflow/dags/DAG_scraper.py    110  0.01s             0           1  0.06s           2025-09-24T09:21:04
================================================================================
[2025-09-24T09:22:04.958+0000] {manager.py:878} INFO - 
================================================================================
DAG File Processing Stats

File Path                           PID  Runtime      # DAGs    # Errors  Last Runtime    Last Run
--------------------------------  -----  ---------  --------  ----------  --------------  -------------------
/opt/airflow/dags/DAG_scraper.py    111  0.01s             0           1  0.06s           2025-09-24T09:21:34
================================================================================
[2025-09-24T09:22:35.262+0000] {manager.py:878} INFO - 
================================================================================
DAG File Processing Stats

File Path                           PID  Runtime      # DAGs    # Errors  Last Runtime    Last Run
--------------------------------  -----  ---------  --------  ----------  --------------  -------------------
/opt/airflow/dags/DAG_scraper.py    112  0.01s             0           1  0.06s           2025-09-24T09:22:05
================================================================================
[2025-09-24T09:23:05.573+0000] {manager.py:878} INFO - 
================================================================================
DAG File Processing Stats

File Path                           PID  Runtime      # DAGs    # Errors  Last Runtime    Last Run
--------------------------------  -----  ---------  --------  ----------  --------------  -------------------
/opt/airflow/dags/DAG_scraper.py    113  0.01s             0           1  0.07s           2025-09-24T09:22:35
================================================================================
[2025-09-24T09:23:35.880+0000] {manager.py:878} INFO - 
================================================================================
DAG File Processing Stats

File Path                           PID  Runtime      # DAGs    # Errors  Last Runtime    Last Run
--------------------------------  -----  ---------  --------  ----------  --------------  -------------------
/opt/airflow/dags/DAG_scraper.py    114  0.00s             0           1  0.07s           2025-09-24T09:23:05
================================================================================
[2025-09-24T09:24:06.196+0000] {manager.py:878} INFO - 
================================================================================
DAG File Processing Stats

File Path                           PID  Runtime      # DAGs    # Errors  Last Runtime    Last Run
--------------------------------  -----  ---------  --------  ----------  --------------  -------------------
/opt/airflow/dags/DAG_scraper.py    115  0.01s             0           1  0.06s           2025-09-24T09:23:35
================================================================================
[2025-09-24T09:24:36.460+0000] {manager.py:878} INFO - 
================================================================================
DAG File Processing Stats

File Path                           PID  Runtime      # DAGs    # Errors  Last Runtime    Last Run
--------------------------------  -----  ---------  --------  ----------  --------------  -------------------
/opt/airflow/dags/DAG_scraper.py    116  0.01s             0           1  0.06s           2025-09-24T09:24:06
================================================================================
[2025-09-24T09:25:06.754+0000] {manager.py:878} INFO - 
================================================================================
DAG File Processing Stats

File Path                           PID  Runtime      # DAGs    # Errors  Last Runtime    Last Run
--------------------------------  -----  ---------  --------  ----------  --------------  -------------------
/opt/airflow/dags/DAG_scraper.py    117  0.01s             0           1  0.05s           2025-09-24T09:24:36
================================================================================
[2025-09-24T09:25:37.102+0000] {manager.py:878} INFO - 
================================================================================
DAG File Processing Stats

File Path                           PID  Runtime      # DAGs    # Errors  Last Runtime    Last Run
--------------------------------  -----  ---------  --------  ----------  --------------  -------------------
/opt/airflow/dags/DAG_scraper.py    118  0.01s             0           1  0.06s           2025-09-24T09:25:06
================================================================================
[2025-09-24T09:25:42.161+0000] {manager.py:737} INFO - Searching for files in /opt/airflow/dags
[2025-09-24T09:25:42.181+0000] {manager.py:740} INFO - There are 1 files in /opt/airflow/dags
[2025-09-24T09:26:07.434+0000] {manager.py:878} INFO - 
================================================================================
DAG File Processing Stats

File Path                           PID  Runtime      # DAGs    # Errors  Last Runtime    Last Run
--------------------------------  -----  ---------  --------  ----------  --------------  -------------------
/opt/airflow/dags/DAG_scraper.py    119  0.01s             0           1  0.09s           2025-09-24T09:25:37
================================================================================
[2025-09-24T09:26:37.722+0000] {manager.py:878} INFO - 
================================================================================
DAG File Processing Stats

File Path                           PID  Runtime      # DAGs    # Errors  Last Runtime    Last Run
--------------------------------  -----  ---------  --------  ----------  --------------  -------------------
/opt/airflow/dags/DAG_scraper.py    120  0.01s             0           1  0.05s           2025-09-24T09:26:07
================================================================================
[2025-09-24T09:27:08.045+0000] {manager.py:878} INFO - 
================================================================================
DAG File Processing Stats

File Path                           PID  Runtime      # DAGs    # Errors  Last Runtime    Last Run
--------------------------------  -----  ---------  --------  ----------  --------------  -------------------
/opt/airflow/dags/DAG_scraper.py    121  0.03s             0           1  0.05s           2025-09-24T09:26:37
================================================================================
[2025-09-24T09:27:38.374+0000] {manager.py:878} INFO - 
================================================================================
DAG File Processing Stats

File Path                           PID  Runtime      # DAGs    # Errors  Last Runtime    Last Run
--------------------------------  -----  ---------  --------  ----------  --------------  -------------------
/opt/airflow/dags/DAG_scraper.py    122  0.01s             0           1  0.10s           2025-09-24T09:27:08
================================================================================
[2025-09-24T09:28:08.720+0000] {manager.py:878} INFO - 
================================================================================
DAG File Processing Stats

File Path                           PID  Runtime      # DAGs    # Errors  Last Runtime    Last Run
--------------------------------  -----  ---------  --------  ----------  --------------  -------------------
/opt/airflow/dags/DAG_scraper.py    123  0.01s             0           1  0.06s           2025-09-24T09:27:38
================================================================================
[2025-09-24T09:28:39.036+0000] {manager.py:878} INFO - 
================================================================================
DAG File Processing Stats

File Path                           PID  Runtime      # DAGs    # Errors  Last Runtime    Last Run
--------------------------------  -----  ---------  --------  ----------  --------------  -------------------
/opt/airflow/dags/DAG_scraper.py    124  0.02s             0           1  0.06s           2025-09-24T09:28:08
================================================================================
[2025-09-24T09:29:09.443+0000] {manager.py:878} INFO - 
================================================================================
DAG File Processing Stats

File Path                           PID  Runtime      # DAGs    # Errors  Last Runtime    Last Run
--------------------------------  -----  ---------  --------  ----------  --------------  -------------------
/opt/airflow/dags/DAG_scraper.py    125  0.02s             0           1  0.06s           2025-09-24T09:28:39
================================================================================
[2025-09-24T09:29:39.806+0000] {manager.py:878} INFO - 
================================================================================
DAG File Processing Stats

File Path                           PID  Runtime      # DAGs    # Errors  Last Runtime    Last Run
--------------------------------  -----  ---------  --------  ----------  --------------  -------------------
/opt/airflow/dags/DAG_scraper.py    126  0.01s             0           1  0.09s           2025-09-24T09:29:09
================================================================================
[2025-09-24T09:30:10.153+0000] {manager.py:878} INFO - 
================================================================================
DAG File Processing Stats

File Path                           PID  Runtime      # DAGs    # Errors  Last Runtime    Last Run
--------------------------------  -----  ---------  --------  ----------  --------------  -------------------
/opt/airflow/dags/DAG_scraper.py    127  0.01s             0           1  0.09s           2025-09-24T09:29:39
================================================================================
[2025-09-24T09:30:40.428+0000] {manager.py:878} INFO - 
================================================================================
DAG File Processing Stats

File Path                           PID  Runtime      # DAGs    # Errors  Last Runtime    Last Run
--------------------------------  -----  ---------  --------  ----------  --------------  -------------------
/opt/airflow/dags/DAG_scraper.py    128  0.01s             0           1  0.05s           2025-09-24T09:30:10
================================================================================
[2025-09-24T09:30:42.453+0000] {manager.py:737} INFO - Searching for files in /opt/airflow/dags
[2025-09-24T09:30:42.465+0000] {manager.py:740} INFO - There are 1 files in /opt/airflow/dags
[2025-09-24T09:31:10.779+0000] {manager.py:878} INFO - 
================================================================================
DAG File Processing Stats

File Path                           PID  Runtime      # DAGs    # Errors  Last Runtime    Last Run
--------------------------------  -----  ---------  --------  ----------  --------------  -------------------
/opt/airflow/dags/DAG_scraper.py    129  0.01s             0           1  0.07s           2025-09-24T09:30:40
================================================================================
[2025-09-24T09:31:41.191+0000] {manager.py:878} INFO - 
================================================================================
DAG File Processing Stats

File Path                           PID  Runtime      # DAGs    # Errors  Last Runtime    Last Run
--------------------------------  -----  ---------  --------  ----------  --------------  -------------------
/opt/airflow/dags/DAG_scraper.py    130  0.01s             0           1  0.10s           2025-09-24T09:31:10
================================================================================
[2025-09-24T09:32:11.466+0000] {manager.py:878} INFO - 
================================================================================
DAG File Processing Stats

File Path                           PID  Runtime      # DAGs    # Errors  Last Runtime    Last Run
--------------------------------  -----  ---------  --------  ----------  --------------  -------------------
/opt/airflow/dags/DAG_scraper.py    131  0.01s             0           1  0.07s           2025-09-24T09:31:41
================================================================================
[2025-09-24T09:32:41.837+0000] {manager.py:878} INFO - 
================================================================================
DAG File Processing Stats

File Path                           PID  Runtime      # DAGs    # Errors  Last Runtime    Last Run
--------------------------------  -----  ---------  --------  ----------  --------------  -------------------
/opt/airflow/dags/DAG_scraper.py    132  0.01s             0           1  0.06s           2025-09-24T09:32:11
================================================================================
[2025-09-24T09:33:12.185+0000] {manager.py:878} INFO - 
================================================================================
DAG File Processing Stats

File Path                           PID  Runtime      # DAGs    # Errors  Last Runtime    Last Run
--------------------------------  -----  ---------  --------  ----------  --------------  -------------------
/opt/airflow/dags/DAG_scraper.py    133  0.01s             0           1  0.09s           2025-09-24T09:32:41
================================================================================
[2025-09-24T09:33:42.546+0000] {manager.py:878} INFO - 
================================================================================
DAG File Processing Stats

File Path                           PID  Runtime      # DAGs    # Errors  Last Runtime    Last Run
--------------------------------  -----  ---------  --------  ----------  --------------  -------------------
/opt/airflow/dags/DAG_scraper.py    134  0.02s             0           1  0.08s           2025-09-24T09:33:12
================================================================================
[2025-09-24T09:34:12.886+0000] {manager.py:878} INFO - 
================================================================================
DAG File Processing Stats

File Path                           PID  Runtime      # DAGs    # Errors  Last Runtime    Last Run
--------------------------------  -----  ---------  --------  ----------  --------------  -------------------
/opt/airflow/dags/DAG_scraper.py    135  0.01s             0           1  0.09s           2025-09-24T09:33:42
================================================================================
[2025-09-24T09:34:43.183+0000] {manager.py:878} INFO - 
================================================================================
DAG File Processing Stats

File Path                           PID  Runtime      # DAGs    # Errors  Last Runtime    Last Run
--------------------------------  -----  ---------  --------  ----------  --------------  -------------------
/opt/airflow/dags/DAG_scraper.py    136  0.01s             0           1  0.06s           2025-09-24T09:34:12
================================================================================
[2025-09-24T09:35:13.534+0000] {manager.py:878} INFO - 
================================================================================
DAG File Processing Stats

File Path                           PID  Runtime      # DAGs    # Errors  Last Runtime    Last Run
--------------------------------  -----  ---------  --------  ----------  --------------  -------------------
/opt/airflow/dags/DAG_scraper.py    137  0.01s             0           1  0.06s           2025-09-24T09:34:43
================================================================================
[2025-09-24T09:35:42.831+0000] {manager.py:737} INFO - Searching for files in /opt/airflow/dags
[2025-09-24T09:35:42.853+0000] {manager.py:740} INFO - There are 1 files in /opt/airflow/dags
[2025-09-24T09:35:43.895+0000] {manager.py:878} INFO - 
================================================================================
DAG File Processing Stats

File Path                           PID  Runtime      # DAGs    # Errors  Last Runtime    Last Run
--------------------------------  -----  ---------  --------  ----------  --------------  -------------------
/opt/airflow/dags/DAG_scraper.py    138  0.01s             0           1  0.08s           2025-09-24T09:35:13
================================================================================
[2025-09-24T09:36:14.203+0000] {manager.py:878} INFO - 
================================================================================
DAG File Processing Stats

File Path                           PID  Runtime      # DAGs    # Errors  Last Runtime    Last Run
--------------------------------  -----  ---------  --------  ----------  --------------  -------------------
/opt/airflow/dags/DAG_scraper.py    139  0.01s             0           1  0.06s           2025-09-24T09:35:43
================================================================================
[2025-09-24T09:36:44.626+0000] {manager.py:878} INFO - 
================================================================================
DAG File Processing Stats

File Path                           PID  Runtime      # DAGs    # Errors  Last Runtime    Last Run
--------------------------------  -----  ---------  --------  ----------  --------------  -------------------
/opt/airflow/dags/DAG_scraper.py    140  0.01s             0           1  0.05s           2025-09-24T09:36:14
================================================================================
[2025-09-24T09:37:14.945+0000] {manager.py:878} INFO - 
================================================================================
DAG File Processing Stats

File Path                           PID  Runtime      # DAGs    # Errors  Last Runtime    Last Run
--------------------------------  -----  ---------  --------  ----------  --------------  -------------------
/opt/airflow/dags/DAG_scraper.py    141  0.01s             0           1  0.10s           2025-09-24T09:36:44
================================================================================
[2025-09-24T09:37:45.257+0000] {manager.py:878} INFO - 
================================================================================
DAG File Processing Stats

File Path                           PID  Runtime      # DAGs    # Errors  Last Runtime    Last Run
--------------------------------  -----  ---------  --------  ----------  --------------  -------------------
/opt/airflow/dags/DAG_scraper.py    142  0.01s             0           1  0.08s           2025-09-24T09:37:15
================================================================================
[2025-09-24T09:38:15.614+0000] {manager.py:878} INFO - 
================================================================================
DAG File Processing Stats

File Path                           PID  Runtime      # DAGs    # Errors  Last Runtime    Last Run
--------------------------------  -----  ---------  --------  ----------  --------------  -------------------
/opt/airflow/dags/DAG_scraper.py    143  0.01s             0           1  0.07s           2025-09-24T09:37:45
================================================================================
[2025-09-24T09:38:45.930+0000] {manager.py:878} INFO - 
================================================================================
DAG File Processing Stats

File Path                           PID  Runtime      # DAGs    # Errors  Last Runtime    Last Run
--------------------------------  -----  ---------  --------  ----------  --------------  -------------------
/opt/airflow/dags/DAG_scraper.py    144  0.01s             0           1  0.09s           2025-09-24T09:38:15
================================================================================
[2025-09-24T09:39:16.300+0000] {manager.py:878} INFO - 
================================================================================
DAG File Processing Stats

File Path                           PID  Runtime      # DAGs    # Errors  Last Runtime    Last Run
--------------------------------  -----  ---------  --------  ----------  --------------  -------------------
/opt/airflow/dags/DAG_scraper.py    145  0.01s             0           1  0.06s           2025-09-24T09:38:45
================================================================================
[2025-09-24T09:39:46.592+0000] {manager.py:878} INFO - 
================================================================================
DAG File Processing Stats

File Path                           PID  Runtime      # DAGs    # Errors  Last Runtime    Last Run
--------------------------------  -----  ---------  --------  ----------  --------------  -------------------
/opt/airflow/dags/DAG_scraper.py    146  0.01s             0           1  0.08s           2025-09-24T09:39:16
================================================================================
[2025-09-24T09:40:16.869+0000] {manager.py:878} INFO - 
================================================================================
DAG File Processing Stats

File Path                           PID  Runtime      # DAGs    # Errors  Last Runtime    Last Run
--------------------------------  -----  ---------  --------  ----------  --------------  -------------------
/opt/airflow/dags/DAG_scraper.py    147  0.01s             0           1  0.07s           2025-09-24T09:39:46
================================================================================
[2025-09-24T09:40:43.130+0000] {manager.py:737} INFO - Searching for files in /opt/airflow/dags
[2025-09-24T09:40:43.162+0000] {manager.py:740} INFO - There are 1 files in /opt/airflow/dags
[2025-09-24T09:40:47.226+0000] {manager.py:878} INFO - 
================================================================================
DAG File Processing Stats

File Path                           PID  Runtime      # DAGs    # Errors  Last Runtime    Last Run
--------------------------------  -----  ---------  --------  ----------  --------------  -------------------
/opt/airflow/dags/DAG_scraper.py    148  0.01s             0           1  0.05s           2025-09-24T09:40:16
================================================================================
[2025-09-24T09:41:17.535+0000] {manager.py:878} INFO - 
================================================================================
DAG File Processing Stats

File Path                           PID  Runtime      # DAGs    # Errors  Last Runtime    Last Run
--------------------------------  -----  ---------  --------  ----------  --------------  -------------------
/opt/airflow/dags/DAG_scraper.py    149  0.01s             0           1  0.07s           2025-09-24T09:40:47
================================================================================
[2025-09-24T09:41:47.841+0000] {manager.py:878} INFO - 
================================================================================
DAG File Processing Stats

File Path                           PID  Runtime      # DAGs    # Errors  Last Runtime    Last Run
--------------------------------  -----  ---------  --------  ----------  --------------  -------------------
/opt/airflow/dags/DAG_scraper.py    150  0.02s             0           1  0.07s           2025-09-24T09:41:17
================================================================================
[2025-09-24T09:42:18.215+0000] {manager.py:878} INFO - 
================================================================================
DAG File Processing Stats

File Path                           PID  Runtime      # DAGs    # Errors  Last Runtime    Last Run
--------------------------------  -----  ---------  --------  ----------  --------------  -------------------
/opt/airflow/dags/DAG_scraper.py    151  0.02s             0           1  0.09s           2025-09-24T09:41:47
================================================================================
[2025-09-24T09:42:48.569+0000] {manager.py:878} INFO - 
================================================================================
DAG File Processing Stats

File Path                           PID  Runtime      # DAGs    # Errors  Last Runtime    Last Run
--------------------------------  -----  ---------  --------  ----------  --------------  -------------------
/opt/airflow/dags/DAG_scraper.py    152  0.01s             0           1  0.07s           2025-09-24T09:42:18
================================================================================
[2025-09-24T09:43:18.896+0000] {manager.py:878} INFO - 
================================================================================
DAG File Processing Stats

File Path                           PID  Runtime      # DAGs    # Errors  Last Runtime    Last Run
--------------------------------  -----  ---------  --------  ----------  --------------  -------------------
/opt/airflow/dags/DAG_scraper.py    153  0.01s             0           1  0.06s           2025-09-24T09:42:48
================================================================================
[2025-09-24T09:43:49.254+0000] {manager.py:878} INFO - 
================================================================================
DAG File Processing Stats

File Path                           PID  Runtime      # DAGs    # Errors  Last Runtime    Last Run
--------------------------------  -----  ---------  --------  ----------  --------------  -------------------
/opt/airflow/dags/DAG_scraper.py    154  0.02s             0           1  0.06s           2025-09-24T09:43:18
================================================================================
[2025-09-24T09:44:19.611+0000] {manager.py:878} INFO - 
================================================================================
DAG File Processing Stats

File Path                           PID  Runtime      # DAGs    # Errors  Last Runtime    Last Run
--------------------------------  -----  ---------  --------  ----------  --------------  -------------------
/opt/airflow/dags/DAG_scraper.py    155  0.02s             0           1  0.07s           2025-09-24T09:43:49
================================================================================
[2025-09-24T09:44:49.917+0000] {manager.py:878} INFO - 
================================================================================
DAG File Processing Stats

File Path                           PID  Runtime      # DAGs    # Errors  Last Runtime    Last Run
--------------------------------  -----  ---------  --------  ----------  --------------  -------------------
/opt/airflow/dags/DAG_scraper.py    156  0.01s             0           1  0.08s           2025-09-24T09:44:19
================================================================================
[2025-09-24T09:45:20.277+0000] {manager.py:878} INFO - 
================================================================================
DAG File Processing Stats

File Path                           PID  Runtime      # DAGs    # Errors  Last Runtime    Last Run
--------------------------------  -----  ---------  --------  ----------  --------------  -------------------
/opt/airflow/dags/DAG_scraper.py    157  0.01s             0           1  0.07s           2025-09-24T09:44:49
================================================================================
[2025-09-24T09:45:43.530+0000] {manager.py:737} INFO - Searching for files in /opt/airflow/dags
[2025-09-24T09:45:43.553+0000] {manager.py:740} INFO - There are 1 files in /opt/airflow/dags
[2025-09-24T09:45:50.639+0000] {manager.py:878} INFO - 
================================================================================
DAG File Processing Stats

File Path                           PID  Runtime      # DAGs    # Errors  Last Runtime    Last Run
--------------------------------  -----  ---------  --------  ----------  --------------  -------------------
/opt/airflow/dags/DAG_scraper.py    158  0.00s             0           1  0.08s           2025-09-24T09:45:20
================================================================================
[2025-09-24T09:46:20.912+0000] {manager.py:878} INFO - 
================================================================================
DAG File Processing Stats

File Path                           PID  Runtime      # DAGs    # Errors  Last Runtime    Last Run
--------------------------------  -----  ---------  --------  ----------  --------------  -------------------
/opt/airflow/dags/DAG_scraper.py    159  0.01s             0           1  0.07s           2025-09-24T09:45:50
================================================================================
[2025-09-24T09:46:51.205+0000] {manager.py:878} INFO - 
================================================================================
DAG File Processing Stats

File Path                           PID  Runtime      # DAGs    # Errors  Last Runtime    Last Run
--------------------------------  -----  ---------  --------  ----------  --------------  -------------------
/opt/airflow/dags/DAG_scraper.py    160  0.02s             0           1  0.06s           2025-09-24T09:46:20
================================================================================
[2025-09-24T09:47:21.574+0000] {manager.py:878} INFO - 
================================================================================
DAG File Processing Stats

File Path                           PID  Runtime      # DAGs    # Errors  Last Runtime    Last Run
--------------------------------  -----  ---------  --------  ----------  --------------  -------------------
/opt/airflow/dags/DAG_scraper.py    161  0.02s             0           1  0.11s           2025-09-24T09:46:51
================================================================================
[2025-09-24T09:47:51.893+0000] {manager.py:878} INFO - 
================================================================================
DAG File Processing Stats

File Path                           PID  Runtime      # DAGs    # Errors  Last Runtime    Last Run
--------------------------------  -----  ---------  --------  ----------  --------------  -------------------
/opt/airflow/dags/DAG_scraper.py    162  0.01s             0           1  0.08s           2025-09-24T09:47:21
================================================================================
[2025-09-24T09:48:22.256+0000] {manager.py:878} INFO - 
================================================================================
DAG File Processing Stats

File Path                           PID  Runtime      # DAGs    # Errors  Last Runtime    Last Run
--------------------------------  -----  ---------  --------  ----------  --------------  -------------------
/opt/airflow/dags/DAG_scraper.py    163  0.02s             0           1  0.07s           2025-09-24T09:47:51
================================================================================
[2025-09-24T09:48:52.657+0000] {manager.py:878} INFO - 
================================================================================
DAG File Processing Stats

File Path                           PID  Runtime      # DAGs    # Errors  Last Runtime    Last Run
--------------------------------  -----  ---------  --------  ----------  --------------  -------------------
/opt/airflow/dags/DAG_scraper.py    164  0.02s             0           1  0.09s           2025-09-24T09:48:22
================================================================================
[2025-09-24T09:49:22.992+0000] {manager.py:878} INFO - 
================================================================================
DAG File Processing Stats

File Path                           PID  Runtime      # DAGs    # Errors  Last Runtime    Last Run
--------------------------------  -----  ---------  --------  ----------  --------------  -------------------
/opt/airflow/dags/DAG_scraper.py    165  0.01s             0           1  0.09s           2025-09-24T09:48:52
================================================================================
[2025-09-24T09:49:53.309+0000] {manager.py:878} INFO - 
================================================================================
DAG File Processing Stats

File Path                           PID  Runtime      # DAGs    # Errors  Last Runtime    Last Run
--------------------------------  -----  ---------  --------  ----------  --------------  -------------------
/opt/airflow/dags/DAG_scraper.py    166  0.01s             0           1  0.08s           2025-09-24T09:49:23
================================================================================
[2025-09-24T09:50:23.628+0000] {manager.py:878} INFO - 
================================================================================
DAG File Processing Stats

File Path                           PID  Runtime      # DAGs    # Errors  Last Runtime    Last Run
--------------------------------  -----  ---------  --------  ----------  --------------  -------------------
/opt/airflow/dags/DAG_scraper.py    167  0.01s             0           1  0.05s           2025-09-24T09:49:53
================================================================================
[2025-09-24T09:50:43.859+0000] {manager.py:737} INFO - Searching for files in /opt/airflow/dags
[2025-09-24T09:50:43.886+0000] {manager.py:740} INFO - There are 1 files in /opt/airflow/dags
[2025-09-24T09:50:54.017+0000] {manager.py:878} INFO - 
================================================================================
DAG File Processing Stats

File Path                           PID  Runtime      # DAGs    # Errors  Last Runtime    Last Run
--------------------------------  -----  ---------  --------  ----------  --------------  -------------------
/opt/airflow/dags/DAG_scraper.py    168  0.01s             0           1  0.08s           2025-09-24T09:50:23
================================================================================
[2025-09-24T09:51:24.348+0000] {manager.py:878} INFO - 
================================================================================
DAG File Processing Stats

File Path                           PID  Runtime      # DAGs    # Errors  Last Runtime    Last Run
--------------------------------  -----  ---------  --------  ----------  --------------  -------------------
/opt/airflow/dags/DAG_scraper.py    169  0.01s             0           1  0.05s           2025-09-24T09:50:54
================================================================================
[2025-09-24T09:51:54.638+0000] {manager.py:878} INFO - 
================================================================================
DAG File Processing Stats

File Path                           PID  Runtime      # DAGs    # Errors  Last Runtime    Last Run
--------------------------------  -----  ---------  --------  ----------  --------------  -------------------
/opt/airflow/dags/DAG_scraper.py    170  0.01s             0           1  0.04s           2025-09-24T09:51:24
================================================================================
[2025-09-24T09:52:24.946+0000] {manager.py:878} INFO - 
================================================================================
DAG File Processing Stats

File Path                           PID  Runtime      # DAGs    # Errors  Last Runtime    Last Run
--------------------------------  -----  ---------  --------  ----------  --------------  -------------------
/opt/airflow/dags/DAG_scraper.py    171  0.01s             0           1  0.08s           2025-09-24T09:51:54
================================================================================
[2025-09-24T09:52:55.236+0000] {manager.py:878} INFO - 
================================================================================
DAG File Processing Stats

File Path                           PID  Runtime      # DAGs    # Errors  Last Runtime    Last Run
--------------------------------  -----  ---------  --------  ----------  --------------  -------------------
/opt/airflow/dags/DAG_scraper.py    172  0.01s             0           1  0.05s           2025-09-24T09:52:24
================================================================================
[2025-09-24T09:53:25.552+0000] {manager.py:878} INFO - 
================================================================================
DAG File Processing Stats

File Path                           PID  Runtime      # DAGs    # Errors  Last Runtime    Last Run
--------------------------------  -----  ---------  --------  ----------  --------------  -------------------
/opt/airflow/dags/DAG_scraper.py    173  0.01s             0           1  0.05s           2025-09-24T09:52:55
================================================================================
[2025-09-24T09:53:55.820+0000] {manager.py:878} INFO - 
================================================================================
DAG File Processing Stats

File Path                           PID  Runtime      # DAGs    # Errors  Last Runtime    Last Run
--------------------------------  -----  ---------  --------  ----------  --------------  -------------------
/opt/airflow/dags/DAG_scraper.py    174  0.01s             0           1  0.06s           2025-09-24T09:53:25
================================================================================
[2025-09-24T09:54:26.169+0000] {manager.py:878} INFO - 
================================================================================
DAG File Processing Stats

File Path                           PID  Runtime      # DAGs    # Errors  Last Runtime    Last Run
--------------------------------  -----  ---------  --------  ----------  --------------  -------------------
/opt/airflow/dags/DAG_scraper.py    175  0.01s             0           1  0.04s           2025-09-24T09:53:55
================================================================================
[2025-09-24T10:32:19.416+0000] {manager.py:737} INFO - Searching for files in /opt/airflow/dags
[2025-09-24T10:32:19.427+0000] {manager.py:740} INFO - There are 1 files in /opt/airflow/dags
[2025-09-24T10:32:43.666+0000] {manager.py:878} INFO - 
================================================================================
DAG File Processing Stats

File Path                         PID    Runtime      # DAGs    # Errors  Last Runtime    Last Run
--------------------------------  -----  ---------  --------  ----------  --------------  -------------------
/opt/airflow/dags/DAG_scraper.py                           0           1  0.04s           2025-09-24T10:32:19
================================================================================
[2025-09-24T10:33:13.971+0000] {manager.py:878} INFO - 
================================================================================
DAG File Processing Stats

File Path                         PID    Runtime      # DAGs    # Errors  Last Runtime    Last Run
--------------------------------  -----  ---------  --------  ----------  --------------  -------------------
/opt/airflow/dags/DAG_scraper.py                           0           1  0.06s           2025-09-24T10:32:49
================================================================================
[2025-09-24T10:33:44.260+0000] {manager.py:878} INFO - 
================================================================================
DAG File Processing Stats

File Path                         PID    Runtime      # DAGs    # Errors  Last Runtime    Last Run
--------------------------------  -----  ---------  --------  ----------  --------------  -------------------
/opt/airflow/dags/DAG_scraper.py                           0           1  0.06s           2025-09-24T10:33:20
================================================================================
[2025-09-24T10:34:14.528+0000] {manager.py:878} INFO - 
================================================================================
DAG File Processing Stats

File Path                         PID    Runtime      # DAGs    # Errors  Last Runtime    Last Run
--------------------------------  -----  ---------  --------  ----------  --------------  -------------------
/opt/airflow/dags/DAG_scraper.py                           0           1  0.06s           2025-09-24T10:33:50
================================================================================
[2025-09-24T10:34:44.833+0000] {manager.py:878} INFO - 
================================================================================
DAG File Processing Stats

File Path                         PID    Runtime      # DAGs    # Errors  Last Runtime    Last Run
--------------------------------  -----  ---------  --------  ----------  --------------  -------------------
/opt/airflow/dags/DAG_scraper.py                           0           1  0.05s           2025-09-24T10:34:20
================================================================================
[2025-09-24T10:35:15.158+0000] {manager.py:878} INFO - 
================================================================================
DAG File Processing Stats

File Path                         PID    Runtime      # DAGs    # Errors  Last Runtime    Last Run
--------------------------------  -----  ---------  --------  ----------  --------------  -------------------
/opt/airflow/dags/DAG_scraper.py                           0           1  0.04s           2025-09-24T10:34:50
================================================================================
[2025-09-24T10:35:45.485+0000] {manager.py:878} INFO - 
================================================================================
DAG File Processing Stats

File Path                         PID    Runtime      # DAGs    # Errors  Last Runtime    Last Run
--------------------------------  -----  ---------  --------  ----------  --------------  -------------------
/opt/airflow/dags/DAG_scraper.py                           0           1  0.08s           2025-09-24T10:35:21
================================================================================
[2025-09-24T10:36:15.801+0000] {manager.py:878} INFO - 
================================================================================
DAG File Processing Stats

File Path                         PID    Runtime      # DAGs    # Errors  Last Runtime    Last Run
--------------------------------  -----  ---------  --------  ----------  --------------  -------------------
/opt/airflow/dags/DAG_scraper.py                           0           1  0.06s           2025-09-24T10:35:51
================================================================================
[2025-09-24T10:36:46.125+0000] {manager.py:878} INFO - 
================================================================================
DAG File Processing Stats

File Path                         PID    Runtime      # DAGs    # Errors  Last Runtime    Last Run
--------------------------------  -----  ---------  --------  ----------  --------------  -------------------
/opt/airflow/dags/DAG_scraper.py                           0           1  0.05s           2025-09-24T10:36:21
================================================================================
[2025-09-24T10:37:16.449+0000] {manager.py:878} INFO - 
================================================================================
DAG File Processing Stats

File Path                         PID    Runtime      # DAGs    # Errors  Last Runtime    Last Run
--------------------------------  -----  ---------  --------  ----------  --------------  -------------------
/opt/airflow/dags/DAG_scraper.py                           0           1  0.06s           2025-09-24T10:36:52
================================================================================
[2025-09-24T10:37:19.484+0000] {manager.py:737} INFO - Searching for files in /opt/airflow/dags
[2025-09-24T10:37:19.509+0000] {manager.py:740} INFO - There are 1 files in /opt/airflow/dags
[2025-09-24T10:37:46.828+0000] {manager.py:878} INFO - 
================================================================================
DAG File Processing Stats

File Path                         PID    Runtime      # DAGs    # Errors  Last Runtime    Last Run
--------------------------------  -----  ---------  --------  ----------  --------------  -------------------
/opt/airflow/dags/DAG_scraper.py                           0           1  0.06s           2025-09-24T10:37:22
================================================================================
[2025-09-24T10:38:17.156+0000] {manager.py:878} INFO - 
================================================================================
DAG File Processing Stats

File Path                         PID    Runtime      # DAGs    # Errors  Last Runtime    Last Run
--------------------------------  -----  ---------  --------  ----------  --------------  -------------------
/opt/airflow/dags/DAG_scraper.py                           0           1  0.08s           2025-09-24T10:37:52
================================================================================
[2025-09-24T10:38:47.474+0000] {manager.py:878} INFO - 
================================================================================
DAG File Processing Stats

File Path                         PID    Runtime      # DAGs    # Errors  Last Runtime    Last Run
--------------------------------  -----  ---------  --------  ----------  --------------  -------------------
/opt/airflow/dags/DAG_scraper.py                           0           1  0.08s           2025-09-24T10:38:23
================================================================================
[2025-09-24T10:39:17.788+0000] {manager.py:878} INFO - 
================================================================================
DAG File Processing Stats

File Path                         PID    Runtime      # DAGs    # Errors  Last Runtime    Last Run
--------------------------------  -----  ---------  --------  ----------  --------------  -------------------
/opt/airflow/dags/DAG_scraper.py                           0           1  0.07s           2025-09-24T10:38:53
================================================================================
[2025-09-24T10:39:48.112+0000] {manager.py:878} INFO - 
================================================================================
DAG File Processing Stats

File Path                         PID    Runtime      # DAGs    # Errors  Last Runtime    Last Run
--------------------------------  -----  ---------  --------  ----------  --------------  -------------------
/opt/airflow/dags/DAG_scraper.py                           0           1  0.07s           2025-09-24T10:39:23
================================================================================
[2025-09-24T10:40:18.380+0000] {manager.py:878} INFO - 
================================================================================
DAG File Processing Stats

File Path                         PID    Runtime      # DAGs    # Errors  Last Runtime    Last Run
--------------------------------  -----  ---------  --------  ----------  --------------  -------------------
/opt/airflow/dags/DAG_scraper.py                           0           1  0.04s           2025-09-24T10:39:54
================================================================================
[2025-09-24T10:40:48.676+0000] {manager.py:878} INFO - 
================================================================================
DAG File Processing Stats

File Path                         PID    Runtime      # DAGs    # Errors  Last Runtime    Last Run
--------------------------------  -----  ---------  --------  ----------  --------------  -------------------
/opt/airflow/dags/DAG_scraper.py                           0           1  0.06s           2025-09-24T10:40:24
================================================================================
[2025-09-24T10:41:18.947+0000] {manager.py:878} INFO - 
================================================================================
DAG File Processing Stats

File Path                         PID    Runtime      # DAGs    # Errors  Last Runtime    Last Run
--------------------------------  -----  ---------  --------  ----------  --------------  -------------------
/opt/airflow/dags/DAG_scraper.py                           0           1  0.06s           2025-09-24T10:40:54
================================================================================
[2025-09-24T10:41:49.257+0000] {manager.py:878} INFO - 
================================================================================
DAG File Processing Stats

File Path                         PID    Runtime      # DAGs    # Errors  Last Runtime    Last Run
--------------------------------  -----  ---------  --------  ----------  --------------  -------------------
/opt/airflow/dags/DAG_scraper.py                           0           1  0.06s           2025-09-24T10:41:25
================================================================================
[2025-09-24T10:42:19.533+0000] {manager.py:737} INFO - Searching for files in /opt/airflow/dags
[2025-09-24T10:42:19.550+0000] {manager.py:740} INFO - There are 1 files in /opt/airflow/dags
[2025-09-24T10:42:19.560+0000] {manager.py:878} INFO - 
================================================================================
DAG File Processing Stats

File Path                         PID    Runtime      # DAGs    # Errors  Last Runtime    Last Run
--------------------------------  -----  ---------  --------  ----------  --------------  -------------------
/opt/airflow/dags/DAG_scraper.py                           0           1  0.08s           2025-09-24T10:41:55
================================================================================
[2025-09-24T10:42:49.837+0000] {manager.py:878} INFO - 
================================================================================
DAG File Processing Stats

File Path                         PID    Runtime      # DAGs    # Errors  Last Runtime    Last Run
--------------------------------  -----  ---------  --------  ----------  --------------  -------------------
/opt/airflow/dags/DAG_scraper.py                           0           1  0.06s           2025-09-24T10:42:25
================================================================================
[2025-09-24T10:43:20.145+0000] {manager.py:878} INFO - 
================================================================================
DAG File Processing Stats

File Path                         PID    Runtime      # DAGs    # Errors  Last Runtime    Last Run
--------------------------------  -----  ---------  --------  ----------  --------------  -------------------
/opt/airflow/dags/DAG_scraper.py                           0           1  0.06s           2025-09-24T10:42:55
================================================================================
[2025-09-24T10:43:50.426+0000] {manager.py:878} INFO - 
================================================================================
DAG File Processing Stats

File Path                         PID    Runtime      # DAGs    # Errors  Last Runtime    Last Run
--------------------------------  -----  ---------  --------  ----------  --------------  -------------------
/opt/airflow/dags/DAG_scraper.py                           0           1  0.07s           2025-09-24T10:43:26
================================================================================
[2025-09-24T10:44:20.725+0000] {manager.py:878} INFO - 
================================================================================
DAG File Processing Stats

File Path                         PID    Runtime      # DAGs    # Errors  Last Runtime    Last Run
--------------------------------  -----  ---------  --------  ----------  --------------  -------------------
/opt/airflow/dags/DAG_scraper.py                           0           1  0.06s           2025-09-24T10:43:56
================================================================================
[2025-09-24T10:44:51.114+0000] {manager.py:878} INFO - 
================================================================================
DAG File Processing Stats

File Path                         PID    Runtime      # DAGs    # Errors  Last Runtime    Last Run
--------------------------------  -----  ---------  --------  ----------  --------------  -------------------
/opt/airflow/dags/DAG_scraper.py                           0           1  0.09s           2025-09-24T10:44:26
================================================================================
[2025-09-24T10:45:21.399+0000] {manager.py:878} INFO - 
================================================================================
DAG File Processing Stats

File Path                         PID    Runtime      # DAGs    # Errors  Last Runtime    Last Run
--------------------------------  -----  ---------  --------  ----------  --------------  -------------------
/opt/airflow/dags/DAG_scraper.py                           0           1  0.08s           2025-09-24T10:44:57
================================================================================
[2025-09-24T10:45:51.743+0000] {manager.py:878} INFO - 
================================================================================
DAG File Processing Stats

File Path                         PID    Runtime      # DAGs    # Errors  Last Runtime    Last Run
--------------------------------  -----  ---------  --------  ----------  --------------  -------------------
/opt/airflow/dags/DAG_scraper.py                           0           1  0.08s           2025-09-24T10:45:27
================================================================================
[2025-09-24T10:46:22.071+0000] {manager.py:878} INFO - 
================================================================================
DAG File Processing Stats

File Path                         PID    Runtime      # DAGs    # Errors  Last Runtime    Last Run
--------------------------------  -----  ---------  --------  ----------  --------------  -------------------
/opt/airflow/dags/DAG_scraper.py                           0           1  0.05s           2025-09-24T10:45:57
================================================================================
[2025-09-24T10:46:52.386+0000] {manager.py:878} INFO - 
================================================================================
DAG File Processing Stats

File Path                         PID    Runtime      # DAGs    # Errors  Last Runtime    Last Run
--------------------------------  -----  ---------  --------  ----------  --------------  -------------------
/opt/airflow/dags/DAG_scraper.py                           0           1  0.05s           2025-09-24T10:46:28
================================================================================
[2025-09-24T10:47:19.664+0000] {manager.py:737} INFO - Searching for files in /opt/airflow/dags
[2025-09-24T10:47:19.685+0000] {manager.py:740} INFO - There are 1 files in /opt/airflow/dags
[2025-09-24T10:47:22.733+0000] {manager.py:878} INFO - 
================================================================================
DAG File Processing Stats

File Path                         PID    Runtime      # DAGs    # Errors  Last Runtime    Last Run
--------------------------------  -----  ---------  --------  ----------  --------------  -------------------
/opt/airflow/dags/DAG_scraper.py                           0           1  0.06s           2025-09-24T10:46:58
================================================================================
[2025-09-24T10:47:53.055+0000] {manager.py:878} INFO - 
================================================================================
DAG File Processing Stats

File Path                         PID    Runtime      # DAGs    # Errors  Last Runtime    Last Run
--------------------------------  -----  ---------  --------  ----------  --------------  -------------------
/opt/airflow/dags/DAG_scraper.py                           0           1  0.06s           2025-09-24T10:47:28
================================================================================
[2025-09-24T10:48:23.383+0000] {manager.py:878} INFO - 
================================================================================
DAG File Processing Stats

File Path                         PID    Runtime      # DAGs    # Errors  Last Runtime    Last Run
--------------------------------  -----  ---------  --------  ----------  --------------  -------------------
/opt/airflow/dags/DAG_scraper.py                           0           1  0.10s           2025-09-24T10:47:59
================================================================================
[2025-09-24T10:48:53.701+0000] {manager.py:878} INFO - 
================================================================================
DAG File Processing Stats

File Path                         PID    Runtime      # DAGs    # Errors  Last Runtime    Last Run
--------------------------------  -----  ---------  --------  ----------  --------------  -------------------
/opt/airflow/dags/DAG_scraper.py                           0           1  0.06s           2025-09-24T10:48:29
================================================================================
[2025-09-24T10:49:24.007+0000] {manager.py:878} INFO - 
================================================================================
DAG File Processing Stats

File Path                         PID    Runtime      # DAGs    # Errors  Last Runtime    Last Run
--------------------------------  -----  ---------  --------  ----------  --------------  -------------------
/opt/airflow/dags/DAG_scraper.py                           0           1  0.06s           2025-09-24T10:48:59
================================================================================
[2025-09-24T10:49:54.313+0000] {manager.py:878} INFO - 
================================================================================
DAG File Processing Stats

File Path                         PID    Runtime      # DAGs    # Errors  Last Runtime    Last Run
--------------------------------  -----  ---------  --------  ----------  --------------  -------------------
/opt/airflow/dags/DAG_scraper.py                           0           1  0.07s           2025-09-24T10:49:30
================================================================================
[2025-09-24T10:50:24.612+0000] {manager.py:878} INFO - 
================================================================================
DAG File Processing Stats

File Path                         PID    Runtime      # DAGs    # Errors  Last Runtime    Last Run
--------------------------------  -----  ---------  --------  ----------  --------------  -------------------
/opt/airflow/dags/DAG_scraper.py                           0           1  0.06s           2025-09-24T10:50:00
================================================================================
[2025-09-24T10:50:54.901+0000] {manager.py:878} INFO - 
================================================================================
DAG File Processing Stats

File Path                         PID    Runtime      # DAGs    # Errors  Last Runtime    Last Run
--------------------------------  -----  ---------  --------  ----------  --------------  -------------------
/opt/airflow/dags/DAG_scraper.py                           0           1  0.06s           2025-09-24T10:50:30
================================================================================
[2025-09-24T10:51:25.174+0000] {manager.py:878} INFO - 
================================================================================
DAG File Processing Stats

File Path                         PID    Runtime      # DAGs    # Errors  Last Runtime    Last Run
--------------------------------  -----  ---------  --------  ----------  --------------  -------------------
/opt/airflow/dags/DAG_scraper.py                           0           1  0.05s           2025-09-24T10:51:01
================================================================================
[2025-09-24T10:51:55.487+0000] {manager.py:878} INFO - 
================================================================================
DAG File Processing Stats

File Path                         PID    Runtime      # DAGs    # Errors  Last Runtime    Last Run
--------------------------------  -----  ---------  --------  ----------  --------------  -------------------
/opt/airflow/dags/DAG_scraper.py                           0           1  0.08s           2025-09-24T10:51:31
================================================================================
[2025-09-24T10:52:19.696+0000] {manager.py:737} INFO - Searching for files in /opt/airflow/dags
[2025-09-24T10:52:19.721+0000] {manager.py:740} INFO - There are 1 files in /opt/airflow/dags
[2025-09-24T10:52:25.790+0000] {manager.py:878} INFO - 
================================================================================
DAG File Processing Stats

File Path                         PID    Runtime      # DAGs    # Errors  Last Runtime    Last Run
--------------------------------  -----  ---------  --------  ----------  --------------  -------------------
/opt/airflow/dags/DAG_scraper.py                           0           1  0.09s           2025-09-24T10:52:01
================================================================================
[2025-09-24T10:52:56.131+0000] {manager.py:878} INFO - 
================================================================================
DAG File Processing Stats

File Path                         PID    Runtime      # DAGs    # Errors  Last Runtime    Last Run
--------------------------------  -----  ---------  --------  ----------  --------------  -------------------
/opt/airflow/dags/DAG_scraper.py                           0           1  0.08s           2025-09-24T10:52:31
================================================================================
[2025-09-24T10:53:26.479+0000] {manager.py:878} INFO - 
================================================================================
DAG File Processing Stats

File Path                         PID    Runtime      # DAGs    # Errors  Last Runtime    Last Run
--------------------------------  -----  ---------  --------  ----------  --------------  -------------------
/opt/airflow/dags/DAG_scraper.py                           0           1  0.10s           2025-09-24T10:53:02
================================================================================
[2025-09-24T10:53:56.812+0000] {manager.py:878} INFO - 
================================================================================
DAG File Processing Stats

File Path                         PID    Runtime      # DAGs    # Errors  Last Runtime    Last Run
--------------------------------  -----  ---------  --------  ----------  --------------  -------------------
/opt/airflow/dags/DAG_scraper.py                           0           1  0.09s           2025-09-24T10:53:32
================================================================================
[2025-09-24T10:54:27.148+0000] {manager.py:878} INFO - 
================================================================================
DAG File Processing Stats

File Path                         PID    Runtime      # DAGs    # Errors  Last Runtime    Last Run
--------------------------------  -----  ---------  --------  ----------  --------------  -------------------
/opt/airflow/dags/DAG_scraper.py                           0           1  0.08s           2025-09-24T10:54:02
================================================================================
[2025-09-24T10:54:57.480+0000] {manager.py:878} INFO - 
================================================================================
DAG File Processing Stats

File Path                         PID    Runtime      # DAGs    # Errors  Last Runtime    Last Run
--------------------------------  -----  ---------  --------  ----------  --------------  -------------------
/opt/airflow/dags/DAG_scraper.py                           0           1  0.09s           2025-09-24T10:54:33
================================================================================
[2025-09-24T10:55:27.796+0000] {manager.py:878} INFO - 
================================================================================
DAG File Processing Stats

File Path                         PID    Runtime      # DAGs    # Errors  Last Runtime    Last Run
--------------------------------  -----  ---------  --------  ----------  --------------  -------------------
/opt/airflow/dags/DAG_scraper.py                           0           1  0.06s           2025-09-24T10:55:03
================================================================================
[2025-09-24T10:55:58.151+0000] {manager.py:878} INFO - 
================================================================================
DAG File Processing Stats

File Path                         PID    Runtime      # DAGs    # Errors  Last Runtime    Last Run
--------------------------------  -----  ---------  --------  ----------  --------------  -------------------
/opt/airflow/dags/DAG_scraper.py                           0           1  0.07s           2025-09-24T10:55:33
================================================================================
[2025-09-24T10:56:28.458+0000] {manager.py:878} INFO - 
================================================================================
DAG File Processing Stats

File Path                         PID    Runtime      # DAGs    # Errors  Last Runtime    Last Run
--------------------------------  -----  ---------  --------  ----------  --------------  -------------------
/opt/airflow/dags/DAG_scraper.py                           0           1  0.07s           2025-09-24T10:56:04
================================================================================
[2025-09-24T10:56:58.769+0000] {manager.py:878} INFO - 
================================================================================
DAG File Processing Stats

File Path                         PID    Runtime      # DAGs    # Errors  Last Runtime    Last Run
--------------------------------  -----  ---------  --------  ----------  --------------  -------------------
/opt/airflow/dags/DAG_scraper.py                           0           1  0.09s           2025-09-24T10:56:34
================================================================================
[2025-09-24T10:57:20.001+0000] {manager.py:737} INFO - Searching for files in /opt/airflow/dags
[2025-09-24T10:57:20.023+0000] {manager.py:740} INFO - There are 1 files in /opt/airflow/dags
[2025-09-24T10:57:29.117+0000] {manager.py:878} INFO - 
================================================================================
DAG File Processing Stats

File Path                         PID    Runtime      # DAGs    # Errors  Last Runtime    Last Run
--------------------------------  -----  ---------  --------  ----------  --------------  -------------------
/opt/airflow/dags/DAG_scraper.py                           0           1  0.06s           2025-09-24T10:57:04
================================================================================
[2025-09-24T10:57:59.441+0000] {manager.py:878} INFO - 
================================================================================
DAG File Processing Stats

File Path                         PID    Runtime      # DAGs    # Errors  Last Runtime    Last Run
--------------------------------  -----  ---------  --------  ----------  --------------  -------------------
/opt/airflow/dags/DAG_scraper.py                           0           1  0.08s           2025-09-24T10:57:35
================================================================================
[2025-09-24T10:58:29.729+0000] {manager.py:878} INFO - 
================================================================================
DAG File Processing Stats

File Path                         PID    Runtime      # DAGs    # Errors  Last Runtime    Last Run
--------------------------------  -----  ---------  --------  ----------  --------------  -------------------
/opt/airflow/dags/DAG_scraper.py                           0           1  0.05s           2025-09-24T10:58:05
================================================================================
[2025-09-24T10:58:59.987+0000] {manager.py:878} INFO - 
================================================================================
DAG File Processing Stats

File Path                         PID    Runtime      # DAGs    # Errors  Last Runtime    Last Run
--------------------------------  -----  ---------  --------  ----------  --------------  -------------------
/opt/airflow/dags/DAG_scraper.py                           0           1  0.03s           2025-09-24T10:58:35
================================================================================
[2025-09-24T10:59:30.294+0000] {manager.py:878} INFO - 
================================================================================
DAG File Processing Stats

File Path                         PID    Runtime      # DAGs    # Errors  Last Runtime    Last Run
--------------------------------  -----  ---------  --------  ----------  --------------  -------------------
/opt/airflow/dags/DAG_scraper.py                           0           1  0.07s           2025-09-24T10:59:06
================================================================================
[2025-09-24T11:00:00.652+0000] {manager.py:878} INFO - 
================================================================================
DAG File Processing Stats

File Path                         PID    Runtime      # DAGs    # Errors  Last Runtime    Last Run
--------------------------------  -----  ---------  --------  ----------  --------------  -------------------
/opt/airflow/dags/DAG_scraper.py                           0           1  0.07s           2025-09-24T10:59:36
================================================================================
[2025-09-24T11:00:30.949+0000] {manager.py:878} INFO - 
================================================================================
DAG File Processing Stats

File Path                         PID    Runtime      # DAGs    # Errors  Last Runtime    Last Run
--------------------------------  -----  ---------  --------  ----------  --------------  -------------------
/opt/airflow/dags/DAG_scraper.py                           0           1  0.07s           2025-09-24T11:00:06
================================================================================
[2025-09-24T11:01:01.246+0000] {manager.py:878} INFO - 
================================================================================
DAG File Processing Stats

File Path                         PID    Runtime      # DAGs    # Errors  Last Runtime    Last Run
--------------------------------  -----  ---------  --------  ----------  --------------  -------------------
/opt/airflow/dags/DAG_scraper.py                           0           1  0.08s           2025-09-24T11:00:37
================================================================================
[2025-09-24T11:01:31.598+0000] {manager.py:878} INFO - 
================================================================================
DAG File Processing Stats

File Path                         PID    Runtime      # DAGs    # Errors  Last Runtime    Last Run
--------------------------------  -----  ---------  --------  ----------  --------------  -------------------
/opt/airflow/dags/DAG_scraper.py                           0           1  0.09s           2025-09-24T11:01:07
================================================================================
[2025-09-24T11:02:01.942+0000] {manager.py:878} INFO - 
================================================================================
DAG File Processing Stats

File Path                         PID    Runtime      # DAGs    # Errors  Last Runtime    Last Run
--------------------------------  -----  ---------  --------  ----------  --------------  -------------------
/opt/airflow/dags/DAG_scraper.py                           0           1  0.09s           2025-09-24T11:01:37
================================================================================
[2025-09-24T11:02:20.191+0000] {manager.py:737} INFO - Searching for files in /opt/airflow/dags
[2025-09-24T11:02:20.208+0000] {manager.py:740} INFO - There are 1 files in /opt/airflow/dags
[2025-09-24T11:02:32.335+0000] {manager.py:878} INFO - 
================================================================================
DAG File Processing Stats

File Path                         PID    Runtime      # DAGs    # Errors  Last Runtime    Last Run
--------------------------------  -----  ---------  --------  ----------  --------------  -------------------
/opt/airflow/dags/DAG_scraper.py                           0           1  0.10s           2025-09-24T11:02:08
================================================================================
[2025-09-24T11:03:02.689+0000] {manager.py:878} INFO - 
================================================================================
DAG File Processing Stats

File Path                         PID    Runtime      # DAGs    # Errors  Last Runtime    Last Run
--------------------------------  -----  ---------  --------  ----------  --------------  -------------------
/opt/airflow/dags/DAG_scraper.py                           0           1  0.06s           2025-09-24T11:02:38
================================================================================
[2025-09-24T11:03:33.029+0000] {manager.py:878} INFO - 
================================================================================
DAG File Processing Stats

File Path                         PID    Runtime      # DAGs    # Errors  Last Runtime    Last Run
--------------------------------  -----  ---------  --------  ----------  --------------  -------------------
/opt/airflow/dags/DAG_scraper.py                           0           1  0.07s           2025-09-24T11:03:08
================================================================================
[2025-09-24T11:04:03.378+0000] {manager.py:878} INFO - 
================================================================================
DAG File Processing Stats

File Path                         PID    Runtime      # DAGs    # Errors  Last Runtime    Last Run
--------------------------------  -----  ---------  --------  ----------  --------------  -------------------
/opt/airflow/dags/DAG_scraper.py                           0           1  0.07s           2025-09-24T11:03:39
================================================================================
[2025-09-24T11:04:33.762+0000] {manager.py:878} INFO - 
================================================================================
DAG File Processing Stats

File Path                         PID    Runtime      # DAGs    # Errors  Last Runtime    Last Run
--------------------------------  -----  ---------  --------  ----------  --------------  -------------------
/opt/airflow/dags/DAG_scraper.py                           0           1  0.07s           2025-09-24T11:04:09
================================================================================
[2025-09-24T11:35:22.239+0000] {manager.py:737} INFO - Searching for files in /opt/airflow/dags
[2025-09-24T11:35:22.252+0000] {manager.py:740} INFO - There are 1 files in /opt/airflow/dags
[2025-09-24T11:35:36.413+0000] {manager.py:878} INFO - 
================================================================================
DAG File Processing Stats

File Path                         PID    Runtime      # DAGs    # Errors  Last Runtime    Last Run
--------------------------------  -----  ---------  --------  ----------  --------------  -------------------
/opt/airflow/dags/DAG_scraper.py                           0           1  0.05s           2025-09-24T11:35:22
================================================================================
[2025-09-24T11:36:06.732+0000] {manager.py:878} INFO - 
================================================================================
DAG File Processing Stats

File Path                         PID    Runtime      # DAGs    # Errors  Last Runtime    Last Run
--------------------------------  -----  ---------  --------  ----------  --------------  -------------------
/opt/airflow/dags/DAG_scraper.py                           0           1  0.05s           2025-09-24T11:35:52
================================================================================
[2025-09-24T11:36:37.049+0000] {manager.py:878} INFO - 
================================================================================
DAG File Processing Stats

File Path                         PID    Runtime      # DAGs    # Errors  Last Runtime    Last Run
--------------------------------  -----  ---------  --------  ----------  --------------  -------------------
/opt/airflow/dags/DAG_scraper.py                           0           1  0.06s           2025-09-24T11:36:22
================================================================================
[2025-09-24T11:37:07.356+0000] {manager.py:878} INFO - 
================================================================================
DAG File Processing Stats

File Path                         PID    Runtime      # DAGs    # Errors  Last Runtime    Last Run
--------------------------------  -----  ---------  --------  ----------  --------------  -------------------
/opt/airflow/dags/DAG_scraper.py                           0           1  0.08s           2025-09-24T11:36:53
================================================================================
[2025-09-24T11:37:37.632+0000] {manager.py:878} INFO - 
================================================================================
DAG File Processing Stats

File Path                         PID    Runtime      # DAGs    # Errors  Last Runtime    Last Run
--------------------------------  -----  ---------  --------  ----------  --------------  -------------------
/opt/airflow/dags/DAG_scraper.py                           0           1  0.04s           2025-09-24T11:37:23
================================================================================
[2025-09-24T11:38:07.883+0000] {manager.py:878} INFO - 
================================================================================
DAG File Processing Stats

File Path                         PID    Runtime      # DAGs    # Errors  Last Runtime    Last Run
--------------------------------  -----  ---------  --------  ----------  --------------  -------------------
/opt/airflow/dags/DAG_scraper.py                           0           1  0.04s           2025-09-24T11:37:53
================================================================================
[2025-09-24T11:38:38.160+0000] {manager.py:878} INFO - 
================================================================================
DAG File Processing Stats

File Path                         PID    Runtime      # DAGs    # Errors  Last Runtime    Last Run
--------------------------------  -----  ---------  --------  ----------  --------------  -------------------
/opt/airflow/dags/DAG_scraper.py                           0           1  0.04s           2025-09-24T11:38:24
================================================================================
[2025-09-24T11:39:08.451+0000] {manager.py:878} INFO - 
================================================================================
DAG File Processing Stats

File Path                         PID    Runtime      # DAGs    # Errors  Last Runtime    Last Run
--------------------------------  -----  ---------  --------  ----------  --------------  -------------------
/opt/airflow/dags/DAG_scraper.py                           0           1  0.05s           2025-09-24T11:38:54
================================================================================
[2025-09-24T11:39:38.717+0000] {manager.py:878} INFO - 
================================================================================
DAG File Processing Stats

File Path                         PID    Runtime      # DAGs    # Errors  Last Runtime    Last Run
--------------------------------  -----  ---------  --------  ----------  --------------  -------------------
/opt/airflow/dags/DAG_scraper.py                           0           1  0.04s           2025-09-24T11:39:24
================================================================================
[2025-09-24T11:40:08.953+0000] {manager.py:878} INFO - 
================================================================================
DAG File Processing Stats

File Path                         PID    Runtime      # DAGs    # Errors  Last Runtime    Last Run
--------------------------------  -----  ---------  --------  ----------  --------------  -------------------
/opt/airflow/dags/DAG_scraper.py                           0           1  0.03s           2025-09-24T11:39:54
================================================================================
[2025-09-24T11:40:23.093+0000] {manager.py:737} INFO - Searching for files in /opt/airflow/dags
[2025-09-24T11:40:23.114+0000] {manager.py:740} INFO - There are 1 files in /opt/airflow/dags
[2025-09-24T11:40:39.314+0000] {manager.py:878} INFO - 
================================================================================
DAG File Processing Stats

File Path                         PID    Runtime      # DAGs    # Errors  Last Runtime    Last Run
--------------------------------  -----  ---------  --------  ----------  --------------  -------------------
/opt/airflow/dags/DAG_scraper.py                           0           1  0.06s           2025-09-24T11:40:25
================================================================================
[2025-09-24T11:41:09.617+0000] {manager.py:878} INFO - 
================================================================================
DAG File Processing Stats

File Path                         PID    Runtime      # DAGs    # Errors  Last Runtime    Last Run
--------------------------------  -----  ---------  --------  ----------  --------------  -------------------
/opt/airflow/dags/DAG_scraper.py                           0           1  0.05s           2025-09-24T11:40:55
================================================================================
[2025-09-24T11:41:39.957+0000] {manager.py:878} INFO - 
================================================================================
DAG File Processing Stats

File Path                         PID    Runtime      # DAGs    # Errors  Last Runtime    Last Run
--------------------------------  -----  ---------  --------  ----------  --------------  -------------------
/opt/airflow/dags/DAG_scraper.py                           0           1  0.07s           2025-09-24T11:41:25
================================================================================
[2025-09-24T11:42:10.276+0000] {manager.py:878} INFO - 
================================================================================
DAG File Processing Stats

File Path                         PID    Runtime      # DAGs    # Errors  Last Runtime    Last Run
--------------------------------  -----  ---------  --------  ----------  --------------  -------------------
/opt/airflow/dags/DAG_scraper.py                           0           1  0.07s           2025-09-24T11:41:56
================================================================================
[2025-09-24T11:42:40.624+0000] {manager.py:878} INFO - 
================================================================================
DAG File Processing Stats

File Path                         PID    Runtime      # DAGs    # Errors  Last Runtime    Last Run
--------------------------------  -----  ---------  --------  ----------  --------------  -------------------
/opt/airflow/dags/DAG_scraper.py                           0           1  0.05s           2025-09-24T11:42:26
================================================================================
[2025-09-24T11:43:10.985+0000] {manager.py:878} INFO - 
================================================================================
DAG File Processing Stats

File Path                         PID    Runtime      # DAGs    # Errors  Last Runtime    Last Run
--------------------------------  -----  ---------  --------  ----------  --------------  -------------------
/opt/airflow/dags/DAG_scraper.py                           0           1  0.10s           2025-09-24T11:42:56
================================================================================
[2025-09-24T11:43:41.306+0000] {manager.py:878} INFO - 
================================================================================
DAG File Processing Stats

File Path                         PID    Runtime      # DAGs    # Errors  Last Runtime    Last Run
--------------------------------  -----  ---------  --------  ----------  --------------  -------------------
/opt/airflow/dags/DAG_scraper.py                           0           1  0.08s           2025-09-24T11:43:27
================================================================================
[2025-09-24T11:44:11.715+0000] {manager.py:878} INFO - 
================================================================================
DAG File Processing Stats

File Path                         PID    Runtime      # DAGs    # Errors  Last Runtime    Last Run
--------------------------------  -----  ---------  --------  ----------  --------------  -------------------
/opt/airflow/dags/DAG_scraper.py                           0           1  0.08s           2025-09-24T11:43:57
================================================================================
[2025-09-24T12:21:49.783+0000] {manager.py:737} INFO - Searching for files in /opt/airflow/dags
[2025-09-24T12:21:49.795+0000] {manager.py:740} INFO - There are 1 files in /opt/airflow/dags
[2025-09-24T12:22:08.989+0000] {manager.py:878} INFO - 
================================================================================
DAG File Processing Stats

File Path                         PID    Runtime      # DAGs    # Errors  Last Runtime    Last Run
--------------------------------  -----  ---------  --------  ----------  --------------  -------------------
/opt/airflow/dags/DAG_scraper.py                           0           1  0.05s           2025-09-24T12:21:49
================================================================================
[2025-09-24T12:22:39.239+0000] {manager.py:878} INFO - 
================================================================================
DAG File Processing Stats

File Path                         PID    Runtime      # DAGs    # Errors  Last Runtime    Last Run
--------------------------------  -----  ---------  --------  ----------  --------------  -------------------
/opt/airflow/dags/DAG_scraper.py                           0           1  0.05s           2025-09-24T12:22:20
================================================================================
[2025-09-24T12:23:09.538+0000] {manager.py:878} INFO - 
================================================================================
DAG File Processing Stats

File Path                         PID    Runtime      # DAGs    # Errors  Last Runtime    Last Run
--------------------------------  -----  ---------  --------  ----------  --------------  -------------------
/opt/airflow/dags/DAG_scraper.py                           0           1  0.05s           2025-09-24T12:22:50
================================================================================
[2025-09-24T12:23:39.844+0000] {manager.py:878} INFO - 
================================================================================
DAG File Processing Stats

File Path                         PID    Runtime      # DAGs    # Errors  Last Runtime    Last Run
--------------------------------  -----  ---------  --------  ----------  --------------  -------------------
/opt/airflow/dags/DAG_scraper.py                           0           1  0.05s           2025-09-24T12:23:20
================================================================================
[2025-09-24T12:24:10.126+0000] {manager.py:878} INFO - 
================================================================================
DAG File Processing Stats

File Path                         PID    Runtime      # DAGs    # Errors  Last Runtime    Last Run
--------------------------------  -----  ---------  --------  ----------  --------------  -------------------
/opt/airflow/dags/DAG_scraper.py                           0           1  0.05s           2025-09-24T12:23:51
================================================================================
[2025-09-24T12:24:40.393+0000] {manager.py:878} INFO - 
================================================================================
DAG File Processing Stats

File Path                         PID    Runtime      # DAGs    # Errors  Last Runtime    Last Run
--------------------------------  -----  ---------  --------  ----------  --------------  -------------------
/opt/airflow/dags/DAG_scraper.py                           0           1  0.07s           2025-09-24T12:24:21
================================================================================
[2025-09-24T12:25:10.703+0000] {manager.py:878} INFO - 
================================================================================
DAG File Processing Stats

File Path                         PID    Runtime      # DAGs    # Errors  Last Runtime    Last Run
--------------------------------  -----  ---------  --------  ----------  --------------  -------------------
/opt/airflow/dags/DAG_scraper.py                           0           1  0.06s           2025-09-24T12:24:51
================================================================================
[2025-09-24T12:25:41.027+0000] {manager.py:878} INFO - 
================================================================================
DAG File Processing Stats

File Path                         PID    Runtime      # DAGs    # Errors  Last Runtime    Last Run
--------------------------------  -----  ---------  --------  ----------  --------------  -------------------
/opt/airflow/dags/DAG_scraper.py                           0           1  0.08s           2025-09-24T12:25:21
================================================================================
[2025-09-24T12:26:11.395+0000] {manager.py:878} INFO - 
================================================================================
DAG File Processing Stats

File Path                         PID    Runtime      # DAGs    # Errors  Last Runtime    Last Run
--------------------------------  -----  ---------  --------  ----------  --------------  -------------------
/opt/airflow/dags/DAG_scraper.py                           0           1  0.08s           2025-09-24T12:25:52
================================================================================
[2025-09-24T12:26:41.840+0000] {manager.py:878} INFO - 
================================================================================
DAG File Processing Stats

File Path                         PID    Runtime      # DAGs    # Errors  Last Runtime    Last Run
--------------------------------  -----  ---------  --------  ----------  --------------  -------------------
/opt/airflow/dags/DAG_scraper.py                           0           1  0.10s           2025-09-24T12:26:22
================================================================================
[2025-09-24T12:26:49.918+0000] {manager.py:737} INFO - Searching for files in /opt/airflow/dags
[2025-09-24T12:26:49.940+0000] {manager.py:740} INFO - There are 1 files in /opt/airflow/dags
[2025-09-24T12:27:12.227+0000] {manager.py:878} INFO - 
================================================================================
DAG File Processing Stats

File Path                         PID    Runtime      # DAGs    # Errors  Last Runtime    Last Run
--------------------------------  -----  ---------  --------  ----------  --------------  -------------------
/opt/airflow/dags/DAG_scraper.py                           0           1  0.08s           2025-09-24T12:26:53
================================================================================
[2025-09-24T12:27:42.548+0000] {manager.py:878} INFO - 
================================================================================
DAG File Processing Stats

File Path                         PID    Runtime      # DAGs    # Errors  Last Runtime    Last Run
--------------------------------  -----  ---------  --------  ----------  --------------  -------------------
/opt/airflow/dags/DAG_scraper.py                           0           1  0.08s           2025-09-24T12:27:23
================================================================================
[2025-09-24T12:28:12.860+0000] {manager.py:878} INFO - 
================================================================================
DAG File Processing Stats

File Path                         PID    Runtime      # DAGs    # Errors  Last Runtime    Last Run
--------------------------------  -----  ---------  --------  ----------  --------------  -------------------
/opt/airflow/dags/DAG_scraper.py                           0           1  0.07s           2025-09-24T12:27:53
================================================================================
[2025-09-24T12:28:43.189+0000] {manager.py:878} INFO - 
================================================================================
DAG File Processing Stats

File Path                         PID    Runtime      # DAGs    # Errors  Last Runtime    Last Run
--------------------------------  -----  ---------  --------  ----------  --------------  -------------------
/opt/airflow/dags/DAG_scraper.py                           0           1  0.07s           2025-09-24T12:28:24
================================================================================
[2025-09-24T12:29:13.511+0000] {manager.py:878} INFO - 
================================================================================
DAG File Processing Stats

File Path                         PID    Runtime      # DAGs    # Errors  Last Runtime    Last Run
--------------------------------  -----  ---------  --------  ----------  --------------  -------------------
/opt/airflow/dags/DAG_scraper.py                           0           1  0.10s           2025-09-24T12:28:54
================================================================================
[2025-09-24T12:29:43.788+0000] {manager.py:878} INFO - 
================================================================================
DAG File Processing Stats

File Path                         PID    Runtime      # DAGs    # Errors  Last Runtime    Last Run
--------------------------------  -----  ---------  --------  ----------  --------------  -------------------
/opt/airflow/dags/DAG_scraper.py                           0           1  0.04s           2025-09-24T12:29:24
================================================================================
[2025-09-24T12:30:14.093+0000] {manager.py:878} INFO - 
================================================================================
DAG File Processing Stats

File Path                         PID    Runtime      # DAGs    # Errors  Last Runtime    Last Run
--------------------------------  -----  ---------  --------  ----------  --------------  -------------------
/opt/airflow/dags/DAG_scraper.py                           0           1  0.05s           2025-09-24T12:29:54
================================================================================
[2025-09-24T12:30:44.375+0000] {manager.py:878} INFO - 
================================================================================
DAG File Processing Stats

File Path                         PID    Runtime      # DAGs    # Errors  Last Runtime    Last Run
--------------------------------  -----  ---------  --------  ----------  --------------  -------------------
/opt/airflow/dags/DAG_scraper.py                           0           1  0.06s           2025-09-24T12:30:25
================================================================================
[2025-09-24T12:31:14.695+0000] {manager.py:878} INFO - 
================================================================================
DAG File Processing Stats

File Path                         PID    Runtime      # DAGs    # Errors  Last Runtime    Last Run
--------------------------------  -----  ---------  --------  ----------  --------------  -------------------
/opt/airflow/dags/DAG_scraper.py                           0           1  0.08s           2025-09-24T12:30:55
================================================================================
[2025-09-24T12:31:45.032+0000] {manager.py:878} INFO - 
================================================================================
DAG File Processing Stats

File Path                         PID    Runtime      # DAGs    # Errors  Last Runtime    Last Run
--------------------------------  -----  ---------  --------  ----------  --------------  -------------------
/opt/airflow/dags/DAG_scraper.py                           0           1  0.08s           2025-09-24T12:31:25
================================================================================
[2025-09-24T12:31:50.084+0000] {manager.py:737} INFO - Searching for files in /opt/airflow/dags
[2025-09-24T12:31:50.103+0000] {manager.py:740} INFO - There are 1 files in /opt/airflow/dags
[2025-09-24T12:32:15.353+0000] {manager.py:878} INFO - 
================================================================================
DAG File Processing Stats

File Path                         PID    Runtime      # DAGs    # Errors  Last Runtime    Last Run
--------------------------------  -----  ---------  --------  ----------  --------------  -------------------
/opt/airflow/dags/DAG_scraper.py                           0           1  0.07s           2025-09-24T12:31:56
================================================================================
[2025-09-24T12:32:45.676+0000] {manager.py:878} INFO - 
================================================================================
DAG File Processing Stats

File Path                         PID    Runtime      # DAGs    # Errors  Last Runtime    Last Run
--------------------------------  -----  ---------  --------  ----------  --------------  -------------------
/opt/airflow/dags/DAG_scraper.py                           0           1  0.08s           2025-09-24T12:32:26
================================================================================
[2025-09-24T12:33:15.985+0000] {manager.py:878} INFO - 
================================================================================
DAG File Processing Stats

File Path                         PID    Runtime      # DAGs    # Errors  Last Runtime    Last Run
--------------------------------  -----  ---------  --------  ----------  --------------  -------------------
/opt/airflow/dags/DAG_scraper.py                           0           1  0.08s           2025-09-24T12:32:56
================================================================================
[2025-09-24T12:33:46.309+0000] {manager.py:878} INFO - 
================================================================================
DAG File Processing Stats

File Path                         PID    Runtime      # DAGs    # Errors  Last Runtime    Last Run
--------------------------------  -----  ---------  --------  ----------  --------------  -------------------
/opt/airflow/dags/DAG_scraper.py                           0           1  0.07s           2025-09-24T12:33:27
================================================================================
[2025-09-24T12:34:16.637+0000] {manager.py:878} INFO - 
================================================================================
DAG File Processing Stats

File Path                         PID    Runtime      # DAGs    # Errors  Last Runtime    Last Run
--------------------------------  -----  ---------  --------  ----------  --------------  -------------------
/opt/airflow/dags/DAG_scraper.py                           0           1  0.08s           2025-09-24T12:33:57
================================================================================
[2025-09-24T12:34:46.949+0000] {manager.py:878} INFO - 
================================================================================
DAG File Processing Stats

File Path                         PID    Runtime      # DAGs    # Errors  Last Runtime    Last Run
--------------------------------  -----  ---------  --------  ----------  --------------  -------------------
/opt/airflow/dags/DAG_scraper.py                           0           1  0.06s           2025-09-24T12:34:27
================================================================================
[2025-09-24T12:35:17.254+0000] {manager.py:878} INFO - 
================================================================================
DAG File Processing Stats

File Path                         PID    Runtime      # DAGs    # Errors  Last Runtime    Last Run
--------------------------------  -----  ---------  --------  ----------  --------------  -------------------
/opt/airflow/dags/DAG_scraper.py                           0           1  0.05s           2025-09-24T12:34:58
================================================================================
[2025-09-24T12:35:47.549+0000] {manager.py:878} INFO - 
================================================================================
DAG File Processing Stats

File Path                         PID    Runtime      # DAGs    # Errors  Last Runtime    Last Run
--------------------------------  -----  ---------  --------  ----------  --------------  -------------------
/opt/airflow/dags/DAG_scraper.py                           0           1  0.08s           2025-09-24T12:35:28
================================================================================
[2025-09-24T12:36:17.862+0000] {manager.py:878} INFO - 
================================================================================
DAG File Processing Stats

File Path                         PID    Runtime      # DAGs    # Errors  Last Runtime    Last Run
--------------------------------  -----  ---------  --------  ----------  --------------  -------------------
/opt/airflow/dags/DAG_scraper.py                           0           1  0.06s           2025-09-24T12:35:58
================================================================================
[2025-09-24T12:36:48.204+0000] {manager.py:878} INFO - 
================================================================================
DAG File Processing Stats

File Path                         PID    Runtime      # DAGs    # Errors  Last Runtime    Last Run
--------------------------------  -----  ---------  --------  ----------  --------------  -------------------
/opt/airflow/dags/DAG_scraper.py                           0           1  0.07s           2025-09-24T12:36:29
================================================================================
[2025-09-24T12:36:50.227+0000] {manager.py:737} INFO - Searching for files in /opt/airflow/dags
[2025-09-24T12:36:50.244+0000] {manager.py:740} INFO - There are 1 files in /opt/airflow/dags
[2025-09-24T12:37:18.544+0000] {manager.py:878} INFO - 
================================================================================
DAG File Processing Stats

File Path                         PID    Runtime      # DAGs    # Errors  Last Runtime    Last Run
--------------------------------  -----  ---------  --------  ----------  --------------  -------------------
/opt/airflow/dags/DAG_scraper.py                           0           1  0.08s           2025-09-24T12:36:59
================================================================================
[2025-09-24T12:37:48.878+0000] {manager.py:878} INFO - 
================================================================================
DAG File Processing Stats

File Path                         PID    Runtime      # DAGs    # Errors  Last Runtime    Last Run
--------------------------------  -----  ---------  --------  ----------  --------------  -------------------
/opt/airflow/dags/DAG_scraper.py                           0           1  0.06s           2025-09-24T12:37:29
================================================================================
[2025-09-24T12:38:19.301+0000] {manager.py:878} INFO - 
================================================================================
DAG File Processing Stats

File Path                         PID    Runtime      # DAGs    # Errors  Last Runtime    Last Run
--------------------------------  -----  ---------  --------  ----------  --------------  -------------------
/opt/airflow/dags/DAG_scraper.py                           0           1  0.09s           2025-09-24T12:38:00
================================================================================
[2025-09-24T12:38:49.591+0000] {manager.py:878} INFO - 
================================================================================
DAG File Processing Stats

File Path                         PID    Runtime      # DAGs    # Errors  Last Runtime    Last Run
--------------------------------  -----  ---------  --------  ----------  --------------  -------------------
/opt/airflow/dags/DAG_scraper.py                           0           1  0.10s           2025-09-24T12:38:30
================================================================================
[2025-09-24T12:39:19.907+0000] {manager.py:878} INFO - 
================================================================================
DAG File Processing Stats

File Path                         PID    Runtime      # DAGs    # Errors  Last Runtime    Last Run
--------------------------------  -----  ---------  --------  ----------  --------------  -------------------
/opt/airflow/dags/DAG_scraper.py                           0           1  0.13s           2025-09-24T12:39:00
================================================================================
[2025-09-24T12:39:50.225+0000] {manager.py:878} INFO - 
================================================================================
DAG File Processing Stats

File Path                         PID    Runtime      # DAGs    # Errors  Last Runtime    Last Run
--------------------------------  -----  ---------  --------  ----------  --------------  -------------------
/opt/airflow/dags/DAG_scraper.py                           0           1  0.10s           2025-09-24T12:39:31
================================================================================
[2025-09-24T12:40:20.639+0000] {manager.py:878} INFO - 
================================================================================
DAG File Processing Stats

File Path                         PID    Runtime      # DAGs    # Errors  Last Runtime    Last Run
--------------------------------  -----  ---------  --------  ----------  --------------  -------------------
/opt/airflow/dags/DAG_scraper.py                           0           1  0.10s           2025-09-24T12:40:01
================================================================================
[2025-09-24T12:40:50.958+0000] {manager.py:878} INFO - 
================================================================================
DAG File Processing Stats

File Path                         PID    Runtime      # DAGs    # Errors  Last Runtime    Last Run
--------------------------------  -----  ---------  --------  ----------  --------------  -------------------
/opt/airflow/dags/DAG_scraper.py                           0           1  0.07s           2025-09-24T12:40:31
================================================================================
[2025-09-24T12:41:21.301+0000] {manager.py:878} INFO - 
================================================================================
DAG File Processing Stats

File Path                         PID    Runtime      # DAGs    # Errors  Last Runtime    Last Run
--------------------------------  -----  ---------  --------  ----------  --------------  -------------------
/opt/airflow/dags/DAG_scraper.py                           0           1  0.09s           2025-09-24T12:41:02
================================================================================
[2025-09-24T12:41:50.571+0000] {manager.py:737} INFO - Searching for files in /opt/airflow/dags
[2025-09-24T12:41:50.594+0000] {manager.py:740} INFO - There are 1 files in /opt/airflow/dags
[2025-09-24T12:41:51.617+0000] {manager.py:878} INFO - 
================================================================================
DAG File Processing Stats

File Path                         PID    Runtime      # DAGs    # Errors  Last Runtime    Last Run
--------------------------------  -----  ---------  --------  ----------  --------------  -------------------
/opt/airflow/dags/DAG_scraper.py                           0           1  0.04s           2025-09-24T12:41:32
================================================================================
[2025-09-24T12:42:21.927+0000] {manager.py:878} INFO - 
================================================================================
DAG File Processing Stats

File Path                         PID    Runtime      # DAGs    # Errors  Last Runtime    Last Run
--------------------------------  -----  ---------  --------  ----------  --------------  -------------------
/opt/airflow/dags/DAG_scraper.py                           0           1  0.07s           2025-09-24T12:42:02
================================================================================
[2025-09-24T12:42:52.284+0000] {manager.py:878} INFO - 
================================================================================
DAG File Processing Stats

File Path                         PID    Runtime      # DAGs    # Errors  Last Runtime    Last Run
--------------------------------  -----  ---------  --------  ----------  --------------  -------------------
/opt/airflow/dags/DAG_scraper.py                           0           1  0.09s           2025-09-24T12:42:33
================================================================================
[2025-09-24T12:59:23.141+0000] {manager.py:737} INFO - Searching for files in /opt/airflow/dags
[2025-09-24T12:59:23.155+0000] {manager.py:740} INFO - There are 1 files in /opt/airflow/dags
[2025-09-24T12:59:26.290+0000] {manager.py:878} INFO - 
================================================================================
DAG File Processing Stats

File Path                         PID    Runtime      # DAGs    # Errors  Last Runtime    Last Run
--------------------------------  -----  ---------  --------  ----------  --------------  -------------------
/opt/airflow/dags/DAG_scraper.py                           0           1  0.06s           2025-09-24T12:59:23
================================================================================
[2025-09-24T15:00:22.503+0000] {manager.py:737} INFO - Searching for files in /opt/airflow/dags
[2025-09-24T15:00:22.513+0000] {manager.py:740} INFO - There are 1 files in /opt/airflow/dags
[2025-09-24T15:00:25.576+0000] {manager.py:878} INFO - 
================================================================================
DAG File Processing Stats

File Path                         PID    Runtime      # DAGs    # Errors  Last Runtime    Last Run
--------------------------------  -----  ---------  --------  ----------  --------------  -------------------
/opt/airflow/dags/DAG_scraper.py                           0           1  0.05s           2025-09-24T15:00:22
================================================================================
[2025-09-24T15:14:51.030+0000] {manager.py:737} INFO - Searching for files in /opt/airflow/dags
[2025-09-24T15:14:51.050+0000] {manager.py:740} INFO - There are 1 files in /opt/airflow/dags
[2025-09-24T15:14:55.112+0000] {manager.py:878} INFO - 
================================================================================
DAG File Processing Stats

File Path                         PID    Runtime      # DAGs    # Errors  Last Runtime    Last Run
--------------------------------  -----  ---------  --------  ----------  --------------  -------------------
/opt/airflow/dags/DAG_scraper.py                           0           1  0.05s           2025-09-24T15:14:51
================================================================================
[2025-09-24T15:15:25.424+0000] {manager.py:878} INFO - 
================================================================================
DAG File Processing Stats

File Path                         PID    Runtime      # DAGs    # Errors  Last Runtime    Last Run
--------------------------------  -----  ---------  --------  ----------  --------------  -------------------
/opt/airflow/dags/DAG_scraper.py                           0           1  0.07s           2025-09-24T15:15:21
================================================================================
[2025-09-24T15:15:55.749+0000] {manager.py:878} INFO - 
================================================================================
DAG File Processing Stats

File Path                         PID    Runtime      # DAGs    # Errors  Last Runtime    Last Run
--------------------------------  -----  ---------  --------  ----------  --------------  -------------------
/opt/airflow/dags/DAG_scraper.py                           0           1  0.05s           2025-09-24T15:15:51
================================================================================
[2025-09-24T15:16:26.018+0000] {manager.py:878} INFO - 
================================================================================
DAG File Processing Stats

File Path                         PID    Runtime      # DAGs    # Errors  Last Runtime    Last Run
--------------------------------  -----  ---------  --------  ----------  --------------  -------------------
/opt/airflow/dags/DAG_scraper.py                           0           1  0.06s           2025-09-24T15:16:22
================================================================================
[2025-09-24T15:16:56.334+0000] {manager.py:878} INFO - 
================================================================================
DAG File Processing Stats

File Path                         PID    Runtime      # DAGs    # Errors  Last Runtime    Last Run
--------------------------------  -----  ---------  --------  ----------  --------------  -------------------
/opt/airflow/dags/DAG_scraper.py                           0           1  0.04s           2025-09-24T15:16:52
================================================================================
[2025-09-24T15:17:26.638+0000] {manager.py:878} INFO - 
================================================================================
DAG File Processing Stats

File Path                         PID    Runtime      # DAGs    # Errors  Last Runtime    Last Run
--------------------------------  -----  ---------  --------  ----------  --------------  -------------------
/opt/airflow/dags/DAG_scraper.py                           0           1  0.05s           2025-09-24T15:17:22
================================================================================
[2025-09-24T15:17:56.853+0000] {manager.py:878} INFO - 
================================================================================
DAG File Processing Stats

File Path                         PID    Runtime      # DAGs    # Errors  Last Runtime    Last Run
--------------------------------  -----  ---------  --------  ----------  --------------  -------------------
/opt/airflow/dags/DAG_scraper.py                           0           1  0.09s           2025-09-24T15:17:52
================================================================================
[2025-09-24T15:18:27.142+0000] {manager.py:878} INFO - 
================================================================================
DAG File Processing Stats

File Path                         PID    Runtime      # DAGs    # Errors  Last Runtime    Last Run
--------------------------------  -----  ---------  --------  ----------  --------------  -------------------
/opt/airflow/dags/DAG_scraper.py                           0           1  0.05s           2025-09-24T15:18:23
================================================================================
[2025-09-24T15:18:57.457+0000] {manager.py:878} INFO - 
================================================================================
DAG File Processing Stats

File Path                         PID    Runtime      # DAGs    # Errors  Last Runtime    Last Run
--------------------------------  -----  ---------  --------  ----------  --------------  -------------------
/opt/airflow/dags/DAG_scraper.py                           0           1  0.06s           2025-09-24T15:18:53
================================================================================
[2025-09-24T15:19:27.723+0000] {manager.py:878} INFO - 
================================================================================
DAG File Processing Stats

File Path                         PID    Runtime      # DAGs    # Errors  Last Runtime    Last Run
--------------------------------  -----  ---------  --------  ----------  --------------  -------------------
/opt/airflow/dags/DAG_scraper.py                           0           1  0.05s           2025-09-24T15:19:23
================================================================================
[2025-09-24T15:19:51.923+0000] {manager.py:737} INFO - Searching for files in /opt/airflow/dags
[2025-09-24T15:19:51.947+0000] {manager.py:740} INFO - There are 1 files in /opt/airflow/dags
[2025-09-24T15:19:58.039+0000] {manager.py:878} INFO - 
================================================================================
DAG File Processing Stats

File Path                         PID    Runtime      # DAGs    # Errors  Last Runtime    Last Run
--------------------------------  -----  ---------  --------  ----------  --------------  -------------------
/opt/airflow/dags/DAG_scraper.py                           0           1  0.06s           2025-09-24T15:19:54
================================================================================
[2025-09-24T15:20:28.333+0000] {manager.py:878} INFO - 
================================================================================
DAG File Processing Stats

File Path                         PID    Runtime      # DAGs    # Errors  Last Runtime    Last Run
--------------------------------  -----  ---------  --------  ----------  --------------  -------------------
/opt/airflow/dags/DAG_scraper.py                           0           1  0.06s           2025-09-24T15:20:24
================================================================================
[2025-09-24T15:20:58.595+0000] {manager.py:878} INFO - 
================================================================================
DAG File Processing Stats

File Path                         PID    Runtime      # DAGs    # Errors  Last Runtime    Last Run
--------------------------------  -----  ---------  --------  ----------  --------------  -------------------
/opt/airflow/dags/DAG_scraper.py                           0           1  0.05s           2025-09-24T15:20:54
================================================================================
[2025-09-24T15:21:28.885+0000] {manager.py:878} INFO - 
================================================================================
DAG File Processing Stats

File Path                         PID    Runtime      # DAGs    # Errors  Last Runtime    Last Run
--------------------------------  -----  ---------  --------  ----------  --------------  -------------------
/opt/airflow/dags/DAG_scraper.py                           0           1  0.05s           2025-09-24T15:21:24
================================================================================
[2025-09-24T15:21:59.239+0000] {manager.py:878} INFO - 
================================================================================
DAG File Processing Stats

File Path                         PID    Runtime      # DAGs    # Errors  Last Runtime    Last Run
--------------------------------  -----  ---------  --------  ----------  --------------  -------------------
/opt/airflow/dags/DAG_scraper.py                           0           1  0.09s           2025-09-24T15:21:55
================================================================================
[2025-09-24T15:22:29.562+0000] {manager.py:878} INFO - 
================================================================================
DAG File Processing Stats

File Path                         PID    Runtime      # DAGs    # Errors  Last Runtime    Last Run
--------------------------------  -----  ---------  --------  ----------  --------------  -------------------
/opt/airflow/dags/DAG_scraper.py                           0           1  0.06s           2025-09-24T15:22:25
================================================================================
[2025-09-24T15:22:59.919+0000] {manager.py:878} INFO - 
================================================================================
DAG File Processing Stats

File Path                         PID    Runtime      # DAGs    # Errors  Last Runtime    Last Run
--------------------------------  -----  ---------  --------  ----------  --------------  -------------------
/opt/airflow/dags/DAG_scraper.py                           0           1  0.16s           2025-09-24T15:22:55
================================================================================
[2025-09-24T15:23:30.268+0000] {manager.py:878} INFO - 
================================================================================
DAG File Processing Stats

File Path                         PID    Runtime      # DAGs    # Errors  Last Runtime    Last Run
--------------------------------  -----  ---------  --------  ----------  --------------  -------------------
/opt/airflow/dags/DAG_scraper.py                           0           1  0.06s           2025-09-24T15:23:26
================================================================================
[2025-09-24T15:24:00.700+0000] {manager.py:878} INFO - 
================================================================================
DAG File Processing Stats

File Path                         PID    Runtime      # DAGs    # Errors  Last Runtime    Last Run
--------------------------------  -----  ---------  --------  ----------  --------------  -------------------
/opt/airflow/dags/DAG_scraper.py                           0           1  0.21s           2025-09-24T15:23:56
================================================================================
[2025-09-24T15:24:31.095+0000] {manager.py:878} INFO - 
================================================================================
DAG File Processing Stats

File Path                         PID    Runtime      # DAGs    # Errors  Last Runtime    Last Run
--------------------------------  -----  ---------  --------  ----------  --------------  -------------------
/opt/airflow/dags/DAG_scraper.py                           0           1  0.08s           2025-09-24T15:24:27
================================================================================
[2025-09-24T15:24:52.317+0000] {manager.py:737} INFO - Searching for files in /opt/airflow/dags
[2025-09-24T15:24:52.342+0000] {manager.py:740} INFO - There are 1 files in /opt/airflow/dags
[2025-09-24T15:25:01.502+0000] {manager.py:878} INFO - 
================================================================================
DAG File Processing Stats

File Path                         PID    Runtime      # DAGs    # Errors  Last Runtime    Last Run
--------------------------------  -----  ---------  --------  ----------  --------------  -------------------
/opt/airflow/dags/DAG_scraper.py                           0           1  0.08s           2025-09-24T15:24:57
================================================================================
[2025-09-24T15:25:31.866+0000] {manager.py:878} INFO - 
================================================================================
DAG File Processing Stats

File Path                         PID    Runtime      # DAGs    # Errors  Last Runtime    Last Run
--------------------------------  -----  ---------  --------  ----------  --------------  -------------------
/opt/airflow/dags/DAG_scraper.py                           0           1  0.09s           2025-09-24T15:25:27
================================================================================
[2025-09-24T15:26:02.154+0000] {manager.py:878} INFO - 
================================================================================
DAG File Processing Stats

File Path                         PID    Runtime      # DAGs    # Errors  Last Runtime    Last Run
--------------------------------  -----  ---------  --------  ----------  --------------  -------------------
/opt/airflow/dags/DAG_scraper.py                           0           1  0.08s           2025-09-24T15:25:58
================================================================================
[2025-09-24T15:26:32.446+0000] {manager.py:878} INFO - 
================================================================================
DAG File Processing Stats

File Path                         PID    Runtime      # DAGs    # Errors  Last Runtime    Last Run
--------------------------------  -----  ---------  --------  ----------  --------------  -------------------
/opt/airflow/dags/DAG_scraper.py                           0           1  0.05s           2025-09-24T15:26:28
================================================================================
[2025-09-24T15:27:02.752+0000] {manager.py:878} INFO - 
================================================================================
DAG File Processing Stats

File Path                         PID    Runtime      # DAGs    # Errors  Last Runtime    Last Run
--------------------------------  -----  ---------  --------  ----------  --------------  -------------------
/opt/airflow/dags/DAG_scraper.py                           0           1  0.06s           2025-09-24T15:26:58
================================================================================
[2025-09-24T15:27:33.066+0000] {manager.py:878} INFO - 
================================================================================
DAG File Processing Stats

File Path                         PID    Runtime      # DAGs    # Errors  Last Runtime    Last Run
--------------------------------  -----  ---------  --------  ----------  --------------  -------------------
/opt/airflow/dags/DAG_scraper.py                           0           1  0.06s           2025-09-24T15:27:29
================================================================================
[2025-09-24T15:28:03.389+0000] {manager.py:878} INFO - 
================================================================================
DAG File Processing Stats

File Path                         PID    Runtime      # DAGs    # Errors  Last Runtime    Last Run
--------------------------------  -----  ---------  --------  ----------  --------------  -------------------
/opt/airflow/dags/DAG_scraper.py                           0           1  0.08s           2025-09-24T15:27:59
================================================================================
[2025-09-24T15:28:33.713+0000] {manager.py:878} INFO - 
================================================================================
DAG File Processing Stats

File Path                         PID    Runtime      # DAGs    # Errors  Last Runtime    Last Run
--------------------------------  -----  ---------  --------  ----------  --------------  -------------------
/opt/airflow/dags/DAG_scraper.py                           0           1  0.08s           2025-09-24T15:28:29
================================================================================
[2025-09-24T15:29:04.033+0000] {manager.py:878} INFO - 
================================================================================
DAG File Processing Stats

File Path                         PID    Runtime      # DAGs    # Errors  Last Runtime    Last Run
--------------------------------  -----  ---------  --------  ----------  --------------  -------------------
/opt/airflow/dags/DAG_scraper.py                           0           1  0.07s           2025-09-24T15:29:00
================================================================================
[2025-09-24T15:29:34.383+0000] {manager.py:878} INFO - 
================================================================================
DAG File Processing Stats

File Path                         PID    Runtime      # DAGs    # Errors  Last Runtime    Last Run
--------------------------------  -----  ---------  --------  ----------  --------------  -------------------
/opt/airflow/dags/DAG_scraper.py                           0           1  0.08s           2025-09-24T15:29:30
================================================================================
[2025-09-24T15:29:52.547+0000] {manager.py:737} INFO - Searching for files in /opt/airflow/dags
[2025-09-24T15:29:52.570+0000] {manager.py:740} INFO - There are 1 files in /opt/airflow/dags
[2025-09-24T15:30:04.722+0000] {manager.py:878} INFO - 
================================================================================
DAG File Processing Stats

File Path                         PID    Runtime      # DAGs    # Errors  Last Runtime    Last Run
--------------------------------  -----  ---------  --------  ----------  --------------  -------------------
/opt/airflow/dags/DAG_scraper.py                           0           1  0.06s           2025-09-24T15:30:00
================================================================================
[2025-09-24T15:30:35.059+0000] {manager.py:878} INFO - 
================================================================================
DAG File Processing Stats

File Path                         PID    Runtime      # DAGs    # Errors  Last Runtime    Last Run
--------------------------------  -----  ---------  --------  ----------  --------------  -------------------
/opt/airflow/dags/DAG_scraper.py                           0           1  0.09s           2025-09-24T15:30:31
================================================================================
[2025-09-24T15:31:05.371+0000] {manager.py:878} INFO - 
================================================================================
DAG File Processing Stats

File Path                         PID    Runtime      # DAGs    # Errors  Last Runtime    Last Run
--------------------------------  -----  ---------  --------  ----------  --------------  -------------------
/opt/airflow/dags/DAG_scraper.py                           0           1  0.06s           2025-09-24T15:31:01
================================================================================
[2025-09-24T15:31:35.696+0000] {manager.py:878} INFO - 
================================================================================
DAG File Processing Stats

File Path                         PID    Runtime      # DAGs    # Errors  Last Runtime    Last Run
--------------------------------  -----  ---------  --------  ----------  --------------  -------------------
/opt/airflow/dags/DAG_scraper.py                           0           1  0.06s           2025-09-24T15:31:31
================================================================================
[2025-09-24T15:32:06.038+0000] {manager.py:878} INFO - 
================================================================================
DAG File Processing Stats

File Path                         PID    Runtime      # DAGs    # Errors  Last Runtime    Last Run
--------------------------------  -----  ---------  --------  ----------  --------------  -------------------
/opt/airflow/dags/DAG_scraper.py                           0           1  0.06s           2025-09-24T15:32:02
================================================================================
[2025-09-24T15:32:36.378+0000] {manager.py:878} INFO - 
================================================================================
DAG File Processing Stats

File Path                         PID    Runtime      # DAGs    # Errors  Last Runtime    Last Run
--------------------------------  -----  ---------  --------  ----------  --------------  -------------------
/opt/airflow/dags/DAG_scraper.py                           0           1  0.08s           2025-09-24T15:32:32
================================================================================
[2025-09-24T15:33:06.628+0000] {manager.py:878} INFO - 
================================================================================
DAG File Processing Stats

File Path                         PID    Runtime      # DAGs    # Errors  Last Runtime    Last Run
--------------------------------  -----  ---------  --------  ----------  --------------  -------------------
/opt/airflow/dags/DAG_scraper.py                           0           1  0.07s           2025-09-24T15:33:02
================================================================================
[2025-09-24T15:33:36.938+0000] {manager.py:878} INFO - 
================================================================================
DAG File Processing Stats

File Path                         PID    Runtime      # DAGs    # Errors  Last Runtime    Last Run
--------------------------------  -----  ---------  --------  ----------  --------------  -------------------
/opt/airflow/dags/DAG_scraper.py                           0           1  0.07s           2025-09-24T15:33:32
================================================================================
[2025-09-24T15:34:07.238+0000] {manager.py:878} INFO - 
================================================================================
DAG File Processing Stats

File Path                         PID    Runtime      # DAGs    # Errors  Last Runtime    Last Run
--------------------------------  -----  ---------  --------  ----------  --------------  -------------------
/opt/airflow/dags/DAG_scraper.py                           0           1  0.06s           2025-09-24T15:34:03
================================================================================
[2025-09-24T15:34:37.532+0000] {manager.py:878} INFO - 
================================================================================
DAG File Processing Stats

File Path                         PID    Runtime      # DAGs    # Errors  Last Runtime    Last Run
--------------------------------  -----  ---------  --------  ----------  --------------  -------------------
/opt/airflow/dags/DAG_scraper.py                           0           1  0.07s           2025-09-24T15:34:33
================================================================================
[2025-09-24T15:34:52.665+0000] {manager.py:737} INFO - Searching for files in /opt/airflow/dags
[2025-09-24T15:34:52.688+0000] {manager.py:740} INFO - There are 1 files in /opt/airflow/dags
[2025-09-24T15:35:07.876+0000] {manager.py:878} INFO - 
================================================================================
DAG File Processing Stats

File Path                         PID    Runtime      # DAGs    # Errors  Last Runtime    Last Run
--------------------------------  -----  ---------  --------  ----------  --------------  -------------------
/opt/airflow/dags/DAG_scraper.py                           0           1  0.09s           2025-09-24T15:35:03
================================================================================
[2025-09-24T15:35:38.207+0000] {manager.py:878} INFO - 
================================================================================
DAG File Processing Stats

File Path                         PID    Runtime      # DAGs    # Errors  Last Runtime    Last Run
--------------------------------  -----  ---------  --------  ----------  --------------  -------------------
/opt/airflow/dags/DAG_scraper.py                           0           1  0.08s           2025-09-24T15:35:34
================================================================================
[2025-09-24T15:36:08.509+0000] {manager.py:878} INFO - 
================================================================================
DAG File Processing Stats

File Path                         PID    Runtime      # DAGs    # Errors  Last Runtime    Last Run
--------------------------------  -----  ---------  --------  ----------  --------------  -------------------
/opt/airflow/dags/DAG_scraper.py                           0           1  0.06s           2025-09-24T15:36:04
================================================================================
[2025-09-24T15:36:38.780+0000] {manager.py:878} INFO - 
================================================================================
DAG File Processing Stats

File Path                         PID    Runtime      # DAGs    # Errors  Last Runtime    Last Run
--------------------------------  -----  ---------  --------  ----------  --------------  -------------------
/opt/airflow/dags/DAG_scraper.py                           0           1  0.03s           2025-09-24T15:36:34
================================================================================
[2025-09-24T15:37:09.088+0000] {manager.py:878} INFO - 
================================================================================
DAG File Processing Stats

File Path                         PID    Runtime      # DAGs    # Errors  Last Runtime    Last Run
--------------------------------  -----  ---------  --------  ----------  --------------  -------------------
/opt/airflow/dags/DAG_scraper.py                           0           1  0.06s           2025-09-24T15:37:05
================================================================================
[2025-09-24T15:37:39.390+0000] {manager.py:878} INFO - 
================================================================================
DAG File Processing Stats

File Path                         PID    Runtime      # DAGs    # Errors  Last Runtime    Last Run
--------------------------------  -----  ---------  --------  ----------  --------------  -------------------
/opt/airflow/dags/DAG_scraper.py                           0           1  0.05s           2025-09-24T15:37:35
================================================================================
[2025-09-24T15:38:09.701+0000] {manager.py:878} INFO - 
================================================================================
DAG File Processing Stats

File Path                         PID    Runtime      # DAGs    # Errors  Last Runtime    Last Run
--------------------------------  -----  ---------  --------  ----------  --------------  -------------------
/opt/airflow/dags/DAG_scraper.py                           0           1  0.06s           2025-09-24T15:38:05
================================================================================
[2025-09-24T15:38:40.007+0000] {manager.py:878} INFO - 
================================================================================
DAG File Processing Stats

File Path                         PID    Runtime      # DAGs    # Errors  Last Runtime    Last Run
--------------------------------  -----  ---------  --------  ----------  --------------  -------------------
/opt/airflow/dags/DAG_scraper.py                           0           1  0.04s           2025-09-24T15:38:35
================================================================================
[2025-09-24T15:39:10.297+0000] {manager.py:878} INFO - 
================================================================================
DAG File Processing Stats

File Path                         PID    Runtime      # DAGs    # Errors  Last Runtime    Last Run
--------------------------------  -----  ---------  --------  ----------  --------------  -------------------
/opt/airflow/dags/DAG_scraper.py                           0           1  0.03s           2025-09-24T15:39:06
================================================================================
[2025-09-24T15:39:40.634+0000] {manager.py:878} INFO - 
================================================================================
DAG File Processing Stats

File Path                         PID    Runtime      # DAGs    # Errors  Last Runtime    Last Run
--------------------------------  -----  ---------  --------  ----------  --------------  -------------------
/opt/airflow/dags/DAG_scraper.py                           0           1  0.10s           2025-09-24T15:39:36
================================================================================
[2025-09-24T15:39:52.748+0000] {manager.py:737} INFO - Searching for files in /opt/airflow/dags
[2025-09-24T15:39:52.760+0000] {manager.py:740} INFO - There are 1 files in /opt/airflow/dags
[2025-09-24T15:40:10.958+0000] {manager.py:878} INFO - 
================================================================================
DAG File Processing Stats

File Path                         PID    Runtime      # DAGs    # Errors  Last Runtime    Last Run
--------------------------------  -----  ---------  --------  ----------  --------------  -------------------
/opt/airflow/dags/DAG_scraper.py                           0           1  0.05s           2025-09-24T15:40:06
================================================================================
[2025-09-24T15:40:41.257+0000] {manager.py:878} INFO - 
================================================================================
DAG File Processing Stats

File Path                         PID    Runtime      # DAGs    # Errors  Last Runtime    Last Run
--------------------------------  -----  ---------  --------  ----------  --------------  -------------------
/opt/airflow/dags/DAG_scraper.py                           0           1  0.06s           2025-09-24T15:40:37
================================================================================
[2025-09-24T15:41:11.599+0000] {manager.py:878} INFO - 
================================================================================
DAG File Processing Stats

File Path                         PID    Runtime      # DAGs    # Errors  Last Runtime    Last Run
--------------------------------  -----  ---------  --------  ----------  --------------  -------------------
/opt/airflow/dags/DAG_scraper.py                           0           1  0.10s           2025-09-24T15:41:07
================================================================================
[2025-09-24T15:41:41.919+0000] {manager.py:878} INFO - 
================================================================================
DAG File Processing Stats

File Path                         PID    Runtime      # DAGs    # Errors  Last Runtime    Last Run
--------------------------------  -----  ---------  --------  ----------  --------------  -------------------
/opt/airflow/dags/DAG_scraper.py                           0           1  0.07s           2025-09-24T15:41:37
================================================================================
[2025-09-24T15:42:12.265+0000] {manager.py:878} INFO - 
================================================================================
DAG File Processing Stats

File Path                         PID    Runtime      # DAGs    # Errors  Last Runtime    Last Run
--------------------------------  -----  ---------  --------  ----------  --------------  -------------------
/opt/airflow/dags/DAG_scraper.py                           0           1  0.07s           2025-09-24T15:42:08
================================================================================
[2025-09-24T15:42:42.575+0000] {manager.py:878} INFO - 
================================================================================
DAG File Processing Stats

File Path                         PID    Runtime      # DAGs    # Errors  Last Runtime    Last Run
--------------------------------  -----  ---------  --------  ----------  --------------  -------------------
/opt/airflow/dags/DAG_scraper.py                           0           1  0.07s           2025-09-24T15:42:38
================================================================================
[2025-09-24T15:43:12.913+0000] {manager.py:878} INFO - 
================================================================================
DAG File Processing Stats

File Path                         PID    Runtime      # DAGs    # Errors  Last Runtime    Last Run
--------------------------------  -----  ---------  --------  ----------  --------------  -------------------
/opt/airflow/dags/DAG_scraper.py                           0           1  0.06s           2025-09-24T15:43:08
================================================================================
[2025-09-24T15:43:43.310+0000] {manager.py:878} INFO - 
================================================================================
DAG File Processing Stats

File Path                         PID    Runtime      # DAGs    # Errors  Last Runtime    Last Run
--------------------------------  -----  ---------  --------  ----------  --------------  -------------------
/opt/airflow/dags/DAG_scraper.py                           0           1  0.09s           2025-09-24T15:43:39
================================================================================
[2025-09-24T15:44:13.603+0000] {manager.py:878} INFO - 
================================================================================
DAG File Processing Stats

File Path                         PID    Runtime      # DAGs    # Errors  Last Runtime    Last Run
--------------------------------  -----  ---------  --------  ----------  --------------  -------------------
/opt/airflow/dags/DAG_scraper.py                           0           1  0.06s           2025-09-24T15:44:09
================================================================================
[2025-09-24T15:44:43.919+0000] {manager.py:878} INFO - 
================================================================================
DAG File Processing Stats

File Path                         PID    Runtime      # DAGs    # Errors  Last Runtime    Last Run
--------------------------------  -----  ---------  --------  ----------  --------------  -------------------
/opt/airflow/dags/DAG_scraper.py                           0           1  0.06s           2025-09-24T15:44:39
================================================================================
[2025-09-24T15:44:53.007+0000] {manager.py:737} INFO - Searching for files in /opt/airflow/dags
[2025-09-24T15:44:53.026+0000] {manager.py:740} INFO - There are 1 files in /opt/airflow/dags
[2025-09-24T15:45:14.268+0000] {manager.py:878} INFO - 
================================================================================
DAG File Processing Stats

File Path                         PID    Runtime      # DAGs    # Errors  Last Runtime    Last Run
--------------------------------  -----  ---------  --------  ----------  --------------  -------------------
/opt/airflow/dags/DAG_scraper.py                           0           1  0.06s           2025-09-24T15:45:10
================================================================================
[2025-09-24T15:45:44.567+0000] {manager.py:878} INFO - 
================================================================================
DAG File Processing Stats

File Path                         PID    Runtime      # DAGs    # Errors  Last Runtime    Last Run
--------------------------------  -----  ---------  --------  ----------  --------------  -------------------
/opt/airflow/dags/DAG_scraper.py                           0           1  0.04s           2025-09-24T15:45:40
================================================================================
[2025-09-24T15:46:14.918+0000] {manager.py:878} INFO - 
================================================================================
DAG File Processing Stats

File Path                         PID    Runtime      # DAGs    # Errors  Last Runtime    Last Run
--------------------------------  -----  ---------  --------  ----------  --------------  -------------------
/opt/airflow/dags/DAG_scraper.py                           0           1  0.07s           2025-09-24T15:46:10
================================================================================
[2025-09-24T16:18:14.595+0000] {manager.py:737} INFO - Searching for files in /opt/airflow/dags
[2025-09-24T16:18:14.610+0000] {manager.py:740} INFO - There are 1 files in /opt/airflow/dags
[2025-09-24T16:18:37.827+0000] {manager.py:878} INFO - 
================================================================================
DAG File Processing Stats

File Path                         PID    Runtime      # DAGs    # Errors  Last Runtime    Last Run
--------------------------------  -----  ---------  --------  ----------  --------------  -------------------
/opt/airflow/dags/DAG_scraper.py                           0           1  0.03s           2025-09-24T16:18:14
================================================================================
[2025-09-24T16:19:08.097+0000] {manager.py:878} INFO - 
================================================================================
DAG File Processing Stats

File Path                         PID    Runtime      # DAGs    # Errors  Last Runtime    Last Run
--------------------------------  -----  ---------  --------  ----------  --------------  -------------------
/opt/airflow/dags/DAG_scraper.py                           0           1  0.05s           2025-09-24T16:18:44
================================================================================
[2025-09-24T16:19:38.343+0000] {manager.py:878} INFO - 
================================================================================
DAG File Processing Stats

File Path                         PID    Runtime      # DAGs    # Errors  Last Runtime    Last Run
--------------------------------  -----  ---------  --------  ----------  --------------  -------------------
/opt/airflow/dags/DAG_scraper.py                           0           1  0.05s           2025-09-24T16:19:15
================================================================================
[2025-09-24T16:20:08.608+0000] {manager.py:878} INFO - 
================================================================================
DAG File Processing Stats

File Path                         PID    Runtime      # DAGs    # Errors  Last Runtime    Last Run
--------------------------------  -----  ---------  --------  ----------  --------------  -------------------
/opt/airflow/dags/DAG_scraper.py                           0           1  0.08s           2025-09-24T16:19:45
================================================================================
[2025-09-24T16:20:38.892+0000] {manager.py:878} INFO - 
================================================================================
DAG File Processing Stats

File Path                         PID    Runtime      # DAGs    # Errors  Last Runtime    Last Run
--------------------------------  -----  ---------  --------  ----------  --------------  -------------------
/opt/airflow/dags/DAG_scraper.py                           0           1  0.04s           2025-09-24T16:20:15
================================================================================
[2025-09-24T16:21:09.147+0000] {manager.py:878} INFO - 
================================================================================
DAG File Processing Stats

File Path                         PID    Runtime      # DAGs    # Errors  Last Runtime    Last Run
--------------------------------  -----  ---------  --------  ----------  --------------  -------------------
/opt/airflow/dags/DAG_scraper.py                           0           1  0.05s           2025-09-24T16:20:46
================================================================================
[2025-09-24T16:21:39.468+0000] {manager.py:878} INFO - 
================================================================================
DAG File Processing Stats

File Path                         PID    Runtime      # DAGs    # Errors  Last Runtime    Last Run
--------------------------------  -----  ---------  --------  ----------  --------------  -------------------
/opt/airflow/dags/DAG_scraper.py                           0           1  0.05s           2025-09-24T16:21:16
================================================================================
[2025-09-24T16:22:09.785+0000] {manager.py:878} INFO - 
================================================================================
DAG File Processing Stats

File Path                         PID    Runtime      # DAGs    # Errors  Last Runtime    Last Run
--------------------------------  -----  ---------  --------  ----------  --------------  -------------------
/opt/airflow/dags/DAG_scraper.py                           0           1  0.08s           2025-09-24T16:21:46
================================================================================
[2025-09-24T16:22:40.098+0000] {manager.py:878} INFO - 
================================================================================
DAG File Processing Stats

File Path                         PID    Runtime      # DAGs    # Errors  Last Runtime    Last Run
--------------------------------  -----  ---------  --------  ----------  --------------  -------------------
/opt/airflow/dags/DAG_scraper.py                           0           1  0.04s           2025-09-24T16:22:16
================================================================================
[2025-09-24T16:23:10.449+0000] {manager.py:878} INFO - 
================================================================================
DAG File Processing Stats

File Path                         PID    Runtime      # DAGs    # Errors  Last Runtime    Last Run
--------------------------------  -----  ---------  --------  ----------  --------------  -------------------
/opt/airflow/dags/DAG_scraper.py                           0           1  0.07s           2025-09-24T16:22:47
================================================================================
[2025-09-24T16:23:15.518+0000] {manager.py:737} INFO - Searching for files in /opt/airflow/dags
[2025-09-24T16:23:15.547+0000] {manager.py:740} INFO - There are 1 files in /opt/airflow/dags
[2025-09-24T16:23:40.864+0000] {manager.py:878} INFO - 
================================================================================
DAG File Processing Stats

File Path                         PID    Runtime      # DAGs    # Errors  Last Runtime    Last Run
--------------------------------  -----  ---------  --------  ----------  --------------  -------------------
/opt/airflow/dags/DAG_scraper.py                           0           1  0.09s           2025-09-24T16:23:17
================================================================================
[2025-09-24T16:24:11.205+0000] {manager.py:878} INFO - 
================================================================================
DAG File Processing Stats

File Path                         PID    Runtime      # DAGs    # Errors  Last Runtime    Last Run
--------------------------------  -----  ---------  --------  ----------  --------------  -------------------
/opt/airflow/dags/DAG_scraper.py                           0           1  0.09s           2025-09-24T16:23:48
================================================================================
[2025-09-24T16:24:41.534+0000] {manager.py:878} INFO - 
================================================================================
DAG File Processing Stats

File Path                         PID    Runtime      # DAGs    # Errors  Last Runtime    Last Run
--------------------------------  -----  ---------  --------  ----------  --------------  -------------------
/opt/airflow/dags/DAG_scraper.py                           0           1  0.07s           2025-09-24T16:24:18
================================================================================
[2025-09-24T16:25:11.894+0000] {manager.py:878} INFO - 
================================================================================
DAG File Processing Stats

File Path                         PID    Runtime      # DAGs    # Errors  Last Runtime    Last Run
--------------------------------  -----  ---------  --------  ----------  --------------  -------------------
/opt/airflow/dags/DAG_scraper.py                           0           1  0.07s           2025-09-24T16:24:48
================================================================================
[2025-09-24T16:25:42.242+0000] {manager.py:878} INFO - 
================================================================================
DAG File Processing Stats

File Path                         PID    Runtime      # DAGs    # Errors  Last Runtime    Last Run
--------------------------------  -----  ---------  --------  ----------  --------------  -------------------
/opt/airflow/dags/DAG_scraper.py                           0           1  0.08s           2025-09-24T16:25:19
================================================================================
[2025-09-24T16:26:12.543+0000] {manager.py:878} INFO - 
================================================================================
DAG File Processing Stats

File Path                         PID    Runtime      # DAGs    # Errors  Last Runtime    Last Run
--------------------------------  -----  ---------  --------  ----------  --------------  -------------------
/opt/airflow/dags/DAG_scraper.py                           0           1  0.10s           2025-09-24T16:25:49
================================================================================
[2025-09-24T16:26:42.848+0000] {manager.py:878} INFO - 
================================================================================
DAG File Processing Stats

File Path                         PID    Runtime      # DAGs    # Errors  Last Runtime    Last Run
--------------------------------  -----  ---------  --------  ----------  --------------  -------------------
/opt/airflow/dags/DAG_scraper.py                           0           1  0.05s           2025-09-24T16:26:19
================================================================================
[2025-09-24T16:27:13.185+0000] {manager.py:878} INFO - 
================================================================================
DAG File Processing Stats

File Path                         PID    Runtime      # DAGs    # Errors  Last Runtime    Last Run
--------------------------------  -----  ---------  --------  ----------  --------------  -------------------
/opt/airflow/dags/DAG_scraper.py                           0           1  0.07s           2025-09-24T16:26:50
================================================================================
[2025-09-24T16:27:43.501+0000] {manager.py:878} INFO - 
================================================================================
DAG File Processing Stats

File Path                         PID    Runtime      # DAGs    # Errors  Last Runtime    Last Run
--------------------------------  -----  ---------  --------  ----------  --------------  -------------------
/opt/airflow/dags/DAG_scraper.py                           0           1  0.08s           2025-09-24T16:27:20
================================================================================
[2025-09-24T16:28:13.793+0000] {manager.py:878} INFO - 
================================================================================
DAG File Processing Stats

File Path                         PID    Runtime      # DAGs    # Errors  Last Runtime    Last Run
--------------------------------  -----  ---------  --------  ----------  --------------  -------------------
/opt/airflow/dags/DAG_scraper.py                           0           1  0.07s           2025-09-24T16:27:50
================================================================================
[2025-09-24T16:28:15.803+0000] {manager.py:737} INFO - Searching for files in /opt/airflow/dags
[2025-09-24T16:28:15.828+0000] {manager.py:740} INFO - There are 1 files in /opt/airflow/dags
[2025-09-24T16:28:44.187+0000] {manager.py:878} INFO - 
================================================================================
DAG File Processing Stats

File Path                         PID    Runtime      # DAGs    # Errors  Last Runtime    Last Run
--------------------------------  -----  ---------  --------  ----------  --------------  -------------------
/opt/airflow/dags/DAG_scraper.py                           0           1  0.08s           2025-09-24T16:28:20
================================================================================
[2025-09-24T16:29:14.544+0000] {manager.py:878} INFO - 
================================================================================
DAG File Processing Stats

File Path                         PID    Runtime      # DAGs    # Errors  Last Runtime    Last Run
--------------------------------  -----  ---------  --------  ----------  --------------  -------------------
/opt/airflow/dags/DAG_scraper.py                           0           1  0.09s           2025-09-24T16:28:51
================================================================================
[2025-09-24T16:29:44.866+0000] {manager.py:878} INFO - 
================================================================================
DAG File Processing Stats

File Path                         PID    Runtime      # DAGs    # Errors  Last Runtime    Last Run
--------------------------------  -----  ---------  --------  ----------  --------------  -------------------
/opt/airflow/dags/DAG_scraper.py                           0           1  0.06s           2025-09-24T16:29:21
================================================================================
[2025-09-24T16:30:15.217+0000] {manager.py:878} INFO - 
================================================================================
DAG File Processing Stats

File Path                         PID    Runtime      # DAGs    # Errors  Last Runtime    Last Run
--------------------------------  -----  ---------  --------  ----------  --------------  -------------------
/opt/airflow/dags/DAG_scraper.py                           0           1  0.09s           2025-09-24T16:29:52
================================================================================
[2025-09-24T16:30:45.543+0000] {manager.py:878} INFO - 
================================================================================
DAG File Processing Stats

File Path                         PID    Runtime      # DAGs    # Errors  Last Runtime    Last Run
--------------------------------  -----  ---------  --------  ----------  --------------  -------------------
/opt/airflow/dags/DAG_scraper.py                           0           1  0.06s           2025-09-24T16:30:22
================================================================================
[2025-09-24T16:31:15.864+0000] {manager.py:878} INFO - 
================================================================================
DAG File Processing Stats

File Path                         PID    Runtime      # DAGs    # Errors  Last Runtime    Last Run
--------------------------------  -----  ---------  --------  ----------  --------------  -------------------
/opt/airflow/dags/DAG_scraper.py                           0           1  0.09s           2025-09-24T16:30:52
================================================================================
[2025-09-24T16:31:46.202+0000] {manager.py:878} INFO - 
================================================================================
DAG File Processing Stats

File Path                         PID    Runtime      # DAGs    # Errors  Last Runtime    Last Run
--------------------------------  -----  ---------  --------  ----------  --------------  -------------------
/opt/airflow/dags/DAG_scraper.py                           0           1  0.06s           2025-09-24T16:31:23
================================================================================
[2025-09-24T16:32:16.543+0000] {manager.py:878} INFO - 
================================================================================
DAG File Processing Stats

File Path                         PID    Runtime      # DAGs    # Errors  Last Runtime    Last Run
--------------------------------  -----  ---------  --------  ----------  --------------  -------------------
/opt/airflow/dags/DAG_scraper.py                           0           1  0.09s           2025-09-24T16:31:53
================================================================================
[2025-09-24T16:32:46.893+0000] {manager.py:878} INFO - 
================================================================================
DAG File Processing Stats

File Path                         PID    Runtime      # DAGs    # Errors  Last Runtime    Last Run
--------------------------------  -----  ---------  --------  ----------  --------------  -------------------
/opt/airflow/dags/DAG_scraper.py                           0           1  0.07s           2025-09-24T16:32:23
================================================================================
[2025-09-24T16:33:16.215+0000] {manager.py:737} INFO - Searching for files in /opt/airflow/dags
[2025-09-24T16:33:16.239+0000] {manager.py:740} INFO - There are 1 files in /opt/airflow/dags
[2025-09-24T16:33:17.262+0000] {manager.py:878} INFO - 
================================================================================
DAG File Processing Stats

File Path                         PID    Runtime      # DAGs    # Errors  Last Runtime    Last Run
--------------------------------  -----  ---------  --------  ----------  --------------  -------------------
/opt/airflow/dags/DAG_scraper.py                           0           1  0.08s           2025-09-24T16:32:54
================================================================================
[2025-09-24T16:33:40.776+0000] {manager.py:452} INFO - Exiting gracefully upon receiving signal 15
